solid OpenSCAD_Model
  facet normal 0.923888 0.382663 0
    outer loop
      vertex 29.8098 22.5334 24
      vertex 29.5564 23.1452 0
      vertex 29.5564 23.1452 24
    endloop
  endfacet
  facet normal 0.923888 0.382663 0
    outer loop
      vertex 29.5564 23.1452 0
      vertex 29.8098 22.5334 24
      vertex 29.8098 22.5334 0
    endloop
  endfacet
  facet normal 0.996913 0.078509 0
    outer loop
      vertex 30.6327 18.662 24
      vertex 30.5807 19.3223 0
      vertex 30.5807 19.3223 24
    endloop
  endfacet
  facet normal 0.996913 0.078509 0
    outer loop
      vertex 30.5807 19.3223 0
      vertex 30.6327 18.662 24
      vertex 30.6327 18.662 0
    endloop
  endfacet
  facet normal 0.999659 0.026124 0
    outer loop
      vertex 30.65 18 24
      vertex 30.6327 18.662 0
      vertex 30.6327 18.662 24
    endloop
  endfacet
  facet normal 0.999659 0.026124 0
    outer loop
      vertex 30.6327 18.662 0
      vertex 30.65 18 24
      vertex 30.65 18 0
    endloop
  endfacet
  facet normal -0.284021 -0.958818 0
    outer loop
      vertex 14.0909 5.96914 0
      vertex 14.7259 5.78104 21.4
      vertex 14.0909 5.96914 21.4
    endloop
  endfacet
  facet normal -0.284021 -0.958818 -0
    outer loop
      vertex 14.7259 5.78104 21.4
      vertex 14.0909 5.96914 0
      vertex 14.7259 5.78104 0
    endloop
  endfacet
  facet normal -0.333799 -0.942644 0
    outer loop
      vertex 13.4666 6.19021 0
      vertex 14.0909 5.96914 21.4
      vertex 13.4666 6.19021 21.4
    endloop
  endfacet
  facet normal -0.333799 -0.942644 -0
    outer loop
      vertex 14.0909 5.96914 21.4
      vertex 13.4666 6.19021 0
      vertex 14.0909 5.96914 0
    endloop
  endfacet
  facet normal 0.983253 -0.182246 0
    outer loop
      vertex 30.3736 15.3699 24
      vertex 30.4943 16.0211 0
      vertex 30.4943 16.0211 24
    endloop
  endfacet
  facet normal 0.983253 -0.182246 0
    outer loop
      vertex 30.4943 16.0211 0
      vertex 30.3736 15.3699 24
      vertex 30.3736 15.3699 0
    endloop
  endfacet
  facet normal -0.793349 0.608768 0
    outer loop
      vertex 7.76594 25.4355 0
      vertex 8.1691 25.9609 24
      vertex 8.1691 25.9609 0
    endloop
  endfacet
  facet normal -0.793349 0.608768 0
    outer loop
      vertex 8.1691 25.9609 24
      vertex 7.76594 25.4355 0
      vertex 7.76594 25.4355 24
    endloop
  endfacet
  facet normal 0.0261844 -0.999657 0
    outer loop
      vertex 18 5.35 0
      vertex 18.662 5.36734 24
      vertex 18 5.35 24
    endloop
  endfacet
  facet normal 0.0261844 -0.999657 0
    outer loop
      vertex 18.662 5.36734 24
      vertex 18 5.35 0
      vertex 18.662 5.36734 0
    endloop
  endfacet
  facet normal -0.942644 0.333799 0
    outer loop
      vertex 5.96914 21.9091 0
      vertex 6.19021 22.5334 24
      vertex 6.19021 22.5334 0
    endloop
  endfacet
  facet normal -0.942644 0.333799 0
    outer loop
      vertex 6.19021 22.5334 24
      vertex 5.96914 21.9091 0
      vertex 5.96914 21.9091 24
    endloop
  endfacet
  facet normal 0.79332 -0.608806 0
    outer loop
      vertex 27.8309 10.0391 24
      vertex 28.2341 10.5645 0
      vertex 28.2341 10.5645 24
    endloop
  endfacet
  facet normal 0.79332 -0.608806 0
    outer loop
      vertex 28.2341 10.5645 0
      vertex 27.8309 10.0391 24
      vertex 27.8309 10.0391 0
    endloop
  endfacet
  facet normal 0.182246 0.983253 -0
    outer loop
      vertex 20.6301 30.3736 0
      vertex 19.9789 30.4943 24
      vertex 20.6301 30.3736 24
    endloop
  endfacet
  facet normal 0.182246 0.983253 0
    outer loop
      vertex 19.9789 30.4943 24
      vertex 20.6301 30.3736 0
      vertex 19.9789 30.4943 0
    endloop
  endfacet
  facet normal -0.958818 0.284021 0
    outer loop
      vertex 5.78104 21.2741 0
      vertex 5.96914 21.9091 24
      vertex 5.96914 21.9091 0
    endloop
  endfacet
  facet normal -0.958818 0.284021 0
    outer loop
      vertex 5.96914 21.9091 24
      vertex 5.78104 21.2741 0
      vertex 5.78104 21.2741 24
    endloop
  endfacet
  facet normal 0.078449 -0.996918 0
    outer loop
      vertex 18.662 5.36734 0
      vertex 19.3223 5.4193 24
      vertex 18.662 5.36734 24
    endloop
  endfacet
  facet normal 0.078449 -0.996918 0
    outer loop
      vertex 19.3223 5.4193 24
      vertex 18.662 5.36734 0
      vertex 19.3223 5.4193 0
    endloop
  endfacet
  facet normal -0.608768 -0.793349 0
    outer loop
      vertex 10.0391 8.1691 0
      vertex 10.5645 7.76594 24
      vertex 10.0391 8.1691 24
    endloop
  endfacet
  facet normal -0.608768 -0.793349 -0
    outer loop
      vertex 10.5645 7.76594 24
      vertex 10.0391 8.1691 0
      vertex 10.5645 7.76594 0
    endloop
  endfacet
  facet normal -0.97237 0.233444 0
    outer loop
      vertex 5.62643 20.6301 0
      vertex 5.78104 21.2741 24
      vertex 5.78104 21.2741 0
    endloop
  endfacet
  facet normal -0.97237 0.233444 0
    outer loop
      vertex 5.78104 21.2741 24
      vertex 5.62643 20.6301 0
      vertex 5.62643 20.6301 24
    endloop
  endfacet
  facet normal -0.942644 -0.333799 0
    outer loop
      vertex 6.19021 13.4666 0
      vertex 5.96914 14.0909 24
      vertex 5.96914 14.0909 0
    endloop
  endfacet
  facet normal -0.942644 -0.333799 0
    outer loop
      vertex 5.96914 14.0909 24
      vertex 6.19021 13.4666 0
      vertex 6.19021 13.4666 24
    endloop
  endfacet
  facet normal 0.983253 0.182246 0
    outer loop
      vertex 30.4943 19.9789 24
      vertex 30.3736 20.6301 0
      vertex 30.3736 20.6301 24
    endloop
  endfacet
  facet normal 0.983253 0.182246 0
    outer loop
      vertex 30.3736 20.6301 0
      vertex 30.4943 19.9789 24
      vertex 30.4943 19.9789 0
    endloop
  endfacet
  facet normal -0.852646 -0.522489 0
    outer loop
      vertex 7.39082 11.1103 0
      vertex 7.04478 11.675 2
      vertex 7.04478 11.675 0
    endloop
  endfacet
  facet normal -0.852646 -0.522489 0
    outer loop
      vertex 7.04478 11.675 2
      vertex 7.39082 11.1103 0
      vertex 7.39082 11.1103 2
    endloop
  endfacet
  facet normal 0.333799 -0.942644 0
    outer loop
      vertex 21.9091 5.96914 0
      vertex 22.5334 6.19021 21.4
      vertex 21.9091 5.96914 21.4
    endloop
  endfacet
  facet normal 0.333799 -0.942644 0
    outer loop
      vertex 22.5334 6.19021 21.4
      vertex 21.9091 5.96914 0
      vertex 22.5334 6.19021 0
    endloop
  endfacet
  facet normal 0.991453 -0.130462 0
    outer loop
      vertex 30.4943 16.0211 24
      vertex 30.5807 16.6777 0
      vertex 30.5807 16.6777 24
    endloop
  endfacet
  facet normal 0.991453 -0.130462 0
    outer loop
      vertex 30.5807 16.6777 0
      vertex 30.4943 16.0211 24
      vertex 30.4943 16.0211 0
    endloop
  endfacet
  facet normal 0.43059 0.902548 -0
    outer loop
      vertex 23.743 29.2712 0
      vertex 23.1452 29.5564 24
      vertex 23.743 29.2712 24
    endloop
  endfacet
  facet normal 0.43059 0.902548 0
    outer loop
      vertex 23.1452 29.5564 24
      vertex 23.743 29.2712 0
      vertex 23.1452 29.5564 0
    endloop
  endfacet
  facet normal 0.130522 -0.991445 0
    outer loop
      vertex 19.3223 5.4193 0
      vertex 19.9789 5.50574 24
      vertex 19.3223 5.4193 24
    endloop
  endfacet
  facet normal 0.130522 -0.991445 0
    outer loop
      vertex 19.9789 5.50574 24
      vertex 19.3223 5.4193 0
      vertex 19.9789 5.50574 0
    endloop
  endfacet
  facet normal -0.0261844 -0.999657 0
    outer loop
      vertex 17.338 5.36734 0
      vertex 18 5.35 24
      vertex 17.338 5.36734 24
    endloop
  endfacet
  facet normal -0.0261844 -0.999657 -0
    outer loop
      vertex 18 5.35 24
      vertex 17.338 5.36734 0
      vertex 18 5.35 0
    endloop
  endfacet
  facet normal -0.43059 0.902548 0
    outer loop
      vertex 12.8548 29.5564 0
      vertex 12.257 29.2712 24
      vertex 12.8548 29.5564 24
    endloop
  endfacet
  facet normal -0.43059 0.902548 0
    outer loop
      vertex 12.257 29.2712 24
      vertex 12.8548 29.5564 0
      vertex 12.257 29.2712 0
    endloop
  endfacet
  facet normal 0 0 -1
    outer loop
      vertex 30.2 18 0
      vertex 30.65 18 0
      vertex 30.6327 17.338 0
    endloop
  endfacet
  facet normal 0 0 -1
    outer loop
      vertex 30.1833 17.3615 0
      vertex 30.6327 17.338 0
      vertex 30.5807 16.6777 0
    endloop
  endfacet
  facet normal 0 0 -1
    outer loop
      vertex 30.65 18 0
      vertex 30.2 18 0
      vertex 30.6327 18.662 0
    endloop
  endfacet
  facet normal 0 0 -1
    outer loop
      vertex 30.1332 16.7248 0
      vertex 30.5807 16.6777 0
      vertex 30.4943 16.0211 0
    endloop
  endfacet
  facet normal 0 0 -1
    outer loop
      vertex 30.1833 18.6385 0
      vertex 30.6327 18.662 0
      vertex 30.2 18 0
    endloop
  endfacet
  facet normal 0 0 -1
    outer loop
      vertex 30.0498 16.0915 0
      vertex 30.4943 16.0211 0
      vertex 30.3736 15.3699 0
    endloop
  endfacet
  facet normal -0 0 -1
    outer loop
      vertex 30.6327 18.662 0
      vertex 30.1833 18.6385 0
      vertex 30.5807 19.3223 0
    endloop
  endfacet
  facet normal 0 0 -1
    outer loop
      vertex 29.9334 15.4635 0
      vertex 30.3736 15.3699 0
      vertex 30.219 14.7259 0
    endloop
  endfacet
  facet normal 0 0 -1
    outer loop
      vertex 30.1332 19.2752 0
      vertex 30.5807 19.3223 0
      vertex 30.1833 18.6385 0
    endloop
  endfacet
  facet normal -0 0 -1
    outer loop
      vertex 30.5807 19.3223 0
      vertex 30.1332 19.2752 0
      vertex 30.4943 19.9789 0
    endloop
  endfacet
  facet normal 0 0 -1
    outer loop
      vertex 30.6327 17.338 0
      vertex 30.1833 17.3615 0
      vertex 30.2 18 0
    endloop
  endfacet
  facet normal 0 0 -1
    outer loop
      vertex 30.5807 16.6777 0
      vertex 30.1332 16.7248 0
      vertex 30.1833 17.3615 0
    endloop
  endfacet
  facet normal 0 0 -1
    outer loop
      vertex 30.4943 16.0211 0
      vertex 30.0498 16.0915 0
      vertex 30.1332 16.7248 0
    endloop
  endfacet
  facet normal 0 0 -1
    outer loop
      vertex 29.7843 14.8424 0
      vertex 30.219 14.7259 0
      vertex 30.0309 14.0909 0
    endloop
  endfacet
  facet normal 0 0 -1
    outer loop
      vertex 30.3736 15.3699 0
      vertex 29.9334 15.4635 0
      vertex 30.0498 16.0915 0
    endloop
  endfacet
  facet normal 0 0 -1
    outer loop
      vertex 29.6029 14.23 0
      vertex 30.0309 14.0909 0
      vertex 29.8098 13.4666 0
    endloop
  endfacet
  facet normal 0 0 -1
    outer loop
      vertex 30.219 14.7259 0
      vertex 29.7843 14.8424 0
      vertex 29.9334 15.4635 0
    endloop
  endfacet
  facet normal 0 0 -1
    outer loop
      vertex 30.0309 14.0909 0
      vertex 29.6029 14.23 0
      vertex 29.7843 14.8424 0
    endloop
  endfacet
  facet normal 0 0 -1
    outer loop
      vertex 29.3897 13.6279 0
      vertex 29.8098 13.4666 0
      vertex 29.5564 12.8548 0
    endloop
  endfacet
  facet normal 0 0 -1
    outer loop
      vertex 29.8098 13.4666 0
      vertex 29.3897 13.6279 0
      vertex 29.6029 14.23 0
    endloop
  endfacet
  facet normal 0 0 -1
    outer loop
      vertex 29.1453 13.0378 0
      vertex 29.5564 12.8548 0
      vertex 29.2712 12.257 0
    endloop
  endfacet
  facet normal 0 0 -1
    outer loop
      vertex 29.5564 12.8548 0
      vertex 29.1453 13.0378 0
      vertex 29.3897 13.6279 0
    endloop
  endfacet
  facet normal 0 0 -1
    outer loop
      vertex 28.8703 12.4613 0
      vertex 29.2712 12.257 0
      vertex 28.9552 11.675 0
    endloop
  endfacet
  facet normal 0 0 -1
    outer loop
      vertex 29.2712 12.257 0
      vertex 28.8703 12.4613 0
      vertex 29.1453 13.0378 0
    endloop
  endfacet
  facet normal 0 0 -1
    outer loop
      vertex 28.5655 11.9 0
      vertex 28.9552 11.675 0
      vertex 28.6092 11.1103 0
    endloop
  endfacet
  facet normal 0 0 -1
    outer loop
      vertex 28.9552 11.675 0
      vertex 28.5655 11.9 0
      vertex 28.8703 12.4613 0
    endloop
  endfacet
  facet normal 0 0 -1
    outer loop
      vertex 28.2318 11.3554 0
      vertex 28.6092 11.1103 0
      vertex 28.2341 10.5645 0
    endloop
  endfacet
  facet normal 0 0 -1
    outer loop
      vertex 28.6092 11.1103 0
      vertex 28.2318 11.3554 0
      vertex 28.5655 11.9 0
    endloop
  endfacet
  facet normal 0 0 -1
    outer loop
      vertex 28.2341 10.5645 0
      vertex 27.87 10.829 0
      vertex 28.2318 11.3554 0
    endloop
  endfacet
  facet normal 0 0 -1
    outer loop
      vertex 27.8309 10.0391 0
      vertex 27.87 10.829 0
      vertex 28.2341 10.5645 0
    endloop
  endfacet
  facet normal 0 0 -1
    outer loop
      vertex 27.8309 10.0391 0
      vertex 27.4812 10.3223 0
      vertex 27.87 10.829 0
    endloop
  endfacet
  facet normal 0 0 -1
    outer loop
      vertex 27.4008 9.5355 0
      vertex 27.4812 10.3223 0
      vertex 27.8309 10.0391 0
    endloop
  endfacet
  facet normal 0 0 -1
    outer loop
      vertex 27.4008 9.5355 0
      vertex 27.0664 9.83661 0
      vertex 27.4812 10.3223 0
    endloop
  endfacet
  facet normal 0 0 -1
    outer loop
      vertex 26.9449 9.0551 0
      vertex 27.0664 9.83661 0
      vertex 27.4008 9.5355 0
    endloop
  endfacet
  facet normal 0 0 -1
    outer loop
      vertex 26.9449 9.0551 0
      vertex 26.6267 9.3733 0
      vertex 27.0664 9.83661 0
    endloop
  endfacet
  facet normal 0 0 -1
    outer loop
      vertex 26.4645 8.59922 0
      vertex 26.6267 9.3733 0
      vertex 26.9449 9.0551 0
    endloop
  endfacet
  facet normal 0 0 -1
    outer loop
      vertex 26.4645 8.59922 0
      vertex 26.1634 8.93363 0
      vertex 26.6267 9.3733 0
    endloop
  endfacet
  facet normal 0 0 -1
    outer loop
      vertex 25.9609 8.1691 0
      vertex 26.1634 8.93363 0
      vertex 26.4645 8.59922 0
    endloop
  endfacet
  facet normal 0 0 -1
    outer loop
      vertex 25.9609 8.1691 0
      vertex 25.6777 8.51882 0
      vertex 26.1634 8.93363 0
    endloop
  endfacet
  facet normal 0 0 -1
    outer loop
      vertex 25.4355 7.76594 0
      vertex 25.6777 8.51882 0
      vertex 25.9609 8.1691 0
    endloop
  endfacet
  facet normal 0 0 -1
    outer loop
      vertex 25.4355 7.76594 0
      vertex 25.171 8.12999 0
      vertex 25.6777 8.51882 0
    endloop
  endfacet
  facet normal 0 0 -1
    outer loop
      vertex 24.8897 7.39082 0
      vertex 25.171 8.12999 0
      vertex 25.4355 7.76594 0
    endloop
  endfacet
  facet normal 0 0 -1
    outer loop
      vertex 24.8897 7.39082 0
      vertex 24.6446 7.76822 0
      vertex 25.171 8.12999 0
    endloop
  endfacet
  facet normal 0 0 -1
    outer loop
      vertex 24.325 7.04478 0
      vertex 24.6446 7.76822 0
      vertex 24.8897 7.39082 0
    endloop
  endfacet
  facet normal 0 0 -1
    outer loop
      vertex 24.325 7.04478 0
      vertex 24.1 7.43449 0
      vertex 24.6446 7.76822 0
    endloop
  endfacet
  facet normal 0 0 -1
    outer loop
      vertex 23.743 6.72877 0
      vertex 24.1 7.43449 0
      vertex 24.325 7.04478 0
    endloop
  endfacet
  facet normal 0 0 -1
    outer loop
      vertex 23.743 6.72877 0
      vertex 23.5387 7.12972 0
      vertex 24.1 7.43449 0
    endloop
  endfacet
  facet normal 0 0 -1
    outer loop
      vertex 23.1452 6.44365 0
      vertex 23.5387 7.12972 0
      vertex 23.743 6.72877 0
    endloop
  endfacet
  facet normal 0 0 -1
    outer loop
      vertex 23.1452 6.44365 0
      vertex 22.9622 6.85475 0
      vertex 23.5387 7.12972 0
    endloop
  endfacet
  facet normal 0 0 -1
    outer loop
      vertex 22.5334 6.19021 0
      vertex 22.9622 6.85475 0
      vertex 23.1452 6.44365 0
    endloop
  endfacet
  facet normal 0 0 -1
    outer loop
      vertex 22.5334 6.19021 0
      vertex 22.3721 6.61032 0
      vertex 22.9622 6.85475 0
    endloop
  endfacet
  facet normal 0 0 -1
    outer loop
      vertex 21.9091 5.96914 0
      vertex 22.3721 6.61032 0
      vertex 22.5334 6.19021 0
    endloop
  endfacet
  facet normal 0 0 -1
    outer loop
      vertex 21.9091 5.96914 0
      vertex 21.77 6.39711 0
      vertex 22.3721 6.61032 0
    endloop
  endfacet
  facet normal 0 0 -1
    outer loop
      vertex 21.2741 5.78104 0
      vertex 21.77 6.39711 0
      vertex 21.9091 5.96914 0
    endloop
  endfacet
  facet normal 0 0 -1
    outer loop
      vertex 21.2741 5.78104 0
      vertex 21.1576 6.21571 0
      vertex 21.77 6.39711 0
    endloop
  endfacet
  facet normal 0 0 -1
    outer loop
      vertex 20.6301 5.62643 0
      vertex 21.1576 6.21571 0
      vertex 21.2741 5.78104 0
    endloop
  endfacet
  facet normal 0 0 -1
    outer loop
      vertex 20.6301 5.62643 0
      vertex 20.5365 6.0666 0
      vertex 21.1576 6.21571 0
    endloop
  endfacet
  facet normal 0 0 -1
    outer loop
      vertex 19.9789 5.50574 0
      vertex 20.5365 6.0666 0
      vertex 20.6301 5.62643 0
    endloop
  endfacet
  facet normal 0 0 -1
    outer loop
      vertex 19.9789 5.50574 0
      vertex 19.9085 5.9502 0
      vertex 20.5365 6.0666 0
    endloop
  endfacet
  facet normal 0 0 -1
    outer loop
      vertex 19.3223 5.4193 0
      vertex 19.9085 5.9502 0
      vertex 19.9789 5.50574 0
    endloop
  endfacet
  facet normal 0 0 -1
    outer loop
      vertex 19.3223 5.4193 0
      vertex 19.2752 5.86683 0
      vertex 19.9085 5.9502 0
    endloop
  endfacet
  facet normal 0 0 -1
    outer loop
      vertex 18.662 5.36734 0
      vertex 19.2752 5.86683 0
      vertex 19.3223 5.4193 0
    endloop
  endfacet
  facet normal 0 0 -1
    outer loop
      vertex 18.662 5.36734 0
      vertex 18.6385 5.81672 0
      vertex 19.2752 5.86683 0
    endloop
  endfacet
  facet normal 0 0 -1
    outer loop
      vertex 18 5.35 0
      vertex 18.6385 5.81672 0
      vertex 18.662 5.36734 0
    endloop
  endfacet
  facet normal 0 0 -1
    outer loop
      vertex 18 5.35 0
      vertex 18 5.8 0
      vertex 18.6385 5.81672 0
    endloop
  endfacet
  facet normal 0 0 -1
    outer loop
      vertex 18 5.35 0
      vertex 17.3615 5.81672 0
      vertex 18 5.8 0
    endloop
  endfacet
  facet normal 0 0 -1
    outer loop
      vertex 17.338 5.36734 0
      vertex 17.3615 5.81672 0
      vertex 18 5.35 0
    endloop
  endfacet
  facet normal 0 0 -1
    outer loop
      vertex 17.338 5.36734 0
      vertex 16.7248 5.86683 0
      vertex 17.3615 5.81672 0
    endloop
  endfacet
  facet normal 0 0 -1
    outer loop
      vertex 16.6777 5.4193 0
      vertex 16.7248 5.86683 0
      vertex 17.338 5.36734 0
    endloop
  endfacet
  facet normal 0 0 -1
    outer loop
      vertex 16.6777 5.4193 0
      vertex 16.0915 5.9502 0
      vertex 16.7248 5.86683 0
    endloop
  endfacet
  facet normal 0 0 -1
    outer loop
      vertex 16.0211 5.50574 0
      vertex 16.0915 5.9502 0
      vertex 16.6777 5.4193 0
    endloop
  endfacet
  facet normal 0 0 -1
    outer loop
      vertex 16.0211 5.50574 0
      vertex 15.4635 6.0666 0
      vertex 16.0915 5.9502 0
    endloop
  endfacet
  facet normal 0 0 -1
    outer loop
      vertex 15.3699 5.62643 0
      vertex 15.4635 6.0666 0
      vertex 16.0211 5.50574 0
    endloop
  endfacet
  facet normal 0 0 -1
    outer loop
      vertex 15.3699 5.62643 0
      vertex 14.8424 6.21571 0
      vertex 15.4635 6.0666 0
    endloop
  endfacet
  facet normal 0 0 -1
    outer loop
      vertex 14.7259 5.78104 0
      vertex 14.8424 6.21571 0
      vertex 15.3699 5.62643 0
    endloop
  endfacet
  facet normal 0 0 -1
    outer loop
      vertex 14.7259 5.78104 0
      vertex 14.23 6.39711 0
      vertex 14.8424 6.21571 0
    endloop
  endfacet
  facet normal 0 0 -1
    outer loop
      vertex 14.0909 5.96914 0
      vertex 14.23 6.39711 0
      vertex 14.7259 5.78104 0
    endloop
  endfacet
  facet normal 0 0 -1
    outer loop
      vertex 14.0909 5.96914 0
      vertex 13.6279 6.61032 0
      vertex 14.23 6.39711 0
    endloop
  endfacet
  facet normal 0 0 -1
    outer loop
      vertex 13.4666 6.19021 0
      vertex 13.6279 6.61032 0
      vertex 14.0909 5.96914 0
    endloop
  endfacet
  facet normal 0 0 -1
    outer loop
      vertex 13.4666 6.19021 0
      vertex 13.0378 6.85475 0
      vertex 13.6279 6.61032 0
    endloop
  endfacet
  facet normal 0 0 -1
    outer loop
      vertex 12.8548 6.44365 0
      vertex 13.0378 6.85475 0
      vertex 13.4666 6.19021 0
    endloop
  endfacet
  facet normal 0 0 -1
    outer loop
      vertex 12.8548 6.44365 0
      vertex 12.4613 7.12972 0
      vertex 13.0378 6.85475 0
    endloop
  endfacet
  facet normal 0 0 -1
    outer loop
      vertex 12.257 6.72877 0
      vertex 12.4613 7.12972 0
      vertex 12.8548 6.44365 0
    endloop
  endfacet
  facet normal 0 0 -1
    outer loop
      vertex 12.257 6.72877 0
      vertex 11.9 7.43449 0
      vertex 12.4613 7.12972 0
    endloop
  endfacet
  facet normal 0 0 -1
    outer loop
      vertex 11.675 7.04478 0
      vertex 11.9 7.43449 0
      vertex 12.257 6.72877 0
    endloop
  endfacet
  facet normal 0 0 -1
    outer loop
      vertex 11.675 7.04478 0
      vertex 11.3554 7.76822 0
      vertex 11.9 7.43449 0
    endloop
  endfacet
  facet normal 0 0 -1
    outer loop
      vertex 11.1103 7.39082 0
      vertex 11.3554 7.76822 0
      vertex 11.675 7.04478 0
    endloop
  endfacet
  facet normal 0 0 -1
    outer loop
      vertex 11.1103 7.39082 0
      vertex 10.829 8.12999 0
      vertex 11.3554 7.76822 0
    endloop
  endfacet
  facet normal 0 0 -1
    outer loop
      vertex 10.5645 7.76594 0
      vertex 10.829 8.12999 0
      vertex 11.1103 7.39082 0
    endloop
  endfacet
  facet normal 0 0 -1
    outer loop
      vertex 10.5645 7.76594 0
      vertex 10.3223 8.51882 0
      vertex 10.829 8.12999 0
    endloop
  endfacet
  facet normal 0 0 -1
    outer loop
      vertex 10.0391 8.1691 0
      vertex 10.3223 8.51882 0
      vertex 10.5645 7.76594 0
    endloop
  endfacet
  facet normal 0 0 -1
    outer loop
      vertex 10.0391 8.1691 0
      vertex 9.83661 8.93363 0
      vertex 10.3223 8.51882 0
    endloop
  endfacet
  facet normal 0 0 -1
    outer loop
      vertex 9.5355 8.59922 0
      vertex 9.83661 8.93363 0
      vertex 10.0391 8.1691 0
    endloop
  endfacet
  facet normal 0 0 -1
    outer loop
      vertex 9.5355 8.59922 0
      vertex 9.3733 9.3733 0
      vertex 9.83661 8.93363 0
    endloop
  endfacet
  facet normal 0 0 -1
    outer loop
      vertex 9.0551 9.0551 0
      vertex 9.3733 9.3733 0
      vertex 9.5355 8.59922 0
    endloop
  endfacet
  facet normal 0 0 -1
    outer loop
      vertex 9.0551 9.0551 0
      vertex 8.93363 9.83661 0
      vertex 9.3733 9.3733 0
    endloop
  endfacet
  facet normal 0 0 -1
    outer loop
      vertex 8.59922 9.5355 0
      vertex 8.93363 9.83661 0
      vertex 9.0551 9.0551 0
    endloop
  endfacet
  facet normal 0 0 -1
    outer loop
      vertex 8.59922 9.5355 0
      vertex 8.51882 10.3223 0
      vertex 8.93363 9.83661 0
    endloop
  endfacet
  facet normal 0 0 -1
    outer loop
      vertex 8.1691 10.0391 0
      vertex 8.51882 10.3223 0
      vertex 8.59922 9.5355 0
    endloop
  endfacet
  facet normal 0 0 -1
    outer loop
      vertex 8.1691 10.0391 0
      vertex 8.12999 10.829 0
      vertex 8.51882 10.3223 0
    endloop
  endfacet
  facet normal 0 0 -1
    outer loop
      vertex 7.76594 10.5645 0
      vertex 8.12999 10.829 0
      vertex 8.1691 10.0391 0
    endloop
  endfacet
  facet normal -0 0 -1
    outer loop
      vertex 8.12999 10.829 0
      vertex 7.76594 10.5645 0
      vertex 7.76822 11.3554 0
    endloop
  endfacet
  facet normal 0 0 -1
    outer loop
      vertex 7.39082 11.1103 0
      vertex 7.76822 11.3554 0
      vertex 7.76594 10.5645 0
    endloop
  endfacet
  facet normal -0 0 -1
    outer loop
      vertex 7.76822 11.3554 0
      vertex 7.39082 11.1103 0
      vertex 7.43449 11.9 0
    endloop
  endfacet
  facet normal 0 0 -1
    outer loop
      vertex 7.04478 11.675 0
      vertex 7.43449 11.9 0
      vertex 7.39082 11.1103 0
    endloop
  endfacet
  facet normal -0 0 -1
    outer loop
      vertex 7.43449 11.9 0
      vertex 7.04478 11.675 0
      vertex 7.12972 12.4613 0
    endloop
  endfacet
  facet normal 0 0 -1
    outer loop
      vertex 6.72877 12.257 0
      vertex 7.12972 12.4613 0
      vertex 7.04478 11.675 0
    endloop
  endfacet
  facet normal -0 0 -1
    outer loop
      vertex 7.12972 12.4613 0
      vertex 6.72877 12.257 0
      vertex 6.85475 13.0378 0
    endloop
  endfacet
  facet normal 0 0 -1
    outer loop
      vertex 6.44365 12.8548 0
      vertex 6.85475 13.0378 0
      vertex 6.72877 12.257 0
    endloop
  endfacet
  facet normal -0 0 -1
    outer loop
      vertex 6.85475 13.0378 0
      vertex 6.44365 12.8548 0
      vertex 6.61032 13.6279 0
    endloop
  endfacet
  facet normal 0 0 -1
    outer loop
      vertex 6.19021 13.4666 0
      vertex 6.61032 13.6279 0
      vertex 6.44365 12.8548 0
    endloop
  endfacet
  facet normal -0 0 -1
    outer loop
      vertex 6.61032 13.6279 0
      vertex 6.19021 13.4666 0
      vertex 6.39711 14.23 0
    endloop
  endfacet
  facet normal 0 0 -1
    outer loop
      vertex 5.96914 14.0909 0
      vertex 6.39711 14.23 0
      vertex 6.19021 13.4666 0
    endloop
  endfacet
  facet normal -0 0 -1
    outer loop
      vertex 6.39711 14.23 0
      vertex 5.96914 14.0909 0
      vertex 6.21571 14.8424 0
    endloop
  endfacet
  facet normal 0 0 -1
    outer loop
      vertex 5.78104 14.7259 0
      vertex 6.21571 14.8424 0
      vertex 5.96914 14.0909 0
    endloop
  endfacet
  facet normal -0 0 -1
    outer loop
      vertex 6.21571 14.8424 0
      vertex 5.78104 14.7259 0
      vertex 6.0666 15.4635 0
    endloop
  endfacet
  facet normal 0 0 -1
    outer loop
      vertex 5.62643 15.3699 0
      vertex 6.0666 15.4635 0
      vertex 5.78104 14.7259 0
    endloop
  endfacet
  facet normal -0 0 -1
    outer loop
      vertex 6.0666 15.4635 0
      vertex 5.62643 15.3699 0
      vertex 5.9502 16.0915 0
    endloop
  endfacet
  facet normal -0 0 -1
    outer loop
      vertex 5.9502 16.0915 0
      vertex 5.50574 16.0211 0
      vertex 5.86683 16.7248 0
    endloop
  endfacet
  facet normal 0 0 -1
    outer loop
      vertex 5.50574 16.0211 0
      vertex 5.9502 16.0915 0
      vertex 5.62643 15.3699 0
    endloop
  endfacet
  facet normal 0 0 -1
    outer loop
      vertex 30.0498 19.9085 0
      vertex 30.4943 19.9789 0
      vertex 30.1332 19.2752 0
    endloop
  endfacet
  facet normal -0 0 -1
    outer loop
      vertex 30.4943 19.9789 0
      vertex 30.0498 19.9085 0
      vertex 30.3736 20.6301 0
    endloop
  endfacet
  facet normal 0 0 -1
    outer loop
      vertex 29.9334 20.5365 0
      vertex 30.3736 20.6301 0
      vertex 30.0498 19.9085 0
    endloop
  endfacet
  facet normal -0 0 -1
    outer loop
      vertex 30.3736 20.6301 0
      vertex 29.9334 20.5365 0
      vertex 30.219 21.2741 0
    endloop
  endfacet
  facet normal 0 0 -1
    outer loop
      vertex 29.7843 21.1576 0
      vertex 30.219 21.2741 0
      vertex 29.9334 20.5365 0
    endloop
  endfacet
  facet normal -0 0 -1
    outer loop
      vertex 30.219 21.2741 0
      vertex 29.7843 21.1576 0
      vertex 30.0309 21.9091 0
    endloop
  endfacet
  facet normal 0 0 -1
    outer loop
      vertex 29.6029 21.77 0
      vertex 30.0309 21.9091 0
      vertex 29.7843 21.1576 0
    endloop
  endfacet
  facet normal -0 0 -1
    outer loop
      vertex 30.0309 21.9091 0
      vertex 29.6029 21.77 0
      vertex 29.8098 22.5334 0
    endloop
  endfacet
  facet normal 0 0 -1
    outer loop
      vertex 29.3897 22.3721 0
      vertex 29.8098 22.5334 0
      vertex 29.6029 21.77 0
    endloop
  endfacet
  facet normal -0 0 -1
    outer loop
      vertex 29.8098 22.5334 0
      vertex 29.3897 22.3721 0
      vertex 29.5564 23.1452 0
    endloop
  endfacet
  facet normal 0 0 -1
    outer loop
      vertex 29.1453 22.9622 0
      vertex 29.5564 23.1452 0
      vertex 29.3897 22.3721 0
    endloop
  endfacet
  facet normal -0 0 -1
    outer loop
      vertex 29.5564 23.1452 0
      vertex 29.1453 22.9622 0
      vertex 29.2712 23.743 0
    endloop
  endfacet
  facet normal 0 0 -1
    outer loop
      vertex 28.8703 23.5387 0
      vertex 29.2712 23.743 0
      vertex 29.1453 22.9622 0
    endloop
  endfacet
  facet normal -0 0 -1
    outer loop
      vertex 29.2712 23.743 0
      vertex 28.8703 23.5387 0
      vertex 28.9552 24.325 0
    endloop
  endfacet
  facet normal 0 0 -1
    outer loop
      vertex 28.5655 24.1 0
      vertex 28.9552 24.325 0
      vertex 28.8703 23.5387 0
    endloop
  endfacet
  facet normal -0 0 -1
    outer loop
      vertex 28.9552 24.325 0
      vertex 28.5655 24.1 0
      vertex 28.6092 24.8897 0
    endloop
  endfacet
  facet normal 0 0 -1
    outer loop
      vertex 28.2318 24.6446 0
      vertex 28.6092 24.8897 0
      vertex 28.5655 24.1 0
    endloop
  endfacet
  facet normal -0 0 -1
    outer loop
      vertex 28.6092 24.8897 0
      vertex 28.2318 24.6446 0
      vertex 28.2341 25.4355 0
    endloop
  endfacet
  facet normal 0 0 -1
    outer loop
      vertex 27.87 25.171 0
      vertex 28.2341 25.4355 0
      vertex 28.2318 24.6446 0
    endloop
  endfacet
  facet normal 0 0 -1
    outer loop
      vertex 27.87 25.171 0
      vertex 27.8309 25.9609 0
      vertex 28.2341 25.4355 0
    endloop
  endfacet
  facet normal 0 0 -1
    outer loop
      vertex 27.4812 25.6777 0
      vertex 27.8309 25.9609 0
      vertex 27.87 25.171 0
    endloop
  endfacet
  facet normal 0 0 -1
    outer loop
      vertex 27.4812 25.6777 0
      vertex 27.4008 26.4645 0
      vertex 27.8309 25.9609 0
    endloop
  endfacet
  facet normal 0 0 -1
    outer loop
      vertex 27.0664 26.1634 0
      vertex 27.4008 26.4645 0
      vertex 27.4812 25.6777 0
    endloop
  endfacet
  facet normal 0 0 -1
    outer loop
      vertex 27.0664 26.1634 0
      vertex 26.9449 26.9449 0
      vertex 27.4008 26.4645 0
    endloop
  endfacet
  facet normal 0 0 -1
    outer loop
      vertex 26.6267 26.6267 0
      vertex 26.9449 26.9449 0
      vertex 27.0664 26.1634 0
    endloop
  endfacet
  facet normal 0 0 -1
    outer loop
      vertex 26.6267 26.6267 0
      vertex 26.4645 27.4008 0
      vertex 26.9449 26.9449 0
    endloop
  endfacet
  facet normal 0 0 -1
    outer loop
      vertex 26.1634 27.0664 0
      vertex 26.4645 27.4008 0
      vertex 26.6267 26.6267 0
    endloop
  endfacet
  facet normal 0 0 -1
    outer loop
      vertex 26.1634 27.0664 0
      vertex 25.9609 27.8309 0
      vertex 26.4645 27.4008 0
    endloop
  endfacet
  facet normal 0 0 -1
    outer loop
      vertex 25.6777 27.4812 0
      vertex 25.9609 27.8309 0
      vertex 26.1634 27.0664 0
    endloop
  endfacet
  facet normal 0 0 -1
    outer loop
      vertex 25.6777 27.4812 0
      vertex 25.4355 28.2341 0
      vertex 25.9609 27.8309 0
    endloop
  endfacet
  facet normal 0 0 -1
    outer loop
      vertex 25.171 27.87 0
      vertex 25.4355 28.2341 0
      vertex 25.6777 27.4812 0
    endloop
  endfacet
  facet normal 0 0 -1
    outer loop
      vertex 25.171 27.87 0
      vertex 24.8897 28.6092 0
      vertex 25.4355 28.2341 0
    endloop
  endfacet
  facet normal 0 0 -1
    outer loop
      vertex 24.6446 28.2318 0
      vertex 24.8897 28.6092 0
      vertex 25.171 27.87 0
    endloop
  endfacet
  facet normal 0 0 -1
    outer loop
      vertex 24.6446 28.2318 0
      vertex 24.325 28.9552 0
      vertex 24.8897 28.6092 0
    endloop
  endfacet
  facet normal 0 0 -1
    outer loop
      vertex 24.1 28.5655 0
      vertex 24.325 28.9552 0
      vertex 24.6446 28.2318 0
    endloop
  endfacet
  facet normal 0 0 -1
    outer loop
      vertex 24.1 28.5655 0
      vertex 23.743 29.2712 0
      vertex 24.325 28.9552 0
    endloop
  endfacet
  facet normal 0 0 -1
    outer loop
      vertex 23.5387 28.8703 0
      vertex 23.743 29.2712 0
      vertex 24.1 28.5655 0
    endloop
  endfacet
  facet normal 0 0 -1
    outer loop
      vertex 23.5387 28.8703 0
      vertex 23.1452 29.5564 0
      vertex 23.743 29.2712 0
    endloop
  endfacet
  facet normal 0 0 -1
    outer loop
      vertex 22.9622 29.1453 0
      vertex 23.1452 29.5564 0
      vertex 23.5387 28.8703 0
    endloop
  endfacet
  facet normal 0 0 -1
    outer loop
      vertex 22.9622 29.1453 0
      vertex 22.5334 29.8098 0
      vertex 23.1452 29.5564 0
    endloop
  endfacet
  facet normal 0 0 -1
    outer loop
      vertex 22.3721 29.3897 0
      vertex 22.5334 29.8098 0
      vertex 22.9622 29.1453 0
    endloop
  endfacet
  facet normal 0 0 -1
    outer loop
      vertex 22.3721 29.3897 0
      vertex 21.9091 30.0309 0
      vertex 22.5334 29.8098 0
    endloop
  endfacet
  facet normal 0 0 -1
    outer loop
      vertex 21.77 29.6029 0
      vertex 21.9091 30.0309 0
      vertex 22.3721 29.3897 0
    endloop
  endfacet
  facet normal 0 0 -1
    outer loop
      vertex 21.77 29.6029 0
      vertex 21.2741 30.219 0
      vertex 21.9091 30.0309 0
    endloop
  endfacet
  facet normal 0 0 -1
    outer loop
      vertex 21.1576 29.7843 0
      vertex 21.2741 30.219 0
      vertex 21.77 29.6029 0
    endloop
  endfacet
  facet normal 0 0 -1
    outer loop
      vertex 21.1576 29.7843 0
      vertex 20.6301 30.3736 0
      vertex 21.2741 30.219 0
    endloop
  endfacet
  facet normal 0 0 -1
    outer loop
      vertex 20.5365 29.9334 0
      vertex 20.6301 30.3736 0
      vertex 21.1576 29.7843 0
    endloop
  endfacet
  facet normal 0 0 -1
    outer loop
      vertex 20.5365 29.9334 0
      vertex 19.9789 30.4943 0
      vertex 20.6301 30.3736 0
    endloop
  endfacet
  facet normal 0 0 -1
    outer loop
      vertex 19.9085 30.0498 0
      vertex 19.9789 30.4943 0
      vertex 20.5365 29.9334 0
    endloop
  endfacet
  facet normal 0 0 -1
    outer loop
      vertex 19.9085 30.0498 0
      vertex 19.3223 30.5807 0
      vertex 19.9789 30.4943 0
    endloop
  endfacet
  facet normal 0 0 -1
    outer loop
      vertex 19.2752 30.1332 0
      vertex 19.3223 30.5807 0
      vertex 19.9085 30.0498 0
    endloop
  endfacet
  facet normal 0 0 -1
    outer loop
      vertex 18.7 30.1784 0
      vertex 19.3223 30.5807 0
      vertex 19.2752 30.1332 0
    endloop
  endfacet
  facet normal -0 0 -1
    outer loop
      vertex 19.3223 30.5807 0
      vertex 18.7 30.1784 0
      vertex 18.7 30.6297 0
    endloop
  endfacet
  facet normal 0 0 -1
    outer loop
      vertex 16.6777 30.5807 0
      vertex 17.3 30.1784 0
      vertex 16.7248 30.1332 0
    endloop
  endfacet
  facet normal 0 0 -1
    outer loop
      vertex 17.3 30.1784 0
      vertex 16.6777 30.5807 0
      vertex 17.3 30.6297 0
    endloop
  endfacet
  facet normal 0 0 -1
    outer loop
      vertex 16.0915 30.0498 0
      vertex 16.6777 30.5807 0
      vertex 16.7248 30.1332 0
    endloop
  endfacet
  facet normal 0 0 -1
    outer loop
      vertex 16.0915 30.0498 0
      vertex 16.0211 30.4943 0
      vertex 16.6777 30.5807 0
    endloop
  endfacet
  facet normal 0 0 -1
    outer loop
      vertex 15.4635 29.9334 0
      vertex 16.0211 30.4943 0
      vertex 16.0915 30.0498 0
    endloop
  endfacet
  facet normal 0 0 -1
    outer loop
      vertex 15.4635 29.9334 0
      vertex 15.3699 30.3736 0
      vertex 16.0211 30.4943 0
    endloop
  endfacet
  facet normal 0 0 -1
    outer loop
      vertex 14.8424 29.7843 0
      vertex 15.3699 30.3736 0
      vertex 15.4635 29.9334 0
    endloop
  endfacet
  facet normal 0 0 -1
    outer loop
      vertex 14.8424 29.7843 0
      vertex 14.7259 30.219 0
      vertex 15.3699 30.3736 0
    endloop
  endfacet
  facet normal 0 0 -1
    outer loop
      vertex 14.23 29.6029 0
      vertex 14.7259 30.219 0
      vertex 14.8424 29.7843 0
    endloop
  endfacet
  facet normal 0 0 -1
    outer loop
      vertex 14.23 29.6029 0
      vertex 14.0909 30.0309 0
      vertex 14.7259 30.219 0
    endloop
  endfacet
  facet normal 0 0 -1
    outer loop
      vertex 13.6279 29.3897 0
      vertex 14.0909 30.0309 0
      vertex 14.23 29.6029 0
    endloop
  endfacet
  facet normal 0 0 -1
    outer loop
      vertex 13.6279 29.3897 0
      vertex 13.4666 29.8098 0
      vertex 14.0909 30.0309 0
    endloop
  endfacet
  facet normal 0 0 -1
    outer loop
      vertex 13.0378 29.1453 0
      vertex 13.4666 29.8098 0
      vertex 13.6279 29.3897 0
    endloop
  endfacet
  facet normal 0 0 -1
    outer loop
      vertex 13.0378 29.1453 0
      vertex 12.8548 29.5564 0
      vertex 13.4666 29.8098 0
    endloop
  endfacet
  facet normal 0 0 -1
    outer loop
      vertex 12.4613 28.8703 0
      vertex 12.8548 29.5564 0
      vertex 13.0378 29.1453 0
    endloop
  endfacet
  facet normal 0 0 -1
    outer loop
      vertex 12.4613 28.8703 0
      vertex 12.257 29.2712 0
      vertex 12.8548 29.5564 0
    endloop
  endfacet
  facet normal 0 0 -1
    outer loop
      vertex 11.9 28.5655 0
      vertex 12.257 29.2712 0
      vertex 12.4613 28.8703 0
    endloop
  endfacet
  facet normal 0 0 -1
    outer loop
      vertex 11.9 28.5655 0
      vertex 11.675 28.9552 0
      vertex 12.257 29.2712 0
    endloop
  endfacet
  facet normal 0 0 -1
    outer loop
      vertex 11.3554 28.2318 0
      vertex 11.675 28.9552 0
      vertex 11.9 28.5655 0
    endloop
  endfacet
  facet normal 0 0 -1
    outer loop
      vertex 11.3554 28.2318 0
      vertex 11.1103 28.6092 0
      vertex 11.675 28.9552 0
    endloop
  endfacet
  facet normal 0 0 -1
    outer loop
      vertex 10.829 27.87 0
      vertex 11.1103 28.6092 0
      vertex 11.3554 28.2318 0
    endloop
  endfacet
  facet normal 0 0 -1
    outer loop
      vertex 10.829 27.87 0
      vertex 10.5645 28.2341 0
      vertex 11.1103 28.6092 0
    endloop
  endfacet
  facet normal 0 0 -1
    outer loop
      vertex 10.3223 27.4812 0
      vertex 10.5645 28.2341 0
      vertex 10.829 27.87 0
    endloop
  endfacet
  facet normal 0 0 -1
    outer loop
      vertex 10.3223 27.4812 0
      vertex 10.0391 27.8309 0
      vertex 10.5645 28.2341 0
    endloop
  endfacet
  facet normal 0 0 -1
    outer loop
      vertex 9.83661 27.0664 0
      vertex 10.0391 27.8309 0
      vertex 10.3223 27.4812 0
    endloop
  endfacet
  facet normal 0 0 -1
    outer loop
      vertex 9.83661 27.0664 0
      vertex 9.5355 27.4008 0
      vertex 10.0391 27.8309 0
    endloop
  endfacet
  facet normal 0 0 -1
    outer loop
      vertex 9.3733 26.6267 0
      vertex 9.5355 27.4008 0
      vertex 9.83661 27.0664 0
    endloop
  endfacet
  facet normal 0 0 -1
    outer loop
      vertex 9.3733 26.6267 0
      vertex 9.0551 26.9449 0
      vertex 9.5355 27.4008 0
    endloop
  endfacet
  facet normal 0 0 -1
    outer loop
      vertex 8.93363 26.1634 0
      vertex 9.0551 26.9449 0
      vertex 9.3733 26.6267 0
    endloop
  endfacet
  facet normal 0 0 -1
    outer loop
      vertex 8.93363 26.1634 0
      vertex 8.59922 26.4645 0
      vertex 9.0551 26.9449 0
    endloop
  endfacet
  facet normal 0 0 -1
    outer loop
      vertex 8.51882 25.6777 0
      vertex 8.59922 26.4645 0
      vertex 8.93363 26.1634 0
    endloop
  endfacet
  facet normal 0 0 -1
    outer loop
      vertex 8.51882 25.6777 0
      vertex 8.1691 25.9609 0
      vertex 8.59922 26.4645 0
    endloop
  endfacet
  facet normal 0 0 -1
    outer loop
      vertex 8.12999 25.171 0
      vertex 8.1691 25.9609 0
      vertex 8.51882 25.6777 0
    endloop
  endfacet
  facet normal 0 0 -1
    outer loop
      vertex 7.76594 25.4355 0
      vertex 8.12999 25.171 0
      vertex 7.76822 24.6446 0
    endloop
  endfacet
  facet normal 0 0 -1
    outer loop
      vertex 8.12999 25.171 0
      vertex 7.76594 25.4355 0
      vertex 8.1691 25.9609 0
    endloop
  endfacet
  facet normal 0 0 -1
    outer loop
      vertex 7.39082 24.8897 0
      vertex 7.76822 24.6446 0
      vertex 7.43449 24.1 0
    endloop
  endfacet
  facet normal 0 0 -1
    outer loop
      vertex 7.76822 24.6446 0
      vertex 7.39082 24.8897 0
      vertex 7.76594 25.4355 0
    endloop
  endfacet
  facet normal 0 0 -1
    outer loop
      vertex 7.04478 24.325 0
      vertex 7.43449 24.1 0
      vertex 7.12972 23.5387 0
    endloop
  endfacet
  facet normal 0 0 -1
    outer loop
      vertex 7.43449 24.1 0
      vertex 7.04478 24.325 0
      vertex 7.39082 24.8897 0
    endloop
  endfacet
  facet normal 0 0 -1
    outer loop
      vertex 6.72877 23.743 0
      vertex 7.12972 23.5387 0
      vertex 6.85475 22.9622 0
    endloop
  endfacet
  facet normal 0 0 -1
    outer loop
      vertex 7.12972 23.5387 0
      vertex 6.72877 23.743 0
      vertex 7.04478 24.325 0
    endloop
  endfacet
  facet normal 0 0 -1
    outer loop
      vertex 6.44365 23.1452 0
      vertex 6.85475 22.9622 0
      vertex 6.61032 22.3721 0
    endloop
  endfacet
  facet normal 0 0 -1
    outer loop
      vertex 6.85475 22.9622 0
      vertex 6.44365 23.1452 0
      vertex 6.72877 23.743 0
    endloop
  endfacet
  facet normal 0 0 -1
    outer loop
      vertex 6.19021 22.5334 0
      vertex 6.61032 22.3721 0
      vertex 6.39711 21.77 0
    endloop
  endfacet
  facet normal 0 0 -1
    outer loop
      vertex 5.96914 21.9091 0
      vertex 6.39711 21.77 0
      vertex 6.21571 21.1576 0
    endloop
  endfacet
  facet normal 0 0 -1
    outer loop
      vertex 6.61032 22.3721 0
      vertex 6.19021 22.5334 0
      vertex 6.44365 23.1452 0
    endloop
  endfacet
  facet normal 0 0 -1
    outer loop
      vertex 5.78104 21.2741 0
      vertex 6.21571 21.1576 0
      vertex 6.0666 20.5365 0
    endloop
  endfacet
  facet normal 0 0 -1
    outer loop
      vertex 6.39711 21.77 0
      vertex 5.96914 21.9091 0
      vertex 6.19021 22.5334 0
    endloop
  endfacet
  facet normal 0 0 -1
    outer loop
      vertex 5.62643 20.6301 0
      vertex 6.0666 20.5365 0
      vertex 5.9502 19.9085 0
    endloop
  endfacet
  facet normal 0 0 -1
    outer loop
      vertex 5.50574 19.9789 0
      vertex 5.9502 19.9085 0
      vertex 5.86683 19.2752 0
    endloop
  endfacet
  facet normal 0 0 -1
    outer loop
      vertex 5.4193 19.3223 0
      vertex 5.86683 19.2752 0
      vertex 5.81672 18.6385 0
    endloop
  endfacet
  facet normal 0 0 -1
    outer loop
      vertex 6.21571 21.1576 0
      vertex 5.78104 21.2741 0
      vertex 5.96914 21.9091 0
    endloop
  endfacet
  facet normal 0 0 -1
    outer loop
      vertex 5.36734 18.662 0
      vertex 5.81672 18.6385 0
      vertex 5.8 18 0
    endloop
  endfacet
  facet normal 0 0 -1
    outer loop
      vertex 5.4193 16.6777 0
      vertex 5.86683 16.7248 0
      vertex 5.50574 16.0211 0
    endloop
  endfacet
  facet normal -0 0 -1
    outer loop
      vertex 5.86683 16.7248 0
      vertex 5.4193 16.6777 0
      vertex 5.81672 17.3615 0
    endloop
  endfacet
  facet normal 0 0 -1
    outer loop
      vertex 6.0666 20.5365 0
      vertex 5.62643 20.6301 0
      vertex 5.78104 21.2741 0
    endloop
  endfacet
  facet normal 0 0 -1
    outer loop
      vertex 5.36734 17.338 0
      vertex 5.81672 17.3615 0
      vertex 5.4193 16.6777 0
    endloop
  endfacet
  facet normal 0 0 -1
    outer loop
      vertex 5.9502 19.9085 0
      vertex 5.50574 19.9789 0
      vertex 5.62643 20.6301 0
    endloop
  endfacet
  facet normal -0 0 -1
    outer loop
      vertex 5.81672 17.3615 0
      vertex 5.36734 17.338 0
      vertex 5.8 18 0
    endloop
  endfacet
  facet normal 0 0 -1
    outer loop
      vertex 5.86683 19.2752 0
      vertex 5.4193 19.3223 0
      vertex 5.50574 19.9789 0
    endloop
  endfacet
  facet normal 0 0 -1
    outer loop
      vertex 5.35 18 0
      vertex 5.8 18 0
      vertex 5.36734 17.338 0
    endloop
  endfacet
  facet normal 0 0 -1
    outer loop
      vertex 5.81672 18.6385 0
      vertex 5.36734 18.662 0
      vertex 5.4193 19.3223 0
    endloop
  endfacet
  facet normal 0 0 -1
    outer loop
      vertex 5.8 18 0
      vertex 5.35 18 0
      vertex 5.36734 18.662 0
    endloop
  endfacet
  facet normal -0.477158 -0.878818 0
    outer loop
      vertex 11.675 7.04478 24
      vertex 12 6.86832 21.4
      vertex 12 6.86832 24
    endloop
  endfacet
  facet normal -0.477158 -0.878818 0
    outer loop
      vertex 11.675 7.04478 0
      vertex 12 6.86832 21.4
      vertex 11.675 7.04478 24
    endloop
  endfacet
  facet normal -0.47717 -0.878811 2.49077e-07
    outer loop
      vertex 12.257 6.72877 0
      vertex 12 6.86832 21.4
      vertex 11.675 7.04478 0
    endloop
  endfacet
  facet normal -0.477186 -0.878802 0
    outer loop
      vertex 12 6.86832 21.4
      vertex 12.257 6.72877 0
      vertex 12.257 6.72877 21.4
    endloop
  endfacet
  facet normal -0.522489 -0.852646 0
    outer loop
      vertex 11.1103 7.39082 0
      vertex 11.675 7.04478 24
      vertex 11.1103 7.39082 24
    endloop
  endfacet
  facet normal -0.522489 -0.852646 -0
    outer loop
      vertex 11.675 7.04478 24
      vertex 11.1103 7.39082 0
      vertex 11.675 7.04478 0
    endloop
  endfacet
  facet normal 0.878817 0.477159 0
    outer loop
      vertex 29.2712 23.743 24
      vertex 28.9552 24.325 0
      vertex 28.9552 24.325 24
    endloop
  endfacet
  facet normal 0.878817 0.477159 0
    outer loop
      vertex 28.9552 24.325 0
      vertex 29.2712 23.743 24
      vertex 29.2712 23.743 0
    endloop
  endfacet
  facet normal 0.972374 0.23343 0
    outer loop
      vertex 30.3736 20.6301 24
      vertex 30.219 21.2741 0
      vertex 30.219 21.2741 24
    endloop
  endfacet
  facet normal 0.972374 0.23343 0
    outer loop
      vertex 30.219 21.2741 0
      vertex 30.3736 20.6301 24
      vertex 30.3736 20.6301 0
    endloop
  endfacet
  facet normal -0.991445 0.130522 0
    outer loop
      vertex 5.4193 19.3223 0
      vertex 5.50574 19.9789 24
      vertex 5.50574 19.9789 0
    endloop
  endfacet
  facet normal -0.991445 0.130522 0
    outer loop
      vertex 5.50574 19.9789 24
      vertex 5.4193 19.3223 0
      vertex 5.4193 19.3223 24
    endloop
  endfacet
  facet normal 0.430491 -0.902595 0
    outer loop
      vertex 23.1452 6.44365 0
      vertex 23.743 6.72877 21.4
      vertex 23.1452 6.44365 21.4
    endloop
  endfacet
  facet normal 0.430491 -0.902595 0
    outer loop
      vertex 23.743 6.72877 21.4
      vertex 23.1452 6.44365 0
      vertex 23.743 6.72877 0
    endloop
  endfacet
  facet normal -0.130522 -0.991445 0
    outer loop
      vertex 16.0211 5.50574 0
      vertex 16.6777 5.4193 24
      vertex 16.0211 5.50574 24
    endloop
  endfacet
  facet normal -0.130522 -0.991445 -0
    outer loop
      vertex 16.6777 5.4193 24
      vertex 16.0211 5.50574 0
      vertex 16.6777 5.4193 0
    endloop
  endfacet
  facet normal -0.902595 0.430491 0
    outer loop
      vertex 6.44365 23.1452 0
      vertex 6.72877 23.743 24
      vertex 6.72877 23.743 0
    endloop
  endfacet
  facet normal -0.902595 0.430491 0
    outer loop
      vertex 6.72877 23.743 24
      vertex 6.44365 23.1452 0
      vertex 6.44365 23.1452 24
    endloop
  endfacet
  facet normal -0.999657 -0.0261844 0
    outer loop
      vertex 5.36734 17.338 0
      vertex 5.35 18 24
      vertex 5.35 18 0
    endloop
  endfacet
  facet normal -0.999657 -0.0261844 0
    outer loop
      vertex 5.35 18 24
      vertex 5.36734 17.338 0
      vertex 5.36734 17.338 24
    endloop
  endfacet
  facet normal -0.878811 0.47717 0
    outer loop
      vertex 6.72877 23.743 0
      vertex 7.04478 24.325 24
      vertex 7.04478 24.325 0
    endloop
  endfacet
  facet normal -0.878811 0.47717 0
    outer loop
      vertex 7.04478 24.325 24
      vertex 6.72877 23.743 0
      vertex 6.72877 23.743 24
    endloop
  endfacet
  facet normal -0.923867 -0.382715 0
    outer loop
      vertex 6.44365 12.8548 0
      vertex 6.19021 13.4666 24
      vertex 6.19021 13.4666 0
    endloop
  endfacet
  facet normal -0.923867 -0.382715 0
    outer loop
      vertex 6.19021 13.4666 24
      vertex 6.44365 12.8548 0
      vertex 6.44365 12.8548 24
    endloop
  endfacet
  facet normal 0.79332 0.608806 0
    outer loop
      vertex 28.2341 25.4355 24
      vertex 27.8309 25.9609 0
      vertex 27.8309 25.9609 24
    endloop
  endfacet
  facet normal 0.79332 0.608806 0
    outer loop
      vertex 27.8309 25.9609 0
      vertex 28.2341 25.4355 24
      vertex 28.2341 25.4355 0
    endloop
  endfacet
  facet normal -0.983256 -0.182231 0
    outer loop
      vertex 5.62643 15.3699 0
      vertex 5.50574 16.0211 24
      vertex 5.50574 16.0211 0
    endloop
  endfacet
  facet normal -0.983256 -0.182231 0
    outer loop
      vertex 5.50574 16.0211 24
      vertex 5.62643 15.3699 0
      vertex 5.62643 15.3699 24
    endloop
  endfacet
  facet normal 0.566388 0.824139 -0
    outer loop
      vertex 25.4355 28.2341 0
      vertex 24.8897 28.6092 24
      vertex 25.4355 28.2341 24
    endloop
  endfacet
  facet normal 0.566388 0.824139 0
    outer loop
      vertex 24.8897 28.6092 24
      vertex 25.4355 28.2341 0
      vertex 24.8897 28.6092 0
    endloop
  endfacet
  facet normal -0.23343 0.972374 0
    outer loop
      vertex 15.3699 30.3736 0
      vertex 14.7259 30.219 24
      vertex 15.3699 30.3736 24
    endloop
  endfacet
  facet normal -0.23343 0.972374 0
    outer loop
      vertex 14.7259 30.219 24
      vertex 15.3699 30.3736 0
      vertex 14.7259 30.219 0
    endloop
  endfacet
  facet normal 0.649435 0.760417 -0
    outer loop
      vertex 26.4645 27.4008 0
      vertex 25.9609 27.8309 24
      vertex 26.4645 27.4008 24
    endloop
  endfacet
  facet normal 0.649435 0.760417 0
    outer loop
      vertex 25.9609 27.8309 24
      vertex 26.4645 27.4008 0
      vertex 25.9609 27.8309 0
    endloop
  endfacet
  facet normal 0.958818 0.284021 0
    outer loop
      vertex 30.219 21.2741 24
      vertex 30.0309 21.9091 0
      vertex 30.0309 21.9091 24
    endloop
  endfacet
  facet normal 0.958818 0.284021 0
    outer loop
      vertex 30.0309 21.9091 0
      vertex 30.219 21.2741 24
      vertex 30.219 21.2741 0
    endloop
  endfacet
  facet normal -0.725376 0.688353 0
    outer loop
      vertex 8.59922 26.4645 0
      vertex 9.0551 26.9449 24
      vertex 9.0551 26.9449 0
    endloop
  endfacet
  facet normal -0.725376 0.688353 0
    outer loop
      vertex 9.0551 26.9449 24
      vertex 8.59922 26.4645 0
      vertex 8.59922 26.4645 24
    endloop
  endfacet
  facet normal 0.522445 0.852673 -0
    outer loop
      vertex 24.8897 28.6092 0
      vertex 24.325 28.9552 24
      vertex 24.8897 28.6092 24
    endloop
  endfacet
  facet normal 0.522445 0.852673 0
    outer loop
      vertex 24.325 28.9552 24
      vertex 24.8897 28.6092 0
      vertex 24.325 28.9552 0
    endloop
  endfacet
  facet normal -0.566388 0.824139 0
    outer loop
      vertex 11.1103 28.6092 0
      vertex 10.5645 28.2341 24
      vertex 11.1103 28.6092 24
    endloop
  endfacet
  facet normal -0.566388 0.824139 0
    outer loop
      vertex 10.5645 28.2341 24
      vertex 11.1103 28.6092 0
      vertex 10.5645 28.2341 0
    endloop
  endfacet
  facet normal -0.522445 0.852673 0
    outer loop
      vertex 11.675 28.9552 0
      vertex 11.1103 28.6092 24
      vertex 11.675 28.9552 24
    endloop
  endfacet
  facet normal -0.522445 0.852673 0
    outer loop
      vertex 11.1103 28.6092 24
      vertex 11.675 28.9552 0
      vertex 11.1103 28.6092 0
    endloop
  endfacet
  facet normal 0.477186 -0.878802 0
    outer loop
      vertex 23.743 6.72877 21.4
      vertex 23.743 6.72877 0
      vertex 24 6.86832 21.4
    endloop
  endfacet
  facet normal 0.477158 -0.878818 0
    outer loop
      vertex 24 6.86832 21.4
      vertex 24.325 7.04478 24
      vertex 24 6.86832 24
    endloop
  endfacet
  facet normal 0.47717 -0.878811 2.49077e-07
    outer loop
      vertex 24.325 7.04478 0
      vertex 24 6.86832 21.4
      vertex 23.743 6.72877 0
    endloop
  endfacet
  facet normal 0.477158 -0.878818 0
    outer loop
      vertex 24 6.86832 21.4
      vertex 24.325 7.04478 0
      vertex 24.325 7.04478 24
    endloop
  endfacet
  facet normal 0.852673 0.522445 0
    outer loop
      vertex 28.9552 24.325 24
      vertex 28.6092 24.8897 0
      vertex 28.6092 24.8897 24
    endloop
  endfacet
  facet normal 0.852673 0.522445 0
    outer loop
      vertex 28.6092 24.8897 0
      vertex 28.9552 24.325 24
      vertex 28.9552 24.325 0
    endloop
  endfacet
  facet normal -0.649435 0.760417 0
    outer loop
      vertex 10.0391 27.8309 0
      vertex 9.5355 27.4008 24
      vertex 10.0391 27.8309 24
    endloop
  endfacet
  facet normal -0.649435 0.760417 0
    outer loop
      vertex 9.5355 27.4008 24
      vertex 10.0391 27.8309 0
      vertex 9.5355 27.4008 0
    endloop
  endfacet
  facet normal -0.725376 -0.688353 0
    outer loop
      vertex 9.0551 9.0551 0
      vertex 8.59922 9.5355 24
      vertex 8.59922 9.5355 0
    endloop
  endfacet
  facet normal -0.725376 -0.688353 0
    outer loop
      vertex 8.59922 9.5355 24
      vertex 9.0551 9.0551 0
      vertex 9.0551 9.0551 24
    endloop
  endfacet
  facet normal 0.566408 -0.824125 0
    outer loop
      vertex 24.8897 7.39082 0
      vertex 25.4355 7.76594 24
      vertex 24.8897 7.39082 24
    endloop
  endfacet
  facet normal 0.566408 -0.824125 0
    outer loop
      vertex 25.4355 7.76594 24
      vertex 24.8897 7.39082 0
      vertex 25.4355 7.76594 0
    endloop
  endfacet
  facet normal 0.996913 -0.078509 0
    outer loop
      vertex 30.5807 16.6777 24
      vertex 30.6327 17.338 0
      vertex 30.6327 17.338 24
    endloop
  endfacet
  facet normal 0.996913 -0.078509 0
    outer loop
      vertex 30.6327 17.338 0
      vertex 30.5807 16.6777 24
      vertex 30.5807 16.6777 0
    endloop
  endfacet
  facet normal 0.130462 0.991453 -0
    outer loop
      vertex 19.9789 30.4943 0
      vertex 19.3223 30.5807 24
      vertex 19.9789 30.4943 24
    endloop
  endfacet
  facet normal 0.130462 0.991453 0
    outer loop
      vertex 19.3223 30.5807 24
      vertex 19.9789 30.4943 0
      vertex 19.3223 30.5807 0
    endloop
  endfacet
  facet normal -0.608806 0.79332 0
    outer loop
      vertex 10.5645 28.2341 0
      vertex 10.0391 27.8309 24
      vertex 10.5645 28.2341 24
    endloop
  endfacet
  facet normal -0.608806 0.79332 0
    outer loop
      vertex 10.0391 27.8309 24
      vertex 10.5645 28.2341 0
      vertex 10.0391 27.8309 0
    endloop
  endfacet
  facet normal -0.382663 0.923888 0
    outer loop
      vertex 13.4666 29.8098 0
      vertex 12.8548 29.5564 24
      vertex 13.4666 29.8098 24
    endloop
  endfacet
  facet normal -0.382663 0.923888 0
    outer loop
      vertex 12.8548 29.5564 24
      vertex 13.4666 29.8098 0
      vertex 12.8548 29.5564 0
    endloop
  endfacet
  facet normal 0.878817 -0.477159 0
    outer loop
      vertex 28.9552 11.675 2
      vertex 29.2712 12.257 0
      vertex 29.2712 12.257 2
    endloop
  endfacet
  facet normal 0.878817 -0.477159 0
    outer loop
      vertex 29.2712 12.257 0
      vertex 28.9552 11.675 2
      vertex 28.9552 11.675 0
    endloop
  endfacet
  facet normal 0.760417 -0.649435 0
    outer loop
      vertex 27.4008 9.5355 24
      vertex 27.8309 10.0391 0
      vertex 27.8309 10.0391 24
    endloop
  endfacet
  facet normal 0.760417 -0.649435 0
    outer loop
      vertex 27.8309 10.0391 0
      vertex 27.4008 9.5355 24
      vertex 27.4008 9.5355 0
    endloop
  endfacet
  facet normal 0.760417 0.649435 0
    outer loop
      vertex 27.8309 25.9609 24
      vertex 27.4008 26.4645 0
      vertex 27.4008 26.4645 24
    endloop
  endfacet
  facet normal 0.760417 0.649435 0
    outer loop
      vertex 27.4008 26.4645 0
      vertex 27.8309 25.9609 24
      vertex 27.8309 25.9609 0
    endloop
  endfacet
  facet normal 0.94263 -0.333839 0
    outer loop
      vertex 29.8098 13.4666 24
      vertex 30.0309 14.0909 0
      vertex 30.0309 14.0909 24
    endloop
  endfacet
  facet normal 0.94263 -0.333839 0
    outer loop
      vertex 30.0309 14.0909 0
      vertex 29.8098 13.4666 24
      vertex 29.8098 13.4666 0
    endloop
  endfacet
  facet normal 0.284021 -0.958818 0
    outer loop
      vertex 21.2741 5.78104 0
      vertex 21.9091 5.96914 21.4
      vertex 21.2741 5.78104 21.4
    endloop
  endfacet
  facet normal 0.284021 -0.958818 0
    outer loop
      vertex 21.9091 5.96914 21.4
      vertex 21.2741 5.78104 0
      vertex 21.9091 5.96914 0
    endloop
  endfacet
  facet normal 0.725361 -0.688368 0
    outer loop
      vertex 26.9449 9.0551 24
      vertex 27.4008 9.5355 0
      vertex 27.4008 9.5355 24
    endloop
  endfacet
  facet normal 0.725361 -0.688368 0
    outer loop
      vertex 27.4008 9.5355 0
      vertex 26.9449 9.0551 24
      vertex 26.9449 9.0551 0
    endloop
  endfacet
  facet normal 0.958818 -0.284021 0
    outer loop
      vertex 30.0309 14.0909 24
      vertex 30.219 14.7259 0
      vertex 30.219 14.7259 24
    endloop
  endfacet
  facet normal 0.958818 -0.284021 0
    outer loop
      vertex 30.219 14.7259 0
      vertex 30.0309 14.0909 24
      vertex 30.0309 14.0909 0
    endloop
  endfacet
  facet normal -0.996918 -0.078449 0
    outer loop
      vertex 5.4193 16.6777 0
      vertex 5.36734 17.338 24
      vertex 5.36734 17.338 0
    endloop
  endfacet
  facet normal -0.996918 -0.078449 0
    outer loop
      vertex 5.36734 17.338 24
      vertex 5.4193 16.6777 0
      vertex 5.4193 16.6777 24
    endloop
  endfacet
  facet normal -0.477159 0.878817 0
    outer loop
      vertex 12.257 29.2712 0
      vertex 11.675 28.9552 24
      vertex 12.257 29.2712 24
    endloop
  endfacet
  facet normal -0.477159 0.878817 0
    outer loop
      vertex 11.675 28.9552 24
      vertex 12.257 29.2712 0
      vertex 11.675 28.9552 0
    endloop
  endfacet
  facet normal 0.649452 -0.760402 0
    outer loop
      vertex 25.9609 8.1691 0
      vertex 26.4645 8.59922 24
      vertex 25.9609 8.1691 24
    endloop
  endfacet
  facet normal 0.649452 -0.760402 0
    outer loop
      vertex 26.4645 8.59922 24
      vertex 25.9609 8.1691 0
      vertex 26.4645 8.59922 0
    endloop
  endfacet
  facet normal -0.991445 -0.130522 0
    outer loop
      vertex 5.50574 16.0211 0
      vertex 5.4193 16.6777 24
      vertex 5.4193 16.6777 0
    endloop
  endfacet
  facet normal -0.991445 -0.130522 0
    outer loop
      vertex 5.4193 16.6777 24
      vertex 5.50574 16.0211 0
      vertex 5.50574 16.0211 24
    endloop
  endfacet
  facet normal 0.824139 0.566388 0
    outer loop
      vertex 28.6092 24.8897 24
      vertex 28.2341 25.4355 0
      vertex 28.2341 25.4355 24
    endloop
  endfacet
  facet normal 0.824139 0.566388 0
    outer loop
      vertex 28.2341 25.4355 0
      vertex 28.6092 24.8897 24
      vertex 28.6092 24.8897 0
    endloop
  endfacet
  facet normal 0.477159 0.878817 -0
    outer loop
      vertex 24.325 28.9552 0
      vertex 23.743 29.2712 24
      vertex 24.325 28.9552 24
    endloop
  endfacet
  facet normal 0.477159 0.878817 0
    outer loop
      vertex 23.743 29.2712 24
      vertex 24.325 28.9552 0
      vertex 23.743 29.2712 0
    endloop
  endfacet
  facet normal -0.233444 -0.97237 0
    outer loop
      vertex 14.7259 5.78104 0
      vertex 15.3699 5.62643 21.4
      vertex 14.7259 5.78104 21.4
    endloop
  endfacet
  facet normal -0.233444 -0.97237 -0
    outer loop
      vertex 15.3699 5.62643 21.4
      vertex 14.7259 5.78104 0
      vertex 15.3699 5.62643 0
    endloop
  endfacet
  facet normal -0.284021 0.958818 0
    outer loop
      vertex 14.7259 30.219 0
      vertex 14.0909 30.0309 24
      vertex 14.7259 30.219 24
    endloop
  endfacet
  facet normal -0.284021 0.958818 0
    outer loop
      vertex 14.0909 30.0309 24
      vertex 14.7259 30.219 0
      vertex 14.0909 30.0309 0
    endloop
  endfacet
  facet normal 0.522489 -0.852646 0
    outer loop
      vertex 24.325 7.04478 0
      vertex 24.8897 7.39082 24
      vertex 24.325 7.04478 24
    endloop
  endfacet
  facet normal 0.522489 -0.852646 0
    outer loop
      vertex 24.8897 7.39082 24
      vertex 24.325 7.04478 0
      vertex 24.8897 7.39082 0
    endloop
  endfacet
  facet normal 0.333839 0.94263 -0
    outer loop
      vertex 22.5334 29.8098 0
      vertex 21.9091 30.0309 24
      vertex 22.5334 29.8098 24
    endloop
  endfacet
  facet normal 0.333839 0.94263 0
    outer loop
      vertex 21.9091 30.0309 24
      vertex 22.5334 29.8098 0
      vertex 21.9091 30.0309 0
    endloop
  endfacet
  facet normal -0.649452 -0.760402 0
    outer loop
      vertex 9.5355 8.59922 0
      vertex 10.0391 8.1691 24
      vertex 9.5355 8.59922 24
    endloop
  endfacet
  facet normal -0.649452 -0.760402 -0
    outer loop
      vertex 10.0391 8.1691 24
      vertex 9.5355 8.59922 0
      vertex 10.0391 8.1691 0
    endloop
  endfacet
  facet normal -0.182246 0.983253 0
    outer loop
      vertex 16.0211 30.4943 0
      vertex 15.3699 30.3736 24
      vertex 16.0211 30.4943 24
    endloop
  endfacet
  facet normal -0.182246 0.983253 0
    outer loop
      vertex 15.3699 30.3736 24
      vertex 16.0211 30.4943 0
      vertex 15.3699 30.3736 0
    endloop
  endfacet
  facet normal -0.760402 0.649452 0
    outer loop
      vertex 8.1691 25.9609 0
      vertex 8.59922 26.4645 24
      vertex 8.59922 26.4645 0
    endloop
  endfacet
  facet normal -0.760402 0.649452 0
    outer loop
      vertex 8.59922 26.4645 24
      vertex 8.1691 25.9609 0
      vertex 8.1691 25.9609 24
    endloop
  endfacet
  facet normal -0.824125 0.566408 0
    outer loop
      vertex 7.39082 24.8897 0
      vertex 7.76594 25.4355 24
      vertex 7.76594 25.4355 0
    endloop
  endfacet
  facet normal -0.824125 0.566408 0
    outer loop
      vertex 7.76594 25.4355 24
      vertex 7.39082 24.8897 0
      vertex 7.39082 24.8897 24
    endloop
  endfacet
  facet normal 0.972374 -0.23343 0
    outer loop
      vertex 30.219 14.7259 24
      vertex 30.3736 15.3699 0
      vertex 30.3736 15.3699 24
    endloop
  endfacet
  facet normal 0.972374 -0.23343 0
    outer loop
      vertex 30.3736 15.3699 0
      vertex 30.219 14.7259 24
      vertex 30.219 14.7259 0
    endloop
  endfacet
  facet normal -0.0784972 0.996914 0
    outer loop
      vertex 17.3 30.6297 0
      vertex 16.6777 30.5807 24
      vertex 17.3 30.6297 24
    endloop
  endfacet
  facet normal -0.0784972 0.996914 0
    outer loop
      vertex 16.6777 30.5807 24
      vertex 17.3 30.6297 0
      vertex 16.6777 30.5807 0
    endloop
  endfacet
  facet normal -0.688353 -0.725376 0
    outer loop
      vertex 9.0551 9.0551 0
      vertex 9.5355 8.59922 24
      vertex 9.0551 9.0551 24
    endloop
  endfacet
  facet normal -0.688353 -0.725376 -0
    outer loop
      vertex 9.5355 8.59922 24
      vertex 9.0551 9.0551 0
      vertex 9.5355 8.59922 0
    endloop
  endfacet
  facet normal 0.902548 0.43059 0
    outer loop
      vertex 29.5564 23.1452 24
      vertex 29.2712 23.743 0
      vertex 29.2712 23.743 24
    endloop
  endfacet
  facet normal 0.902548 0.43059 0
    outer loop
      vertex 29.2712 23.743 0
      vertex 29.5564 23.1452 24
      vertex 29.5564 23.1452 0
    endloop
  endfacet
  facet normal 0.688353 -0.725376 0
    outer loop
      vertex 26.4645 8.59922 0
      vertex 26.9449 9.0551 24
      vertex 26.4645 8.59922 24
    endloop
  endfacet
  facet normal 0.688353 -0.725376 0
    outer loop
      vertex 26.9449 9.0551 24
      vertex 26.4645 8.59922 0
      vertex 26.9449 9.0551 0
    endloop
  endfacet
  facet normal 0.991453 0.130462 0
    outer loop
      vertex 30.5807 19.3223 24
      vertex 30.4943 19.9789 0
      vertex 30.4943 19.9789 24
    endloop
  endfacet
  facet normal 0.991453 0.130462 0
    outer loop
      vertex 30.4943 19.9789 0
      vertex 30.5807 19.3223 24
      vertex 30.5807 19.3223 0
    endloop
  endfacet
  facet normal 0.688368 0.725361 -0
    outer loop
      vertex 26.9449 26.9449 0
      vertex 26.4645 27.4008 24
      vertex 26.9449 26.9449 24
    endloop
  endfacet
  facet normal 0.688368 0.725361 0
    outer loop
      vertex 26.4645 27.4008 24
      vertex 26.9449 26.9449 0
      vertex 26.4645 27.4008 0
    endloop
  endfacet
  facet normal -0.382715 -0.923867 0
    outer loop
      vertex 12.8548 6.44365 0
      vertex 13.4666 6.19021 21.4
      vertex 12.8548 6.44365 21.4
    endloop
  endfacet
  facet normal -0.382715 -0.923867 -0
    outer loop
      vertex 13.4666 6.19021 21.4
      vertex 12.8548 6.44365 0
      vertex 13.4666 6.19021 0
    endloop
  endfacet
  facet normal 0.608806 0.79332 -0
    outer loop
      vertex 25.9609 27.8309 0
      vertex 25.4355 28.2341 24
      vertex 25.9609 27.8309 24
    endloop
  endfacet
  facet normal 0.608806 0.79332 0
    outer loop
      vertex 25.4355 28.2341 24
      vertex 25.9609 27.8309 0
      vertex 25.4355 28.2341 0
    endloop
  endfacet
  facet normal -0.333839 0.94263 0
    outer loop
      vertex 14.0909 30.0309 0
      vertex 13.4666 29.8098 24
      vertex 14.0909 30.0309 24
    endloop
  endfacet
  facet normal -0.333839 0.94263 0
    outer loop
      vertex 13.4666 29.8098 24
      vertex 14.0909 30.0309 0
      vertex 13.4666 29.8098 0
    endloop
  endfacet
  facet normal -0.688368 0.725361 0
    outer loop
      vertex 9.5355 27.4008 0
      vertex 9.0551 26.9449 24
      vertex 9.5355 27.4008 24
    endloop
  endfacet
  facet normal -0.688368 0.725361 0
    outer loop
      vertex 9.0551 26.9449 24
      vertex 9.5355 27.4008 0
      vertex 9.0551 26.9449 0
    endloop
  endfacet
  facet normal 0.94263 0.333839 0
    outer loop
      vertex 30.0309 21.9091 24
      vertex 29.8098 22.5334 0
      vertex 29.8098 22.5334 24
    endloop
  endfacet
  facet normal 0.94263 0.333839 0
    outer loop
      vertex 29.8098 22.5334 0
      vertex 30.0309 21.9091 24
      vertex 30.0309 21.9091 0
    endloop
  endfacet
  facet normal -0.760402 -0.649452 0
    outer loop
      vertex 8.59922 9.5355 0
      vertex 8.1691 10.0391 24
      vertex 8.1691 10.0391 0
    endloop
  endfacet
  facet normal -0.760402 -0.649452 0
    outer loop
      vertex 8.1691 10.0391 24
      vertex 8.59922 9.5355 0
      vertex 8.59922 9.5355 24
    endloop
  endfacet
  facet normal -0.999657 0.0261844 0
    outer loop
      vertex 5.35 18 0
      vertex 5.36734 18.662 24
      vertex 5.36734 18.662 0
    endloop
  endfacet
  facet normal -0.999657 0.0261844 0
    outer loop
      vertex 5.36734 18.662 24
      vertex 5.35 18 0
      vertex 5.35 18 24
    endloop
  endfacet
  facet normal -0.130462 0.991453 0
    outer loop
      vertex 16.6777 30.5807 0
      vertex 16.0211 30.4943 24
      vertex 16.6777 30.5807 24
    endloop
  endfacet
  facet normal -0.130462 0.991453 0
    outer loop
      vertex 16.0211 30.4943 24
      vertex 16.6777 30.5807 0
      vertex 16.0211 30.4943 0
    endloop
  endfacet
  facet normal 0.725361 0.688368 0
    outer loop
      vertex 27.4008 26.4645 24
      vertex 26.9449 26.9449 0
      vertex 26.9449 26.9449 24
    endloop
  endfacet
  facet normal 0.725361 0.688368 0
    outer loop
      vertex 26.9449 26.9449 0
      vertex 27.4008 26.4645 24
      vertex 27.4008 26.4645 0
    endloop
  endfacet
  facet normal 0.824154 -0.566366 0
    outer loop
      vertex 28.5876 11.0789 24
      vertex 28.2341 10.5645 24
      vertex 28.5876 11.0789 2
    endloop
  endfacet
  facet normal 0.823889 -0.566752 0
    outer loop
      vertex 28.5876 11.0789 2
      vertex 28.6092 11.1103 0
      vertex 28.6092 11.1103 2
    endloop
  endfacet
  facet normal 0.824154 -0.566366 0
    outer loop
      vertex 28.2341 10.5645 0
      vertex 28.5876 11.0789 2
      vertex 28.2341 10.5645 24
    endloop
  endfacet
  facet normal 0.824139 -0.566388 8.4105e-06
    outer loop
      vertex 28.5876 11.0789 2
      vertex 28.2341 10.5645 0
      vertex 28.6092 11.1103 0
    endloop
  endfacet
  facet normal 0.923888 -0.382663 0
    outer loop
      vertex 29.5564 12.8548 24
      vertex 29.8098 13.4666 0
      vertex 29.8098 13.4666 24
    endloop
  endfacet
  facet normal 0.923888 -0.382663 0
    outer loop
      vertex 29.8098 13.4666 0
      vertex 29.5564 12.8548 24
      vertex 29.5564 12.8548 0
    endloop
  endfacet
  facet normal 0.90254 -0.430605 0
    outer loop
      vertex 29.2876 12.2914 2
      vertex 29.5564 12.8548 24
      vertex 29.2876 12.2914 24
    endloop
  endfacet
  facet normal 0.90254 -0.430605 0
    outer loop
      vertex 29.5564 12.8548 24
      vertex 29.2876 12.2914 2
      vertex 29.5564 12.8548 0
    endloop
  endfacet
  facet normal 0.902666 -0.430341 0
    outer loop
      vertex 29.2712 12.257 0
      vertex 29.2876 12.2914 2
      vertex 29.2712 12.257 2
    endloop
  endfacet
  facet normal 0.902548 -0.43059 5.25404e-06
    outer loop
      vertex 29.2876 12.2914 2
      vertex 29.2712 12.257 0
      vertex 29.5564 12.8548 0
    endloop
  endfacet
  facet normal 0.233444 -0.97237 0
    outer loop
      vertex 20.6301 5.62643 0
      vertex 21.2741 5.78104 21.4
      vertex 20.6301 5.62643 21.4
    endloop
  endfacet
  facet normal 0.233444 -0.97237 0
    outer loop
      vertex 21.2741 5.78104 21.4
      vertex 20.6301 5.62643 0
      vertex 21.2741 5.78104 0
    endloop
  endfacet
  facet normal 0.999659 -0.026124 0
    outer loop
      vertex 30.6327 17.338 24
      vertex 30.65 18 0
      vertex 30.65 18 24
    endloop
  endfacet
  facet normal 0.999659 -0.026124 0
    outer loop
      vertex 30.65 18 0
      vertex 30.6327 17.338 24
      vertex 30.6327 17.338 0
    endloop
  endfacet
  facet normal -0.878811 -0.47717 0
    outer loop
      vertex 7.04478 11.675 0
      vertex 6.72877 12.257 2
      vertex 6.72877 12.257 0
    endloop
  endfacet
  facet normal -0.878811 -0.47717 0
    outer loop
      vertex 6.72877 12.257 2
      vertex 7.04478 11.675 0
      vertex 7.04478 11.675 2
    endloop
  endfacet
  facet normal -0.923867 0.382715 0
    outer loop
      vertex 6.19021 22.5334 0
      vertex 6.44365 23.1452 24
      vertex 6.44365 23.1452 0
    endloop
  endfacet
  facet normal -0.923867 0.382715 0
    outer loop
      vertex 6.44365 23.1452 24
      vertex 6.19021 22.5334 0
      vertex 6.19021 22.5334 24
    endloop
  endfacet
  facet normal 0.182229 -0.983256 0
    outer loop
      vertex 19.9789 5.50574 24
      vertex 20.4875 5.6 21.4
      vertex 20.4875 5.6 24
    endloop
  endfacet
  facet normal 0.182229 -0.983256 0
    outer loop
      vertex 19.9789 5.50574 0
      vertex 20.4875 5.6 21.4
      vertex 19.9789 5.50574 24
    endloop
  endfacet
  facet normal 0.182231 -0.983256 -5.79976e-08
    outer loop
      vertex 20.6301 5.62643 0
      vertex 20.4875 5.6 21.4
      vertex 19.9789 5.50574 0
    endloop
  endfacet
  facet normal 0.18224 -0.983254 0
    outer loop
      vertex 20.4875 5.6 21.4
      vertex 20.6301 5.62643 0
      vertex 20.6301 5.62643 21.4
    endloop
  endfacet
  facet normal 0.852673 -0.522445 0
    outer loop
      vertex 28.6092 11.1103 2
      vertex 28.9552 11.675 0
      vertex 28.9552 11.675 2
    endloop
  endfacet
  facet normal 0.852673 -0.522445 0
    outer loop
      vertex 28.9552 11.675 0
      vertex 28.6092 11.1103 2
      vertex 28.6092 11.1103 0
    endloop
  endfacet
  facet normal 0.382663 0.923888 -0
    outer loop
      vertex 23.1452 29.5564 0
      vertex 22.5334 29.8098 24
      vertex 23.1452 29.5564 24
    endloop
  endfacet
  facet normal 0.382663 0.923888 0
    outer loop
      vertex 22.5334 29.8098 24
      vertex 23.1452 29.5564 0
      vertex 22.5334 29.8098 0
    endloop
  endfacet
  facet normal -0.852646 0.522489 0
    outer loop
      vertex 7.04478 24.325 0
      vertex 7.39082 24.8897 24
      vertex 7.39082 24.8897 0
    endloop
  endfacet
  facet normal -0.852646 0.522489 0
    outer loop
      vertex 7.39082 24.8897 24
      vertex 7.04478 24.325 0
      vertex 7.04478 24.325 24
    endloop
  endfacet
  facet normal 0.608768 -0.793349 0
    outer loop
      vertex 25.4355 7.76594 0
      vertex 25.9609 8.1691 24
      vertex 25.4355 7.76594 24
    endloop
  endfacet
  facet normal 0.608768 -0.793349 0
    outer loop
      vertex 25.9609 8.1691 24
      vertex 25.4355 7.76594 0
      vertex 25.9609 8.1691 0
    endloop
  endfacet
  facet normal 0.0784972 0.996914 -0
    outer loop
      vertex 19.3223 30.5807 0
      vertex 18.7 30.6297 24
      vertex 19.3223 30.5807 24
    endloop
  endfacet
  facet normal 0.0784972 0.996914 0
    outer loop
      vertex 18.7 30.6297 24
      vertex 19.3223 30.5807 0
      vertex 18.7 30.6297 0
    endloop
  endfacet
  facet normal 0.382715 -0.923867 0
    outer loop
      vertex 22.5334 6.19021 0
      vertex 23.1452 6.44365 21.4
      vertex 22.5334 6.19021 21.4
    endloop
  endfacet
  facet normal 0.382715 -0.923867 0
    outer loop
      vertex 23.1452 6.44365 21.4
      vertex 22.5334 6.19021 0
      vertex 23.1452 6.44365 0
    endloop
  endfacet
  facet normal -0.078449 -0.996918 0
    outer loop
      vertex 16.6777 5.4193 0
      vertex 17.338 5.36734 24
      vertex 16.6777 5.4193 24
    endloop
  endfacet
  facet normal -0.078449 -0.996918 -0
    outer loop
      vertex 17.338 5.36734 24
      vertex 16.6777 5.4193 0
      vertex 17.338 5.36734 0
    endloop
  endfacet
  facet normal -0.18224 -0.983254 -0
    outer loop
      vertex 15.3699 5.62643 21.4
      vertex 15.3699 5.62643 0
      vertex 15.5125 5.6 21.4
    endloop
  endfacet
  facet normal -0.182229 -0.983256 0
    outer loop
      vertex 15.5125 5.6 21.4
      vertex 16.0211 5.50574 24
      vertex 15.5125 5.6 24
    endloop
  endfacet
  facet normal -0.182231 -0.983256 -5.79976e-08
    outer loop
      vertex 16.0211 5.50574 0
      vertex 15.5125 5.6 21.4
      vertex 15.3699 5.62643 0
    endloop
  endfacet
  facet normal -0.182229 -0.983256 0
    outer loop
      vertex 15.5125 5.6 21.4
      vertex 16.0211 5.50574 0
      vertex 16.0211 5.50574 24
    endloop
  endfacet
  facet normal -0.996918 0.078449 0
    outer loop
      vertex 5.36734 18.662 0
      vertex 5.4193 19.3223 24
      vertex 5.4193 19.3223 0
    endloop
  endfacet
  facet normal -0.996918 0.078449 0
    outer loop
      vertex 5.4193 19.3223 24
      vertex 5.36734 18.662 0
      vertex 5.36734 18.662 24
    endloop
  endfacet
  facet normal -0.983256 0.182231 0
    outer loop
      vertex 5.50574 19.9789 0
      vertex 5.62643 20.6301 24
      vertex 5.62643 20.6301 0
    endloop
  endfacet
  facet normal -0.983256 0.182231 0
    outer loop
      vertex 5.62643 20.6301 24
      vertex 5.50574 19.9789 0
      vertex 5.50574 19.9789 24
    endloop
  endfacet
  facet normal 0 0 -1
    outer loop
      vertex 24 1.35 24
      vertex 20.4875 5.6 24
      vertex 24 5.6 24
    endloop
  endfacet
  facet normal 0 0 -1
    outer loop
      vertex 24 1.35 24
      vertex 19.9789 5.50574 24
      vertex 20.4875 5.6 24
    endloop
  endfacet
  facet normal 0 0 -1
    outer loop
      vertex 24 1.35 24
      vertex 19.3223 5.4193 24
      vertex 19.9789 5.50574 24
    endloop
  endfacet
  facet normal 0 0 -1
    outer loop
      vertex 24 1.35 24
      vertex 18.662 5.36734 24
      vertex 19.3223 5.4193 24
    endloop
  endfacet
  facet normal 0 0 -1
    outer loop
      vertex 24 1.35 24
      vertex 18 5.35 24
      vertex 18.662 5.36734 24
    endloop
  endfacet
  facet normal 0 0 -1
    outer loop
      vertex 12 1.35 24
      vertex 18 5.35 24
      vertex 24 1.35 24
    endloop
  endfacet
  facet normal -0 0 -1
    outer loop
      vertex 18 5.35 24
      vertex 12 1.35 24
      vertex 17.338 5.36734 24
    endloop
  endfacet
  facet normal -0 0 -1
    outer loop
      vertex 17.338 5.36734 24
      vertex 12 1.35 24
      vertex 16.6777 5.4193 24
    endloop
  endfacet
  facet normal -0 0 -1
    outer loop
      vertex 16.6777 5.4193 24
      vertex 12 1.35 24
      vertex 16.0211 5.50574 24
    endloop
  endfacet
  facet normal -0 0 -1
    outer loop
      vertex 16.0211 5.50574 24
      vertex 12 1.35 24
      vertex 15.5125 5.6 24
    endloop
  endfacet
  facet normal -0 0 -1
    outer loop
      vertex 15.5125 5.6 24
      vertex 12 1.35 24
      vertex 12 5.6 24
    endloop
  endfacet
  facet normal 0 0 1
    outer loop
      vertex 30.2 18 24
      vertex 30.65 18 24
      vertex 30.6327 18.662 24
    endloop
  endfacet
  facet normal 0 0 1
    outer loop
      vertex 30.1833 18.6385 24
      vertex 30.6327 18.662 24
      vertex 30.5807 19.3223 24
    endloop
  endfacet
  facet normal 0 0 1
    outer loop
      vertex 30.65 18 24
      vertex 30.2 18 24
      vertex 30.6327 17.338 24
    endloop
  endfacet
  facet normal 0 0 1
    outer loop
      vertex 30.1332 19.2752 24
      vertex 30.5807 19.3223 24
      vertex 30.4943 19.9789 24
    endloop
  endfacet
  facet normal -0 0 1
    outer loop
      vertex 30.1833 17.3615 24
      vertex 30.6327 17.338 24
      vertex 30.2 18 24
    endloop
  endfacet
  facet normal 0 0 1
    outer loop
      vertex 30.0498 19.9085 24
      vertex 30.4943 19.9789 24
      vertex 30.3736 20.6301 24
    endloop
  endfacet
  facet normal 0 0 1
    outer loop
      vertex 30.6327 17.338 24
      vertex 30.1833 17.3615 24
      vertex 30.5807 16.6777 24
    endloop
  endfacet
  facet normal 0 0 1
    outer loop
      vertex 29.9334 20.5365 24
      vertex 30.3736 20.6301 24
      vertex 30.219 21.2741 24
    endloop
  endfacet
  facet normal -0 0 1
    outer loop
      vertex 30.1332 16.7248 24
      vertex 30.5807 16.6777 24
      vertex 30.1833 17.3615 24
    endloop
  endfacet
  facet normal 0 0 1
    outer loop
      vertex 30.5807 16.6777 24
      vertex 30.1332 16.7248 24
      vertex 30.4943 16.0211 24
    endloop
  endfacet
  facet normal 0 0 1
    outer loop
      vertex 30.6327 18.662 24
      vertex 30.1833 18.6385 24
      vertex 30.2 18 24
    endloop
  endfacet
  facet normal 0 0 1
    outer loop
      vertex 30.5807 19.3223 24
      vertex 30.1332 19.2752 24
      vertex 30.1833 18.6385 24
    endloop
  endfacet
  facet normal 0 0 1
    outer loop
      vertex 30.4943 19.9789 24
      vertex 30.0498 19.9085 24
      vertex 30.1332 19.2752 24
    endloop
  endfacet
  facet normal 0 0 1
    outer loop
      vertex 29.7843 21.1576 24
      vertex 30.219 21.2741 24
      vertex 30.0309 21.9091 24
    endloop
  endfacet
  facet normal 0 0 1
    outer loop
      vertex 30.3736 20.6301 24
      vertex 29.9334 20.5365 24
      vertex 30.0498 19.9085 24
    endloop
  endfacet
  facet normal 0 0 1
    outer loop
      vertex 29.6029 21.77 24
      vertex 30.0309 21.9091 24
      vertex 29.8098 22.5334 24
    endloop
  endfacet
  facet normal 0 0 1
    outer loop
      vertex 30.219 21.2741 24
      vertex 29.7843 21.1576 24
      vertex 29.9334 20.5365 24
    endloop
  endfacet
  facet normal 0 0 1
    outer loop
      vertex 30.0309 21.9091 24
      vertex 29.6029 21.77 24
      vertex 29.7843 21.1576 24
    endloop
  endfacet
  facet normal 0 0 1
    outer loop
      vertex 29.3897 22.3721 24
      vertex 29.8098 22.5334 24
      vertex 29.5564 23.1452 24
    endloop
  endfacet
  facet normal 0 0 1
    outer loop
      vertex 29.8098 22.5334 24
      vertex 29.3897 22.3721 24
      vertex 29.6029 21.77 24
    endloop
  endfacet
  facet normal 0 0 1
    outer loop
      vertex 29.1453 22.9622 24
      vertex 29.5564 23.1452 24
      vertex 29.2712 23.743 24
    endloop
  endfacet
  facet normal 0 0 1
    outer loop
      vertex 29.5564 23.1452 24
      vertex 29.1453 22.9622 24
      vertex 29.3897 22.3721 24
    endloop
  endfacet
  facet normal 0 0 1
    outer loop
      vertex 28.8703 23.5387 24
      vertex 29.2712 23.743 24
      vertex 28.9552 24.325 24
    endloop
  endfacet
  facet normal 0 0 1
    outer loop
      vertex 29.2712 23.743 24
      vertex 28.8703 23.5387 24
      vertex 29.1453 22.9622 24
    endloop
  endfacet
  facet normal 0 0 1
    outer loop
      vertex 28.5655 24.1 24
      vertex 28.9552 24.325 24
      vertex 28.6092 24.8897 24
    endloop
  endfacet
  facet normal 0 0 1
    outer loop
      vertex 28.9552 24.325 24
      vertex 28.5655 24.1 24
      vertex 28.8703 23.5387 24
    endloop
  endfacet
  facet normal 0 0 1
    outer loop
      vertex 28.2318 24.6446 24
      vertex 28.6092 24.8897 24
      vertex 28.2341 25.4355 24
    endloop
  endfacet
  facet normal 0 0 1
    outer loop
      vertex 28.6092 24.8897 24
      vertex 28.2318 24.6446 24
      vertex 28.5655 24.1 24
    endloop
  endfacet
  facet normal 0 0 1
    outer loop
      vertex 28.2341 25.4355 24
      vertex 27.87 25.171 24
      vertex 28.2318 24.6446 24
    endloop
  endfacet
  facet normal 0 0 1
    outer loop
      vertex 27.8309 25.9609 24
      vertex 27.87 25.171 24
      vertex 28.2341 25.4355 24
    endloop
  endfacet
  facet normal 0 0 1
    outer loop
      vertex 27.8309 25.9609 24
      vertex 27.4812 25.6777 24
      vertex 27.87 25.171 24
    endloop
  endfacet
  facet normal 0 0 1
    outer loop
      vertex 27.4008 26.4645 24
      vertex 27.4812 25.6777 24
      vertex 27.8309 25.9609 24
    endloop
  endfacet
  facet normal 0 0 1
    outer loop
      vertex 27.4008 26.4645 24
      vertex 27.0664 26.1634 24
      vertex 27.4812 25.6777 24
    endloop
  endfacet
  facet normal 0 0 1
    outer loop
      vertex 26.9449 26.9449 24
      vertex 27.0664 26.1634 24
      vertex 27.4008 26.4645 24
    endloop
  endfacet
  facet normal 0 0 1
    outer loop
      vertex 26.9449 26.9449 24
      vertex 26.6267 26.6267 24
      vertex 27.0664 26.1634 24
    endloop
  endfacet
  facet normal 0 0 1
    outer loop
      vertex 26.4645 27.4008 24
      vertex 26.6267 26.6267 24
      vertex 26.9449 26.9449 24
    endloop
  endfacet
  facet normal 0 0 1
    outer loop
      vertex 26.4645 27.4008 24
      vertex 26.1634 27.0664 24
      vertex 26.6267 26.6267 24
    endloop
  endfacet
  facet normal 0 0 1
    outer loop
      vertex 25.9609 27.8309 24
      vertex 26.1634 27.0664 24
      vertex 26.4645 27.4008 24
    endloop
  endfacet
  facet normal 0 0 1
    outer loop
      vertex 25.9609 27.8309 24
      vertex 25.6777 27.4812 24
      vertex 26.1634 27.0664 24
    endloop
  endfacet
  facet normal 0 0 1
    outer loop
      vertex 25.4355 28.2341 24
      vertex 25.6777 27.4812 24
      vertex 25.9609 27.8309 24
    endloop
  endfacet
  facet normal 0 0 1
    outer loop
      vertex 25.4355 28.2341 24
      vertex 25.171 27.87 24
      vertex 25.6777 27.4812 24
    endloop
  endfacet
  facet normal 0 0 1
    outer loop
      vertex 24.8897 28.6092 24
      vertex 25.171 27.87 24
      vertex 25.4355 28.2341 24
    endloop
  endfacet
  facet normal 0 0 1
    outer loop
      vertex 24.8897 28.6092 24
      vertex 24.6446 28.2318 24
      vertex 25.171 27.87 24
    endloop
  endfacet
  facet normal 0 0 1
    outer loop
      vertex 24.325 28.9552 24
      vertex 24.6446 28.2318 24
      vertex 24.8897 28.6092 24
    endloop
  endfacet
  facet normal 0 0 1
    outer loop
      vertex 24.325 28.9552 24
      vertex 24.1 28.5655 24
      vertex 24.6446 28.2318 24
    endloop
  endfacet
  facet normal 0 0 1
    outer loop
      vertex 23.743 29.2712 24
      vertex 24.1 28.5655 24
      vertex 24.325 28.9552 24
    endloop
  endfacet
  facet normal 0 0 1
    outer loop
      vertex 23.743 29.2712 24
      vertex 23.5387 28.8703 24
      vertex 24.1 28.5655 24
    endloop
  endfacet
  facet normal 0 0 1
    outer loop
      vertex 23.1452 29.5564 24
      vertex 23.5387 28.8703 24
      vertex 23.743 29.2712 24
    endloop
  endfacet
  facet normal 0 0 1
    outer loop
      vertex 23.1452 29.5564 24
      vertex 22.9622 29.1453 24
      vertex 23.5387 28.8703 24
    endloop
  endfacet
  facet normal 0 0 1
    outer loop
      vertex 22.5334 29.8098 24
      vertex 22.9622 29.1453 24
      vertex 23.1452 29.5564 24
    endloop
  endfacet
  facet normal 0 0 1
    outer loop
      vertex 22.5334 29.8098 24
      vertex 22.3721 29.3897 24
      vertex 22.9622 29.1453 24
    endloop
  endfacet
  facet normal 0 0 1
    outer loop
      vertex 21.9091 30.0309 24
      vertex 22.3721 29.3897 24
      vertex 22.5334 29.8098 24
    endloop
  endfacet
  facet normal 0 0 1
    outer loop
      vertex 21.9091 30.0309 24
      vertex 21.77 29.6029 24
      vertex 22.3721 29.3897 24
    endloop
  endfacet
  facet normal 0 0 1
    outer loop
      vertex 21.2741 30.219 24
      vertex 21.77 29.6029 24
      vertex 21.9091 30.0309 24
    endloop
  endfacet
  facet normal 0 0 1
    outer loop
      vertex 21.2741 30.219 24
      vertex 21.1576 29.7843 24
      vertex 21.77 29.6029 24
    endloop
  endfacet
  facet normal 0 0 1
    outer loop
      vertex 20.6301 30.3736 24
      vertex 21.1576 29.7843 24
      vertex 21.2741 30.219 24
    endloop
  endfacet
  facet normal 0 0 1
    outer loop
      vertex 20.6301 30.3736 24
      vertex 20.5365 29.9334 24
      vertex 21.1576 29.7843 24
    endloop
  endfacet
  facet normal 0 0 1
    outer loop
      vertex 19.9789 30.4943 24
      vertex 20.5365 29.9334 24
      vertex 20.6301 30.3736 24
    endloop
  endfacet
  facet normal 0 0 1
    outer loop
      vertex 19.9789 30.4943 24
      vertex 19.9085 30.0498 24
      vertex 20.5365 29.9334 24
    endloop
  endfacet
  facet normal 0 0 1
    outer loop
      vertex 19.3223 30.5807 24
      vertex 19.9085 30.0498 24
      vertex 19.9789 30.4943 24
    endloop
  endfacet
  facet normal 0 0 1
    outer loop
      vertex 19.3223 30.5807 24
      vertex 19.2752 30.1332 24
      vertex 19.9085 30.0498 24
    endloop
  endfacet
  facet normal 0 0 1
    outer loop
      vertex 18.7 30.1784 24
      vertex 19.3223 30.5807 24
      vertex 18.7 30.6297 24
    endloop
  endfacet
  facet normal 0 0 1
    outer loop
      vertex 19.3223 30.5807 24
      vertex 18.7 30.1784 24
      vertex 19.2752 30.1332 24
    endloop
  endfacet
  facet normal -0 0 1
    outer loop
      vertex 30.0498 16.0915 24
      vertex 30.4943 16.0211 24
      vertex 30.1332 16.7248 24
    endloop
  endfacet
  facet normal 0 0 1
    outer loop
      vertex 30.4943 16.0211 24
      vertex 30.0498 16.0915 24
      vertex 30.3736 15.3699 24
    endloop
  endfacet
  facet normal -0 0 1
    outer loop
      vertex 29.9334 15.4635 24
      vertex 30.3736 15.3699 24
      vertex 30.0498 16.0915 24
    endloop
  endfacet
  facet normal 0 0 1
    outer loop
      vertex 30.3736 15.3699 24
      vertex 29.9334 15.4635 24
      vertex 30.219 14.7259 24
    endloop
  endfacet
  facet normal -0 0 1
    outer loop
      vertex 29.7843 14.8424 24
      vertex 30.219 14.7259 24
      vertex 29.9334 15.4635 24
    endloop
  endfacet
  facet normal 0 0 1
    outer loop
      vertex 30.219 14.7259 24
      vertex 29.7843 14.8424 24
      vertex 30.0309 14.0909 24
    endloop
  endfacet
  facet normal -0 0 1
    outer loop
      vertex 29.6029 14.23 24
      vertex 30.0309 14.0909 24
      vertex 29.7843 14.8424 24
    endloop
  endfacet
  facet normal 0 0 1
    outer loop
      vertex 30.0309 14.0909 24
      vertex 29.6029 14.23 24
      vertex 29.8098 13.4666 24
    endloop
  endfacet
  facet normal -0 0 1
    outer loop
      vertex 29.3897 13.6279 24
      vertex 29.8098 13.4666 24
      vertex 29.6029 14.23 24
    endloop
  endfacet
  facet normal 0 0 1
    outer loop
      vertex 29.8098 13.4666 24
      vertex 29.3897 13.6279 24
      vertex 29.5564 12.8548 24
    endloop
  endfacet
  facet normal -0 0 1
    outer loop
      vertex 29.1453 13.0378 24
      vertex 29.5564 12.8548 24
      vertex 29.3897 13.6279 24
    endloop
  endfacet
  facet normal 0 0 1
    outer loop
      vertex 28.8968 12.517 24
      vertex 29.5564 12.8548 24
      vertex 29.1453 13.0378 24
    endloop
  endfacet
  facet normal 0 0 1
    outer loop
      vertex 29.5564 12.8548 24
      vertex 28.8968 12.517 24
      vertex 29.2876 12.2914 24
    endloop
  endfacet
  facet normal -0 0 1
    outer loop
      vertex 16.6777 30.5807 24
      vertex 17.3 30.1784 24
      vertex 17.3 30.6297 24
    endloop
  endfacet
  facet normal 0 0 1
    outer loop
      vertex 17.3 30.1784 24
      vertex 16.6777 30.5807 24
      vertex 16.7248 30.1332 24
    endloop
  endfacet
  facet normal 0 0 1
    outer loop
      vertex 16.6777 30.5807 24
      vertex 16.0915 30.0498 24
      vertex 16.7248 30.1332 24
    endloop
  endfacet
  facet normal -0 0 1
    outer loop
      vertex 16.0211 30.4943 24
      vertex 16.0915 30.0498 24
      vertex 16.6777 30.5807 24
    endloop
  endfacet
  facet normal 0 0 1
    outer loop
      vertex 16.0211 30.4943 24
      vertex 15.4635 29.9334 24
      vertex 16.0915 30.0498 24
    endloop
  endfacet
  facet normal -0 0 1
    outer loop
      vertex 15.3699 30.3736 24
      vertex 15.4635 29.9334 24
      vertex 16.0211 30.4943 24
    endloop
  endfacet
  facet normal 0 0 1
    outer loop
      vertex 15.3699 30.3736 24
      vertex 14.8424 29.7843 24
      vertex 15.4635 29.9334 24
    endloop
  endfacet
  facet normal -0 0 1
    outer loop
      vertex 14.7259 30.219 24
      vertex 14.8424 29.7843 24
      vertex 15.3699 30.3736 24
    endloop
  endfacet
  facet normal 0 0 1
    outer loop
      vertex 14.7259 30.219 24
      vertex 14.23 29.6029 24
      vertex 14.8424 29.7843 24
    endloop
  endfacet
  facet normal -0 0 1
    outer loop
      vertex 14.0909 30.0309 24
      vertex 14.23 29.6029 24
      vertex 14.7259 30.219 24
    endloop
  endfacet
  facet normal 0 0 1
    outer loop
      vertex 14.0909 30.0309 24
      vertex 13.6279 29.3897 24
      vertex 14.23 29.6029 24
    endloop
  endfacet
  facet normal -0 0 1
    outer loop
      vertex 13.4666 29.8098 24
      vertex 13.6279 29.3897 24
      vertex 14.0909 30.0309 24
    endloop
  endfacet
  facet normal 0 0 1
    outer loop
      vertex 13.4666 29.8098 24
      vertex 13.0378 29.1453 24
      vertex 13.6279 29.3897 24
    endloop
  endfacet
  facet normal -0 0 1
    outer loop
      vertex 12.8548 29.5564 24
      vertex 13.0378 29.1453 24
      vertex 13.4666 29.8098 24
    endloop
  endfacet
  facet normal 0 0 1
    outer loop
      vertex 12.8548 29.5564 24
      vertex 12.4613 28.8703 24
      vertex 13.0378 29.1453 24
    endloop
  endfacet
  facet normal -0 0 1
    outer loop
      vertex 12.257 29.2712 24
      vertex 12.4613 28.8703 24
      vertex 12.8548 29.5564 24
    endloop
  endfacet
  facet normal 0 0 1
    outer loop
      vertex 12.257 29.2712 24
      vertex 11.9 28.5655 24
      vertex 12.4613 28.8703 24
    endloop
  endfacet
  facet normal -0 0 1
    outer loop
      vertex 11.675 28.9552 24
      vertex 11.9 28.5655 24
      vertex 12.257 29.2712 24
    endloop
  endfacet
  facet normal 0 0 1
    outer loop
      vertex 11.675 28.9552 24
      vertex 11.3554 28.2318 24
      vertex 11.9 28.5655 24
    endloop
  endfacet
  facet normal -0 0 1
    outer loop
      vertex 11.1103 28.6092 24
      vertex 11.3554 28.2318 24
      vertex 11.675 28.9552 24
    endloop
  endfacet
  facet normal 0 0 1
    outer loop
      vertex 11.1103 28.6092 24
      vertex 10.829 27.87 24
      vertex 11.3554 28.2318 24
    endloop
  endfacet
  facet normal -0 0 1
    outer loop
      vertex 10.5645 28.2341 24
      vertex 10.829 27.87 24
      vertex 11.1103 28.6092 24
    endloop
  endfacet
  facet normal 0 0 1
    outer loop
      vertex 10.5645 28.2341 24
      vertex 10.3223 27.4812 24
      vertex 10.829 27.87 24
    endloop
  endfacet
  facet normal -0 0 1
    outer loop
      vertex 10.0391 27.8309 24
      vertex 10.3223 27.4812 24
      vertex 10.5645 28.2341 24
    endloop
  endfacet
  facet normal 0 0 1
    outer loop
      vertex 10.0391 27.8309 24
      vertex 9.83661 27.0664 24
      vertex 10.3223 27.4812 24
    endloop
  endfacet
  facet normal -0 0 1
    outer loop
      vertex 9.5355 27.4008 24
      vertex 9.83661 27.0664 24
      vertex 10.0391 27.8309 24
    endloop
  endfacet
  facet normal 0 0 1
    outer loop
      vertex 9.5355 27.4008 24
      vertex 9.3733 26.6267 24
      vertex 9.83661 27.0664 24
    endloop
  endfacet
  facet normal -0 0 1
    outer loop
      vertex 9.0551 26.9449 24
      vertex 9.3733 26.6267 24
      vertex 9.5355 27.4008 24
    endloop
  endfacet
  facet normal 0 0 1
    outer loop
      vertex 9.0551 26.9449 24
      vertex 8.93363 26.1634 24
      vertex 9.3733 26.6267 24
    endloop
  endfacet
  facet normal -0 0 1
    outer loop
      vertex 8.59922 26.4645 24
      vertex 8.93363 26.1634 24
      vertex 9.0551 26.9449 24
    endloop
  endfacet
  facet normal 0 0 1
    outer loop
      vertex 8.59922 26.4645 24
      vertex 8.51882 25.6777 24
      vertex 8.93363 26.1634 24
    endloop
  endfacet
  facet normal -0 0 1
    outer loop
      vertex 8.1691 25.9609 24
      vertex 8.51882 25.6777 24
      vertex 8.59922 26.4645 24
    endloop
  endfacet
  facet normal 0 0 1
    outer loop
      vertex 8.1691 25.9609 24
      vertex 8.12999 25.171 24
      vertex 8.51882 25.6777 24
    endloop
  endfacet
  facet normal -0 0 1
    outer loop
      vertex 7.76594 25.4355 24
      vertex 8.12999 25.171 24
      vertex 8.1691 25.9609 24
    endloop
  endfacet
  facet normal 0 0 1
    outer loop
      vertex 8.12999 25.171 24
      vertex 7.76594 25.4355 24
      vertex 7.76822 24.6446 24
    endloop
  endfacet
  facet normal -0 0 1
    outer loop
      vertex 7.39082 24.8897 24
      vertex 7.76822 24.6446 24
      vertex 7.76594 25.4355 24
    endloop
  endfacet
  facet normal 0 0 1
    outer loop
      vertex 7.76822 24.6446 24
      vertex 7.39082 24.8897 24
      vertex 7.43449 24.1 24
    endloop
  endfacet
  facet normal -0 0 1
    outer loop
      vertex 7.04478 24.325 24
      vertex 7.43449 24.1 24
      vertex 7.39082 24.8897 24
    endloop
  endfacet
  facet normal 0 0 1
    outer loop
      vertex 7.43449 24.1 24
      vertex 7.04478 24.325 24
      vertex 7.12972 23.5387 24
    endloop
  endfacet
  facet normal -0 0 1
    outer loop
      vertex 6.72877 23.743 24
      vertex 7.12972 23.5387 24
      vertex 7.04478 24.325 24
    endloop
  endfacet
  facet normal 0 0 1
    outer loop
      vertex 7.12972 23.5387 24
      vertex 6.72877 23.743 24
      vertex 6.85475 22.9622 24
    endloop
  endfacet
  facet normal -0 0 1
    outer loop
      vertex 6.44365 23.1452 24
      vertex 6.85475 22.9622 24
      vertex 6.72877 23.743 24
    endloop
  endfacet
  facet normal 0 0 1
    outer loop
      vertex 6.85475 22.9622 24
      vertex 6.44365 23.1452 24
      vertex 6.61032 22.3721 24
    endloop
  endfacet
  facet normal -0 0 1
    outer loop
      vertex 6.19021 22.5334 24
      vertex 6.61032 22.3721 24
      vertex 6.44365 23.1452 24
    endloop
  endfacet
  facet normal 0 0 1
    outer loop
      vertex 6.61032 22.3721 24
      vertex 6.19021 22.5334 24
      vertex 6.39711 21.77 24
    endloop
  endfacet
  facet normal -0 0 1
    outer loop
      vertex 5.96914 21.9091 24
      vertex 6.39711 21.77 24
      vertex 6.19021 22.5334 24
    endloop
  endfacet
  facet normal 0 0 1
    outer loop
      vertex 6.39711 21.77 24
      vertex 5.96914 21.9091 24
      vertex 6.21571 21.1576 24
    endloop
  endfacet
  facet normal -0 0 1
    outer loop
      vertex 5.78104 21.2741 24
      vertex 6.21571 21.1576 24
      vertex 5.96914 21.9091 24
    endloop
  endfacet
  facet normal 0 0 1
    outer loop
      vertex 6.21571 21.1576 24
      vertex 5.78104 21.2741 24
      vertex 6.0666 20.5365 24
    endloop
  endfacet
  facet normal -0 0 1
    outer loop
      vertex 5.62643 20.6301 24
      vertex 6.0666 20.5365 24
      vertex 5.78104 21.2741 24
    endloop
  endfacet
  facet normal 0 0 1
    outer loop
      vertex 6.0666 20.5365 24
      vertex 5.62643 20.6301 24
      vertex 5.9502 19.9085 24
    endloop
  endfacet
  facet normal 0 0 1
    outer loop
      vertex 5.9502 19.9085 24
      vertex 5.50574 19.9789 24
      vertex 5.86683 19.2752 24
    endloop
  endfacet
  facet normal -0 0 1
    outer loop
      vertex 5.50574 19.9789 24
      vertex 5.9502 19.9085 24
      vertex 5.62643 20.6301 24
    endloop
  endfacet
  facet normal -0 0 1
    outer loop
      vertex 6.44365 12.8548 24
      vertex 7.10316 12.517 24
      vertex 6.85475 13.0378 24
    endloop
  endfacet
  facet normal 0 0 1
    outer loop
      vertex 6.44365 12.8548 24
      vertex 6.85475 13.0378 24
      vertex 6.61032 13.6279 24
    endloop
  endfacet
  facet normal 0 0 1
    outer loop
      vertex 7.10316 12.517 24
      vertex 6.44365 12.8548 24
      vertex 6.71238 12.2914 24
    endloop
  endfacet
  facet normal 0 0 1
    outer loop
      vertex 6.19021 13.4666 24
      vertex 6.61032 13.6279 24
      vertex 6.39711 14.23 24
    endloop
  endfacet
  facet normal 0 0 1
    outer loop
      vertex 5.96914 14.0909 24
      vertex 6.39711 14.23 24
      vertex 6.21571 14.8424 24
    endloop
  endfacet
  facet normal 0 0 1
    outer loop
      vertex 6.61032 13.6279 24
      vertex 6.19021 13.4666 24
      vertex 6.44365 12.8548 24
    endloop
  endfacet
  facet normal 0 0 1
    outer loop
      vertex 5.78104 14.7259 24
      vertex 6.21571 14.8424 24
      vertex 6.0666 15.4635 24
    endloop
  endfacet
  facet normal 0 0 1
    outer loop
      vertex 6.39711 14.23 24
      vertex 5.96914 14.0909 24
      vertex 6.19021 13.4666 24
    endloop
  endfacet
  facet normal 0 0 1
    outer loop
      vertex 5.62643 15.3699 24
      vertex 6.0666 15.4635 24
      vertex 5.9502 16.0915 24
    endloop
  endfacet
  facet normal 0 0 1
    outer loop
      vertex 5.50574 16.0211 24
      vertex 5.9502 16.0915 24
      vertex 5.86683 16.7248 24
    endloop
  endfacet
  facet normal 0 0 1
    outer loop
      vertex 5.4193 16.6777 24
      vertex 5.86683 16.7248 24
      vertex 5.81672 17.3615 24
    endloop
  endfacet
  facet normal 0 0 1
    outer loop
      vertex 6.21571 14.8424 24
      vertex 5.78104 14.7259 24
      vertex 5.96914 14.0909 24
    endloop
  endfacet
  facet normal 0 0 1
    outer loop
      vertex 5.36734 17.338 24
      vertex 5.81672 17.3615 24
      vertex 5.8 18 24
    endloop
  endfacet
  facet normal -0 0 1
    outer loop
      vertex 5.4193 19.3223 24
      vertex 5.86683 19.2752 24
      vertex 5.50574 19.9789 24
    endloop
  endfacet
  facet normal 0 0 1
    outer loop
      vertex 5.86683 19.2752 24
      vertex 5.4193 19.3223 24
      vertex 5.81672 18.6385 24
    endloop
  endfacet
  facet normal 0 0 1
    outer loop
      vertex 6.0666 15.4635 24
      vertex 5.62643 15.3699 24
      vertex 5.78104 14.7259 24
    endloop
  endfacet
  facet normal -0 0 1
    outer loop
      vertex 5.36734 18.662 24
      vertex 5.81672 18.6385 24
      vertex 5.4193 19.3223 24
    endloop
  endfacet
  facet normal 0 0 1
    outer loop
      vertex 5.9502 16.0915 24
      vertex 5.50574 16.0211 24
      vertex 5.62643 15.3699 24
    endloop
  endfacet
  facet normal 0 0 1
    outer loop
      vertex 5.81672 18.6385 24
      vertex 5.36734 18.662 24
      vertex 5.8 18 24
    endloop
  endfacet
  facet normal 0 0 1
    outer loop
      vertex 5.86683 16.7248 24
      vertex 5.4193 16.6777 24
      vertex 5.50574 16.0211 24
    endloop
  endfacet
  facet normal 0 0 1
    outer loop
      vertex 5.35 18 24
      vertex 5.8 18 24
      vertex 5.36734 18.662 24
    endloop
  endfacet
  facet normal 0 0 1
    outer loop
      vertex 5.81672 17.3615 24
      vertex 5.36734 17.338 24
      vertex 5.4193 16.6777 24
    endloop
  endfacet
  facet normal 0 0 1
    outer loop
      vertex 5.8 18 24
      vertex 5.35 18 24
      vertex 5.36734 17.338 24
    endloop
  endfacet
  facet normal 0 0 1
    outer loop
      vertex 12.4613 7.12972 24
      vertex 12 7 24
      vertex 12.7333 7 24
    endloop
  endfacet
  facet normal 0 0 1
    outer loop
      vertex 11.9 7.43449 24
      vertex 12 7 24
      vertex 12.4613 7.12972 24
    endloop
  endfacet
  facet normal -0 0 1
    outer loop
      vertex 11.675 7.04478 24
      vertex 12 7 24
      vertex 11.9 7.43449 24
    endloop
  endfacet
  facet normal 0 0 1
    outer loop
      vertex 12 7 24
      vertex 11.675 7.04478 24
      vertex 12 6.86832 24
    endloop
  endfacet
  facet normal 0 0 1
    outer loop
      vertex 11.3554 7.76822 24
      vertex 11.675 7.04478 24
      vertex 11.9 7.43449 24
    endloop
  endfacet
  facet normal 0 0 1
    outer loop
      vertex 11.3554 7.76822 24
      vertex 11.1103 7.39082 24
      vertex 11.675 7.04478 24
    endloop
  endfacet
  facet normal 0 0 1
    outer loop
      vertex 10.829 8.12999 24
      vertex 11.1103 7.39082 24
      vertex 11.3554 7.76822 24
    endloop
  endfacet
  facet normal 0 0 1
    outer loop
      vertex 10.829 8.12999 24
      vertex 10.5645 7.76594 24
      vertex 11.1103 7.39082 24
    endloop
  endfacet
  facet normal 0 0 1
    outer loop
      vertex 10.3223 8.51882 24
      vertex 10.5645 7.76594 24
      vertex 10.829 8.12999 24
    endloop
  endfacet
  facet normal 0 0 1
    outer loop
      vertex 10.3223 8.51882 24
      vertex 10.0391 8.1691 24
      vertex 10.5645 7.76594 24
    endloop
  endfacet
  facet normal 0 0 1
    outer loop
      vertex 9.83661 8.93363 24
      vertex 10.0391 8.1691 24
      vertex 10.3223 8.51882 24
    endloop
  endfacet
  facet normal 0 0 1
    outer loop
      vertex 9.83661 8.93363 24
      vertex 9.5355 8.59922 24
      vertex 10.0391 8.1691 24
    endloop
  endfacet
  facet normal 0 0 1
    outer loop
      vertex 9.3733 9.3733 24
      vertex 9.5355 8.59922 24
      vertex 9.83661 8.93363 24
    endloop
  endfacet
  facet normal 0 0 1
    outer loop
      vertex 9.3733 9.3733 24
      vertex 9.0551 9.0551 24
      vertex 9.5355 8.59922 24
    endloop
  endfacet
  facet normal 0 0 1
    outer loop
      vertex 8.93363 9.83661 24
      vertex 9.0551 9.0551 24
      vertex 9.3733 9.3733 24
    endloop
  endfacet
  facet normal 0 0 1
    outer loop
      vertex 8.93363 9.83661 24
      vertex 8.59922 9.5355 24
      vertex 9.0551 9.0551 24
    endloop
  endfacet
  facet normal 0 0 1
    outer loop
      vertex 8.51882 10.3223 24
      vertex 8.59922 9.5355 24
      vertex 8.93363 9.83661 24
    endloop
  endfacet
  facet normal 0 0 1
    outer loop
      vertex 8.51882 10.3223 24
      vertex 8.1691 10.0391 24
      vertex 8.59922 9.5355 24
    endloop
  endfacet
  facet normal 0 0 1
    outer loop
      vertex 8.12999 10.829 24
      vertex 8.1691 10.0391 24
      vertex 8.51882 10.3223 24
    endloop
  endfacet
  facet normal 0 0 1
    outer loop
      vertex 7.76594 10.5645 24
      vertex 8.12999 10.829 24
      vertex 7.80316 11.3046 24
    endloop
  endfacet
  facet normal 0 0 1
    outer loop
      vertex 8.12999 10.829 24
      vertex 7.76594 10.5645 24
      vertex 8.1691 10.0391 24
    endloop
  endfacet
  facet normal 0 -0 1
    outer loop
      vertex 7.76594 10.5645 24
      vertex 7.80316 11.3046 24
      vertex 7.41238 11.0789 24
    endloop
  endfacet
  facet normal -0 0 1
    outer loop
      vertex 23.5387 7.12972 24
      vertex 24 7 24
      vertex 24.1 7.43449 24
    endloop
  endfacet
  facet normal 0 0 1
    outer loop
      vertex 24 7 24
      vertex 23.5387 7.12972 24
      vertex 23.2667 7 24
    endloop
  endfacet
  facet normal 0 0 1
    outer loop
      vertex 28.1968 11.3046 24
      vertex 28.2341 10.5645 24
      vertex 28.5876 11.0789 24
    endloop
  endfacet
  facet normal -0 0 1
    outer loop
      vertex 27.87 10.829 24
      vertex 28.2341 10.5645 24
      vertex 28.1968 11.3046 24
    endloop
  endfacet
  facet normal 0 0 1
    outer loop
      vertex 27.87 10.829 24
      vertex 27.8309 10.0391 24
      vertex 28.2341 10.5645 24
    endloop
  endfacet
  facet normal -0 0 1
    outer loop
      vertex 27.4812 10.3223 24
      vertex 27.8309 10.0391 24
      vertex 27.87 10.829 24
    endloop
  endfacet
  facet normal 0 0 1
    outer loop
      vertex 27.4812 10.3223 24
      vertex 27.4008 9.5355 24
      vertex 27.8309 10.0391 24
    endloop
  endfacet
  facet normal -0 0 1
    outer loop
      vertex 27.0664 9.83661 24
      vertex 27.4008 9.5355 24
      vertex 27.4812 10.3223 24
    endloop
  endfacet
  facet normal 0 0 1
    outer loop
      vertex 27.0664 9.83661 24
      vertex 26.9449 9.0551 24
      vertex 27.4008 9.5355 24
    endloop
  endfacet
  facet normal -0 0 1
    outer loop
      vertex 26.6267 9.3733 24
      vertex 26.9449 9.0551 24
      vertex 27.0664 9.83661 24
    endloop
  endfacet
  facet normal 0 0 1
    outer loop
      vertex 26.6267 9.3733 24
      vertex 26.4645 8.59922 24
      vertex 26.9449 9.0551 24
    endloop
  endfacet
  facet normal -0 0 1
    outer loop
      vertex 26.1634 8.93363 24
      vertex 26.4645 8.59922 24
      vertex 26.6267 9.3733 24
    endloop
  endfacet
  facet normal 0 0 1
    outer loop
      vertex 26.1634 8.93363 24
      vertex 25.9609 8.1691 24
      vertex 26.4645 8.59922 24
    endloop
  endfacet
  facet normal -0 0 1
    outer loop
      vertex 25.6777 8.51882 24
      vertex 25.9609 8.1691 24
      vertex 26.1634 8.93363 24
    endloop
  endfacet
  facet normal 0 0 1
    outer loop
      vertex 25.6777 8.51882 24
      vertex 25.4355 7.76594 24
      vertex 25.9609 8.1691 24
    endloop
  endfacet
  facet normal -0 0 1
    outer loop
      vertex 25.171 8.12999 24
      vertex 25.4355 7.76594 24
      vertex 25.6777 8.51882 24
    endloop
  endfacet
  facet normal 0 0 1
    outer loop
      vertex 25.171 8.12999 24
      vertex 24.8897 7.39082 24
      vertex 25.4355 7.76594 24
    endloop
  endfacet
  facet normal -0 0 1
    outer loop
      vertex 24.6446 7.76822 24
      vertex 24.8897 7.39082 24
      vertex 25.171 8.12999 24
    endloop
  endfacet
  facet normal 0 0 1
    outer loop
      vertex 24.6446 7.76822 24
      vertex 24.325 7.04478 24
      vertex 24.8897 7.39082 24
    endloop
  endfacet
  facet normal -0 0 1
    outer loop
      vertex 24.1 7.43449 24
      vertex 24.325 7.04478 24
      vertex 24.6446 7.76822 24
    endloop
  endfacet
  facet normal 0 0 1
    outer loop
      vertex 24 7 24
      vertex 24.325 7.04478 24
      vertex 24.1 7.43449 24
    endloop
  endfacet
  facet normal 0 0 1
    outer loop
      vertex 24.325 7.04478 24
      vertex 24 7 24
      vertex 24 6.86832 24
    endloop
  endfacet
  facet normal 0.23343 0.972374 -0
    outer loop
      vertex 21.2741 30.219 0
      vertex 20.6301 30.3736 24
      vertex 21.2741 30.219 24
    endloop
  endfacet
  facet normal 0.23343 0.972374 0
    outer loop
      vertex 20.6301 30.3736 24
      vertex 21.2741 30.219 0
      vertex 20.6301 30.3736 0
    endloop
  endfacet
  facet normal -0.793349 -0.608768 0
    outer loop
      vertex 8.1691 10.0391 0
      vertex 7.76594 10.5645 24
      vertex 7.76594 10.5645 0
    endloop
  endfacet
  facet normal -0.793349 -0.608768 0
    outer loop
      vertex 7.76594 10.5645 24
      vertex 8.1691 10.0391 0
      vertex 8.1691 10.0391 24
    endloop
  endfacet
  facet normal -0.824379 -0.566038 0
    outer loop
      vertex 7.39082 11.1103 0
      vertex 7.41238 11.0789 2
      vertex 7.39082 11.1103 2
    endloop
  endfacet
  facet normal -0.824125 -0.566408 -8.54626e-06
    outer loop
      vertex 7.76594 10.5645 0
      vertex 7.41238 11.0789 2
      vertex 7.39082 11.1103 0
    endloop
  endfacet
  facet normal -0.824109 -0.566431 -0
    outer loop
      vertex 7.76594 10.5645 24
      vertex 7.41238 11.0789 2
      vertex 7.76594 10.5645 0
    endloop
  endfacet
  facet normal -0.824109 -0.566431 0
    outer loop
      vertex 7.41238 11.0789 2
      vertex 7.76594 10.5645 24
      vertex 7.41238 11.0789 24
    endloop
  endfacet
  facet normal -0.958818 -0.284021 0
    outer loop
      vertex 5.96914 14.0909 0
      vertex 5.78104 14.7259 24
      vertex 5.78104 14.7259 0
    endloop
  endfacet
  facet normal -0.958818 -0.284021 0
    outer loop
      vertex 5.78104 14.7259 24
      vertex 5.96914 14.0909 0
      vertex 5.96914 14.0909 24
    endloop
  endfacet
  facet normal -0.97237 -0.233444 0
    outer loop
      vertex 5.78104 14.7259 0
      vertex 5.62643 15.3699 24
      vertex 5.62643 15.3699 0
    endloop
  endfacet
  facet normal -0.97237 -0.233444 0
    outer loop
      vertex 5.62643 15.3699 24
      vertex 5.78104 14.7259 0
      vertex 5.78104 14.7259 24
    endloop
  endfacet
  facet normal -0.430491 -0.902595 0
    outer loop
      vertex 12.257 6.72877 0
      vertex 12.8548 6.44365 21.4
      vertex 12.257 6.72877 21.4
    endloop
  endfacet
  facet normal -0.430491 -0.902595 -0
    outer loop
      vertex 12.8548 6.44365 21.4
      vertex 12.257 6.72877 0
      vertex 12.8548 6.44365 0
    endloop
  endfacet
  facet normal 0.284021 0.958818 -0
    outer loop
      vertex 21.9091 30.0309 0
      vertex 21.2741 30.219 24
      vertex 21.9091 30.0309 24
    endloop
  endfacet
  facet normal 0.284021 0.958818 0
    outer loop
      vertex 21.2741 30.219 24
      vertex 21.9091 30.0309 0
      vertex 21.2741 30.219 0
    endloop
  endfacet
  facet normal -0.566408 -0.824125 0
    outer loop
      vertex 10.5645 7.76594 0
      vertex 11.1103 7.39082 24
      vertex 10.5645 7.76594 24
    endloop
  endfacet
  facet normal -0.566408 -0.824125 -0
    outer loop
      vertex 11.1103 7.39082 24
      vertex 10.5645 7.76594 0
      vertex 11.1103 7.39082 0
    endloop
  endfacet
  facet normal -0.902584 -0.430514 0
    outer loop
      vertex 6.44365 12.8548 0
      vertex 6.71238 12.2914 2
      vertex 6.44365 12.8548 24
    endloop
  endfacet
  facet normal -0.902595 -0.430491 7.68972e-06
    outer loop
      vertex 6.72877 12.257 0
      vertex 6.71238 12.2914 2
      vertex 6.44365 12.8548 0
    endloop
  endfacet
  facet normal -0.902768 -0.430127 0
    outer loop
      vertex 6.71238 12.2914 2
      vertex 6.72877 12.257 0
      vertex 6.72877 12.257 2
    endloop
  endfacet
  facet normal -0.902584 -0.430514 0
    outer loop
      vertex 6.44365 12.8548 24
      vertex 6.71238 12.2914 2
      vertex 6.71238 12.2914 24
    endloop
  endfacet
  facet normal -0.942649 -0.333786 0
    outer loop
      vertex 29.6029 21.77 0
      vertex 29.3897 22.3721 24
      vertex 29.3897 22.3721 0
    endloop
  endfacet
  facet normal -0.942649 -0.333786 0
    outer loop
      vertex 29.3897 22.3721 24
      vertex 29.6029 21.77 0
      vertex 29.6029 21.77 24
    endloop
  endfacet
  facet normal -0.996918 -0.0784445 0
    outer loop
      vertex 30.1833 18.6385 0
      vertex 30.1332 19.2752 24
      vertex 30.1332 19.2752 0
    endloop
  endfacet
  facet normal -0.996918 -0.0784445 0
    outer loop
      vertex 30.1332 19.2752 24
      vertex 30.1833 18.6385 0
      vertex 30.1833 18.6385 24
    endloop
  endfacet
  facet normal -0.999658 -0.0261461 0
    outer loop
      vertex 30.2 18 0
      vertex 30.1833 18.6385 24
      vertex 30.1833 18.6385 0
    endloop
  endfacet
  facet normal -0.999658 -0.0261461 0
    outer loop
      vertex 30.1833 18.6385 24
      vertex 30.2 18 0
      vertex 30.2 18 24
    endloop
  endfacet
  facet normal -0.99144 -0.130564 0
    outer loop
      vertex 30.1332 19.2752 0
      vertex 30.0498 19.9085 24
      vertex 30.0498 19.9085 0
    endloop
  endfacet
  facet normal -0.99144 -0.130564 0
    outer loop
      vertex 30.0498 19.9085 24
      vertex 30.1332 19.2752 0
      vertex 30.1332 19.2752 24
    endloop
  endfacet
  facet normal -0.983253 0.182246 0
    outer loop
      vertex 29.9334 15.4635 0
      vertex 30.0498 16.0915 24
      vertex 30.0498 16.0915 0
    endloop
  endfacet
  facet normal -0.983253 0.182246 0
    outer loop
      vertex 30.0498 16.0915 24
      vertex 29.9334 15.4635 0
      vertex 29.9334 15.4635 24
    endloop
  endfacet
  facet normal 0.983253 0.182246 0
    outer loop
      vertex 6.0666 15.4635 24
      vertex 5.9502 16.0915 0
      vertex 5.9502 16.0915 24
    endloop
  endfacet
  facet normal 0.983253 0.182246 0
    outer loop
      vertex 5.9502 16.0915 0
      vertex 6.0666 15.4635 24
      vertex 6.0666 15.4635 0
    endloop
  endfacet
  facet normal 0.0261774 0.999657 -0
    outer loop
      vertex 18 5.8 0
      vertex 17.3615 5.81672 25.6
      vertex 18 5.8 25.6
    endloop
  endfacet
  facet normal 0.0261774 0.999657 0
    outer loop
      vertex 17.3615 5.81672 25.6
      vertex 18 5.8 0
      vertex 17.3615 5.81672 0
    endloop
  endfacet
  facet normal -0.0784601 0.996917 0
    outer loop
      vertex 19.2752 5.86683 0
      vertex 18.6385 5.81672 25.6
      vertex 19.2752 5.86683 25.6
    endloop
  endfacet
  facet normal -0.0784601 0.996917 0
    outer loop
      vertex 18.6385 5.81672 25.6
      vertex 19.2752 5.86683 0
      vertex 18.6385 5.81672 0
    endloop
  endfacet
  facet normal -0.95882 -0.284014 0
    outer loop
      vertex 29.7843 21.1576 0
      vertex 29.6029 21.77 24
      vertex 29.6029 21.77 0
    endloop
  endfacet
  facet normal -0.95882 -0.284014 0
    outer loop
      vertex 29.6029 21.77 24
      vertex 29.7843 21.1576 0
      vertex 29.7843 21.1576 24
    endloop
  endfacet
  facet normal -0.852662 -0.522463 0
    outer loop
      vertex 28.5655 24.1 0
      vertex 28.2318 24.6446 24
      vertex 28.2318 24.6446 0
    endloop
  endfacet
  facet normal -0.852662 -0.522463 0
    outer loop
      vertex 28.2318 24.6446 24
      vertex 28.5655 24.1 0
      vertex 28.5655 24.1 24
    endloop
  endfacet
  facet normal -0.130518 0.991446 0
    outer loop
      vertex 19.9085 5.9502 0
      vertex 19.2752 5.86683 25.6
      vertex 19.9085 5.9502 25.6
    endloop
  endfacet
  facet normal -0.130518 0.991446 0
    outer loop
      vertex 19.2752 5.86683 25.6
      vertex 19.9085 5.9502 0
      vertex 19.2752 5.86683 0
    endloop
  endfacet
  facet normal -0.333786 -0.942649 0
    outer loop
      vertex 21.77 29.6029 0
      vertex 22.3721 29.3897 24
      vertex 21.77 29.6029 24
    endloop
  endfacet
  facet normal -0.333786 -0.942649 -0
    outer loop
      vertex 22.3721 29.3897 24
      vertex 21.77 29.6029 0
      vertex 22.3721 29.3897 0
    endloop
  endfacet
  facet normal 0.824137 -0.566391 0
    outer loop
      vertex 7.76822 24.6446 24
      vertex 8.12999 25.171 0
      vertex 8.12999 25.171 24
    endloop
  endfacet
  facet normal 0.824137 -0.566391 0
    outer loop
      vertex 8.12999 25.171 0
      vertex 7.76822 24.6446 24
      vertex 7.76822 24.6446 0
    endloop
  endfacet
  facet normal 0.902589 -0.430503 0
    outer loop
      vertex 6.85475 22.9622 24
      vertex 7.12972 23.5387 0
      vertex 7.12972 23.5387 24
    endloop
  endfacet
  facet normal 0.902589 -0.430503 0
    outer loop
      vertex 7.12972 23.5387 0
      vertex 6.85475 22.9622 24
      vertex 6.85475 22.9622 0
    endloop
  endfacet
  facet normal 0.566423 -0.824115 0
    outer loop
      vertex 10.829 27.87 0
      vertex 11.3554 28.2318 24
      vertex 10.829 27.87 24
    endloop
  endfacet
  facet normal 0.566423 -0.824115 0
    outer loop
      vertex 11.3554 28.2318 24
      vertex 10.829 27.87 0
      vertex 11.3554 28.2318 0
    endloop
  endfacet
  facet normal -0.972375 0.233426 0
    outer loop
      vertex 29.7843 14.8424 0
      vertex 29.9334 15.4635 24
      vertex 29.9334 15.4635 0
    endloop
  endfacet
  facet normal -0.972375 0.233426 0
    outer loop
      vertex 29.9334 15.4635 24
      vertex 29.7843 14.8424 0
      vertex 29.7843 14.8424 24
    endloop
  endfacet
  facet normal -0.649433 0.760419 0
    outer loop
      vertex 26.1634 8.93363 0
      vertex 25.6777 8.51882 24
      vertex 26.1634 8.93363 24
    endloop
  endfacet
  facet normal -0.649433 0.760419 0
    outer loop
      vertex 25.6777 8.51882 24
      vertex 26.1634 8.93363 0
      vertex 25.6777 8.51882 0
    endloop
  endfacet
  facet normal 0.382647 -0.923895 0
    outer loop
      vertex 13.0378 29.1453 0
      vertex 13.6279 29.3897 24
      vertex 13.0378 29.1453 24
    endloop
  endfacet
  facet normal 0.382647 -0.923895 0
    outer loop
      vertex 13.6279 29.3897 24
      vertex 13.0378 29.1453 0
      vertex 13.6279 29.3897 0
    endloop
  endfacet
  facet normal 0.852641 -0.522497 0
    outer loop
      vertex 7.43449 24.1 24
      vertex 7.76822 24.6446 0
      vertex 7.76822 24.6446 24
    endloop
  endfacet
  facet normal 0.852641 -0.522497 0
    outer loop
      vertex 7.76822 24.6446 0
      vertex 7.43449 24.1 24
      vertex 7.43449 24.1 0
    endloop
  endfacet
  facet normal -0.47717 0.878811 0
    outer loop
      vertex 24.1 7.43449 0
      vertex 23.5387 7.12972 24
      vertex 24.1 7.43449 24
    endloop
  endfacet
  facet normal -0.47717 0.878811 0
    outer loop
      vertex 23.5387 7.12972 24
      vertex 24.1 7.43449 0
      vertex 23.5387 7.12972 0
    endloop
  endfacet
  facet normal -0.983253 -0.182246 0
    outer loop
      vertex 30.0498 19.9085 0
      vertex 29.9334 20.5365 24
      vertex 29.9334 20.5365 0
    endloop
  endfacet
  facet normal -0.983253 -0.182246 0
    outer loop
      vertex 29.9334 20.5365 24
      vertex 30.0498 19.9085 0
      vertex 30.0498 19.9085 24
    endloop
  endfacet
  facet normal 0.852641 0.522497 0
    outer loop
      vertex 7.76822 11.3554 2
      vertex 7.43449 11.9 0
      vertex 7.43449 11.9 2
    endloop
  endfacet
  facet normal 0.852641 0.522497 0
    outer loop
      vertex 7.43449 11.9 0
      vertex 7.76822 11.3554 2
      vertex 7.76822 11.3554 0
    endloop
  endfacet
  facet normal 0.3338 0.942644 -0
    outer loop
      vertex 14.23 6.39711 0
      vertex 13.6279 6.61032 25.6
      vertex 14.23 6.39711 25.6
    endloop
  endfacet
  facet normal 0.3338 0.942644 0
    outer loop
      vertex 13.6279 6.61032 25.6
      vertex 14.23 6.39711 0
      vertex 13.6279 6.61032 0
    endloop
  endfacet
  facet normal -0.902571 -0.430541 0
    outer loop
      vertex 29.1453 22.9622 0
      vertex 28.8703 23.5387 24
      vertex 28.8703 23.5387 0
    endloop
  endfacet
  facet normal -0.902571 -0.430541 0
    outer loop
      vertex 28.8703 23.5387 24
      vertex 29.1453 22.9622 0
      vertex 29.1453 22.9622 24
    endloop
  endfacet
  facet normal -0.725339 -0.688391 0
    outer loop
      vertex 27.0664 26.1634 0
      vertex 26.6267 26.6267 24
      vertex 26.6267 26.6267 0
    endloop
  endfacet
  facet normal -0.725339 -0.688391 0
    outer loop
      vertex 26.6267 26.6267 24
      vertex 27.0664 26.1634 0
      vertex 27.0664 26.1634 24
    endloop
  endfacet
  facet normal -0.522463 -0.852662 0
    outer loop
      vertex 24.1 28.5655 0
      vertex 24.6446 28.2318 24
      vertex 24.1 28.5655 24
    endloop
  endfacet
  facet normal -0.522463 -0.852662 -0
    outer loop
      vertex 24.6446 28.2318 24
      vertex 24.1 28.5655 0
      vertex 24.6446 28.2318 0
    endloop
  endfacet
  facet normal -0.923895 -0.382647 0
    outer loop
      vertex 29.3897 22.3721 0
      vertex 29.1453 22.9622 24
      vertex 29.1453 22.9622 0
    endloop
  endfacet
  facet normal -0.923895 -0.382647 0
    outer loop
      vertex 29.1453 22.9622 24
      vertex 29.3897 22.3721 0
      vertex 29.3897 22.3721 24
    endloop
  endfacet
  facet normal 0.972371 -0.233441 0
    outer loop
      vertex 6.0666 20.5365 24
      vertex 6.21571 21.1576 0
      vertex 6.21571 21.1576 24
    endloop
  endfacet
  facet normal 0.972371 -0.233441 0
    outer loop
      vertex 6.21571 21.1576 0
      vertex 6.0666 20.5365 24
      vertex 6.0666 20.5365 0
    endloop
  endfacet
  facet normal -0.0261774 0.999657 0
    outer loop
      vertex 18.6385 5.81672 0
      vertex 18 5.8 25.6
      vertex 18.6385 5.81672 25.6
    endloop
  endfacet
  facet normal -0.0261774 0.999657 0
    outer loop
      vertex 18 5.8 25.6
      vertex 18.6385 5.81672 0
      vertex 18 5.8 0
    endloop
  endfacet
  facet normal 0.430541 -0.902571 0
    outer loop
      vertex 12.4613 28.8703 0
      vertex 13.0378 29.1453 24
      vertex 12.4613 28.8703 24
    endloop
  endfacet
  facet normal 0.430541 -0.902571 0
    outer loop
      vertex 13.0378 29.1453 24
      vertex 12.4613 28.8703 0
      vertex 13.0378 29.1453 0
    endloop
  endfacet
  facet normal -0.793357 0.608757 0
    outer loop
      vertex 27.4812 10.3223 0
      vertex 27.87 10.829 24
      vertex 27.87 10.829 0
    endloop
  endfacet
  facet normal -0.793357 0.608757 0
    outer loop
      vertex 27.87 10.829 24
      vertex 27.4812 10.3223 0
      vertex 27.4812 10.3223 24
    endloop
  endfacet
  facet normal -0.688367 0.725363 0
    outer loop
      vertex 26.6267 9.3733 0
      vertex 26.1634 8.93363 24
      vertex 26.6267 9.3733 24
    endloop
  endfacet
  facet normal -0.688367 0.725363 0
    outer loop
      vertex 26.1634 8.93363 24
      vertex 26.6267 9.3733 0
      vertex 26.1634 8.93363 0
    endloop
  endfacet
  facet normal -0.649424 -0.760427 0
    outer loop
      vertex 25.6777 27.4812 0
      vertex 26.1634 27.0664 24
      vertex 25.6777 27.4812 24
    endloop
  endfacet
  facet normal -0.649424 -0.760427 -0
    outer loop
      vertex 26.1634 27.0664 24
      vertex 25.6777 27.4812 0
      vertex 26.1634 27.0664 0
    endloop
  endfacet
  facet normal -0.566423 -0.824115 0
    outer loop
      vertex 24.6446 28.2318 0
      vertex 25.171 27.87 24
      vertex 24.6446 28.2318 24
    endloop
  endfacet
  facet normal -0.566423 -0.824115 -0
    outer loop
      vertex 25.171 27.87 24
      vertex 24.6446 28.2318 0
      vertex 25.171 27.87 0
    endloop
  endfacet
  facet normal 0.0783399 -0.996927 0
    outer loop
      vertex 16.7248 30.1332 0
      vertex 17.3 30.1784 24
      vertex 16.7248 30.1332 24
    endloop
  endfacet
  facet normal 0.0783399 -0.996927 0
    outer loop
      vertex 17.3 30.1784 24
      vertex 16.7248 30.1332 0
      vertex 17.3 30.1784 0
    endloop
  endfacet
  facet normal 0.996917 0.0784601 0
    outer loop
      vertex 5.86683 16.7248 24
      vertex 5.81672 17.3615 0
      vertex 5.81672 17.3615 24
    endloop
  endfacet
  facet normal 0.996917 0.0784601 0
    outer loop
      vertex 5.81672 17.3615 0
      vertex 5.86683 16.7248 24
      vertex 5.86683 16.7248 0
    endloop
  endfacet
  facet normal 0.999657 0.0261774 0
    outer loop
      vertex 5.81672 17.3615 24
      vertex 5.8 18 0
      vertex 5.8 18 24
    endloop
  endfacet
  facet normal 0.999657 0.0261774 0
    outer loop
      vertex 5.8 18 0
      vertex 5.81672 17.3615 24
      vertex 5.81672 17.3615 0
    endloop
  endfacet
  facet normal 0.942644 0.3338 0
    outer loop
      vertex 6.61032 13.6279 24
      vertex 6.39711 14.23 0
      vertex 6.39711 14.23 24
    endloop
  endfacet
  facet normal 0.942644 0.3338 0
    outer loop
      vertex 6.39711 14.23 0
      vertex 6.61032 13.6279 24
      vertex 6.61032 13.6279 0
    endloop
  endfacet
  facet normal 0.688384 -0.725347 0
    outer loop
      vertex 9.3733 26.6267 0
      vertex 9.83661 27.0664 24
      vertex 9.3733 26.6267 24
    endloop
  endfacet
  facet normal 0.688384 -0.725347 0
    outer loop
      vertex 9.83661 27.0664 24
      vertex 9.3733 26.6267 0
      vertex 9.83661 27.0664 0
    endloop
  endfacet
  facet normal 0.878811 -0.47717 0
    outer loop
      vertex 7.12972 23.5387 24
      vertex 7.43449 24.1 0
      vertex 7.43449 24.1 24
    endloop
  endfacet
  facet normal 0.878811 -0.47717 0
    outer loop
      vertex 7.43449 24.1 0
      vertex 7.12972 23.5387 24
      vertex 7.12972 23.5387 0
    endloop
  endfacet
  facet normal -0.99144 0.130564 0
    outer loop
      vertex 30.0498 16.0915 0
      vertex 30.1332 16.7248 24
      vertex 30.1332 16.7248 0
    endloop
  endfacet
  facet normal -0.99144 0.130564 0
    outer loop
      vertex 30.1332 16.7248 24
      vertex 30.0498 16.0915 0
      vertex 30.0498 16.0915 24
    endloop
  endfacet
  facet normal 0.284014 0.95882 -0
    outer loop
      vertex 14.8424 6.21571 0
      vertex 14.23 6.39711 25.6
      vertex 14.8424 6.21571 25.6
    endloop
  endfacet
  facet normal 0.284014 0.95882 0
    outer loop
      vertex 14.23 6.39711 25.6
      vertex 14.8424 6.21571 0
      vertex 14.23 6.39711 0
    endloop
  endfacet
  facet normal -0.725347 0.688384 0
    outer loop
      vertex 26.6267 9.3733 0
      vertex 27.0664 9.83661 24
      vertex 27.0664 9.83661 0
    endloop
  endfacet
  facet normal -0.725347 0.688384 0
    outer loop
      vertex 27.0664 9.83661 24
      vertex 26.6267 9.3733 0
      vertex 26.6267 9.3733 24
    endloop
  endfacet
  facet normal 0.130518 0.991446 -0
    outer loop
      vertex 16.7248 5.86683 0
      vertex 16.0915 5.9502 25.6
      vertex 16.7248 5.86683 25.6
    endloop
  endfacet
  facet normal 0.130518 0.991446 0
    outer loop
      vertex 16.0915 5.9502 25.6
      vertex 16.7248 5.86683 0
      vertex 16.0915 5.9502 0
    endloop
  endfacet
  facet normal 0.923878 0.382687 0
    outer loop
      vertex 6.85475 13.0378 24
      vertex 6.61032 13.6279 0
      vertex 6.61032 13.6279 24
    endloop
  endfacet
  facet normal 0.923878 0.382687 0
    outer loop
      vertex 6.61032 13.6279 0
      vertex 6.85475 13.0378 24
      vertex 6.85475 13.0378 0
    endloop
  endfacet
  facet normal 0.793334 -0.608786 0
    outer loop
      vertex 8.12999 25.171 24
      vertex 8.51882 25.6777 0
      vertex 8.51882 25.6777 24
    endloop
  endfacet
  facet normal 0.793334 -0.608786 0
    outer loop
      vertex 8.51882 25.6777 0
      vertex 8.12999 25.171 24
      vertex 8.12999 25.171 0
    endloop
  endfacet
  facet normal 0.233441 0.972371 -0
    outer loop
      vertex 15.4635 6.0666 0
      vertex 14.8424 6.21571 25.6
      vertex 15.4635 6.0666 25.6
    endloop
  endfacet
  facet normal 0.233441 0.972371 0
    outer loop
      vertex 14.8424 6.21571 25.6
      vertex 15.4635 6.0666 0
      vertex 14.8424 6.21571 0
    endloop
  endfacet
  facet normal 0.72537 0.688359 0
    outer loop
      vertex 9.3733 9.3733 24
      vertex 8.93363 9.83661 0
      vertex 8.93363 9.83661 24
    endloop
  endfacet
  facet normal 0.72537 0.688359 0
    outer loop
      vertex 8.93363 9.83661 0
      vertex 9.3733 9.3733 24
      vertex 9.3733 9.3733 0
    endloop
  endfacet
  facet normal 0.284014 -0.95882 0
    outer loop
      vertex 14.23 29.6029 0
      vertex 14.8424 29.7843 24
      vertex 14.23 29.6029 24
    endloop
  endfacet
  facet normal 0.284014 -0.95882 0
    outer loop
      vertex 14.8424 29.7843 24
      vertex 14.23 29.6029 0
      vertex 14.8424 29.7843 0
    endloop
  endfacet
  facet normal -0.182246 -0.983253 0
    outer loop
      vertex 19.9085 30.0498 0
      vertex 20.5365 29.9334 24
      vertex 19.9085 30.0498 24
    endloop
  endfacet
  facet normal -0.182246 -0.983253 -0
    outer loop
      vertex 20.5365 29.9334 24
      vertex 19.9085 30.0498 0
      vertex 20.5365 29.9334 0
    endloop
  endfacet
  facet normal 0.608786 0.793334 -0
    outer loop
      vertex 10.829 8.12999 0
      vertex 10.3223 8.51882 24
      vertex 10.829 8.12999 24
    endloop
  endfacet
  facet normal 0.608786 0.793334 0
    outer loop
      vertex 10.3223 8.51882 24
      vertex 10.829 8.12999 0
      vertex 10.3223 8.51882 0
    endloop
  endfacet
  facet normal -0.942649 0.333786 0
    outer loop
      vertex 29.3897 13.6279 0
      vertex 29.6029 14.23 24
      vertex 29.6029 14.23 0
    endloop
  endfacet
  facet normal -0.942649 0.333786 0
    outer loop
      vertex 29.6029 14.23 24
      vertex 29.3897 13.6279 0
      vertex 29.3897 13.6279 24
    endloop
  endfacet
  facet normal -0.996918 0.0784445 0
    outer loop
      vertex 30.1332 16.7248 0
      vertex 30.1833 17.3615 24
      vertex 30.1833 17.3615 0
    endloop
  endfacet
  facet normal -0.996918 0.0784445 0
    outer loop
      vertex 30.1833 17.3615 24
      vertex 30.1332 16.7248 0
      vertex 30.1332 16.7248 24
    endloop
  endfacet
  facet normal 0.725363 -0.688367 0
    outer loop
      vertex 8.93363 26.1634 24
      vertex 9.3733 26.6267 0
      vertex 9.3733 26.6267 24
    endloop
  endfacet
  facet normal 0.725363 -0.688367 0
    outer loop
      vertex 9.3733 26.6267 0
      vertex 8.93363 26.1634 24
      vertex 8.93363 26.1634 0
    endloop
  endfacet
  facet normal 0.477206 -0.878792 0
    outer loop
      vertex 11.9 28.5655 0
      vertex 12.4613 28.8703 24
      vertex 11.9 28.5655 24
    endloop
  endfacet
  facet normal 0.477206 -0.878792 0
    outer loop
      vertex 12.4613 28.8703 24
      vertex 11.9 28.5655 0
      vertex 12.4613 28.8703 0
    endloop
  endfacet
  facet normal -0.566391 0.824137 0
    outer loop
      vertex 25.171 8.12999 0
      vertex 24.6446 7.76822 24
      vertex 25.171 8.12999 24
    endloop
  endfacet
  facet normal -0.566391 0.824137 0
    outer loop
      vertex 24.6446 7.76822 24
      vertex 25.171 8.12999 0
      vertex 24.6446 7.76822 0
    endloop
  endfacet
  facet normal 0.688359 0.72537 -0
    outer loop
      vertex 9.83661 8.93363 0
      vertex 9.3733 9.3733 24
      vertex 9.83661 8.93363 24
    endloop
  endfacet
  facet normal 0.688359 0.72537 0
    outer loop
      vertex 9.3733 9.3733 24
      vertex 9.83661 8.93363 0
      vertex 9.3733 9.3733 0
    endloop
  endfacet
  facet normal 0.760419 -0.649433 0
    outer loop
      vertex 8.51882 25.6777 24
      vertex 8.93363 26.1634 0
      vertex 8.93363 26.1634 24
    endloop
  endfacet
  facet normal 0.760419 -0.649433 0
    outer loop
      vertex 8.93363 26.1634 0
      vertex 8.51882 25.6777 24
      vertex 8.51882 25.6777 0
    endloop
  endfacet
  facet normal 0.649431 -0.76042 0
    outer loop
      vertex 9.83661 27.0664 0
      vertex 10.3223 27.4812 24
      vertex 9.83661 27.0664 24
    endloop
  endfacet
  facet normal 0.649431 -0.76042 0
    outer loop
      vertex 10.3223 27.4812 24
      vertex 9.83661 27.0664 0
      vertex 10.3223 27.4812 0
    endloop
  endfacet
  facet normal -0.477206 -0.878792 0
    outer loop
      vertex 23.5387 28.8703 0
      vertex 24.1 28.5655 24
      vertex 23.5387 28.8703 24
    endloop
  endfacet
  facet normal -0.477206 -0.878792 -0
    outer loop
      vertex 24.1 28.5655 24
      vertex 23.5387 28.8703 0
      vertex 24.1 28.5655 0
    endloop
  endfacet
  facet normal -0.522497 0.852641 0
    outer loop
      vertex 24.6446 7.76822 0
      vertex 24.1 7.43449 24
      vertex 24.6446 7.76822 24
    endloop
  endfacet
  facet normal -0.522497 0.852641 0
    outer loop
      vertex 24.1 7.43449 24
      vertex 24.6446 7.76822 0
      vertex 24.1 7.43449 0
    endloop
  endfacet
  facet normal -0.999658 0.0261461 0
    outer loop
      vertex 30.1833 17.3615 0
      vertex 30.2 18 24
      vertex 30.2 18 0
    endloop
  endfacet
  facet normal -0.999658 0.0261461 0
    outer loop
      vertex 30.2 18 24
      vertex 30.1833 17.3615 0
      vertex 30.1833 17.3615 24
    endloop
  endfacet
  facet normal -0.76042 0.649431 0
    outer loop
      vertex 27.0664 9.83661 0
      vertex 27.4812 10.3223 24
      vertex 27.4812 10.3223 0
    endloop
  endfacet
  facet normal -0.76042 0.649431 0
    outer loop
      vertex 27.4812 10.3223 24
      vertex 27.0664 9.83661 0
      vertex 27.0664 9.83661 24
    endloop
  endfacet
  facet normal -0.233426 -0.972375 0
    outer loop
      vertex 20.5365 29.9334 0
      vertex 21.1576 29.7843 24
      vertex 20.5365 29.9334 24
    endloop
  endfacet
  facet normal -0.233426 -0.972375 -0
    outer loop
      vertex 21.1576 29.7843 24
      vertex 20.5365 29.9334 0
      vertex 21.1576 29.7843 0
    endloop
  endfacet
  facet normal -0.824115 -0.566423 0
    outer loop
      vertex 28.2318 24.6446 0
      vertex 27.87 25.171 24
      vertex 27.87 25.171 0
    endloop
  endfacet
  facet normal -0.824115 -0.566423 0
    outer loop
      vertex 27.87 25.171 24
      vertex 28.2318 24.6446 0
      vertex 28.2318 24.6446 24
    endloop
  endfacet
  facet normal -0.284014 0.95882 0
    outer loop
      vertex 21.77 6.39711 0
      vertex 21.1576 6.21571 25.6
      vertex 21.77 6.39711 25.6
    endloop
  endfacet
  facet normal -0.284014 0.95882 0
    outer loop
      vertex 21.1576 6.21571 25.6
      vertex 21.77 6.39711 0
      vertex 21.1576 6.21571 0
    endloop
  endfacet
  facet normal 0.991446 0.130518 0
    outer loop
      vertex 5.9502 16.0915 24
      vertex 5.86683 16.7248 0
      vertex 5.86683 16.7248 24
    endloop
  endfacet
  facet normal 0.991446 0.130518 0
    outer loop
      vertex 5.86683 16.7248 0
      vertex 5.9502 16.0915 24
      vertex 5.9502 16.0915 0
    endloop
  endfacet
  facet normal -0.430464 0.902608 0
    outer loop
      vertex 23.5387 7.12972 24
      vertex 23.5387 7.12972 0
      vertex 23.2667 7 24
    endloop
  endfacet
  facet normal -0.430538 0.902573 0
    outer loop
      vertex 23.2667 7 24
      vertex 22.9622 6.85475 25.6
      vertex 23.2667 7 25.6
    endloop
  endfacet
  facet normal -0.430503 0.902589 -5.3884e-07
    outer loop
      vertex 22.9622 6.85475 0
      vertex 23.2667 7 24
      vertex 23.5387 7.12972 0
    endloop
  endfacet
  facet normal -0.430538 0.902573 0
    outer loop
      vertex 23.2667 7 24
      vertex 22.9622 6.85475 0
      vertex 22.9622 6.85475 25.6
    endloop
  endfacet
  facet normal 0.182246 -0.983253 0
    outer loop
      vertex 15.4635 29.9334 0
      vertex 16.0915 30.0498 24
      vertex 15.4635 29.9334 24
    endloop
  endfacet
  facet normal 0.182246 -0.983253 0
    outer loop
      vertex 16.0915 30.0498 24
      vertex 15.4635 29.9334 0
      vertex 16.0915 30.0498 0
    endloop
  endfacet
  facet normal 0.47717 0.878811 -0
    outer loop
      vertex 12.4613 7.12972 0
      vertex 11.9 7.43449 24
      vertex 12.4613 7.12972 24
    endloop
  endfacet
  facet normal 0.47717 0.878811 0
    outer loop
      vertex 11.9 7.43449 24
      vertex 12.4613 7.12972 0
      vertex 11.9 7.43449 0
    endloop
  endfacet
  facet normal 0.233426 -0.972375 0
    outer loop
      vertex 14.8424 29.7843 0
      vertex 15.4635 29.9334 24
      vertex 14.8424 29.7843 24
    endloop
  endfacet
  facet normal 0.233426 -0.972375 0
    outer loop
      vertex 15.4635 29.9334 24
      vertex 14.8424 29.7843 0
      vertex 15.4635 29.9334 0
    endloop
  endfacet
  facet normal -0.972375 -0.233426 0
    outer loop
      vertex 29.9334 20.5365 0
      vertex 29.7843 21.1576 24
      vertex 29.7843 21.1576 0
    endloop
  endfacet
  facet normal -0.972375 -0.233426 0
    outer loop
      vertex 29.7843 21.1576 24
      vertex 29.9334 20.5365 0
      vertex 29.9334 20.5365 24
    endloop
  endfacet
  facet normal -0.878792 0.477206 0
    outer loop
      vertex 28.5655 11.9 0
      vertex 28.8703 12.4613 2
      vertex 28.8703 12.4613 0
    endloop
  endfacet
  facet normal -0.878792 0.477206 0
    outer loop
      vertex 28.8703 12.4613 2
      vertex 28.5655 11.9 0
      vertex 28.5655 11.9 2
    endloop
  endfacet
  facet normal -0.688391 -0.725339 0
    outer loop
      vertex 26.1634 27.0664 0
      vertex 26.6267 26.6267 24
      vertex 26.1634 27.0664 24
    endloop
  endfacet
  facet normal -0.688391 -0.725339 -0
    outer loop
      vertex 26.6267 26.6267 24
      vertex 26.1634 27.0664 0
      vertex 26.6267 26.6267 0
    endloop
  endfacet
  facet normal -0.95882 0.284014 0
    outer loop
      vertex 29.6029 14.23 0
      vertex 29.7843 14.8424 24
      vertex 29.7843 14.8424 0
    endloop
  endfacet
  facet normal -0.95882 0.284014 0
    outer loop
      vertex 29.7843 14.8424 24
      vertex 29.6029 14.23 0
      vertex 29.6029 14.23 24
    endloop
  endfacet
  facet normal 0.95882 -0.284014 0
    outer loop
      vertex 6.21571 21.1576 24
      vertex 6.39711 21.77 0
      vertex 6.39711 21.77 24
    endloop
  endfacet
  facet normal 0.95882 -0.284014 0
    outer loop
      vertex 6.39711 21.77 0
      vertex 6.21571 21.1576 24
      vertex 6.21571 21.1576 0
    endloop
  endfacet
  facet normal 0.522497 0.852641 -0
    outer loop
      vertex 11.9 7.43449 0
      vertex 11.3554 7.76822 24
      vertex 11.9 7.43449 24
    endloop
  endfacet
  facet normal 0.522497 0.852641 0
    outer loop
      vertex 11.3554 7.76822 24
      vertex 11.9 7.43449 0
      vertex 11.3554 7.76822 0
    endloop
  endfacet
  facet normal -0.130564 -0.99144 0
    outer loop
      vertex 19.2752 30.1332 0
      vertex 19.9085 30.0498 24
      vertex 19.2752 30.1332 24
    endloop
  endfacet
  facet normal -0.130564 -0.99144 -0
    outer loop
      vertex 19.9085 30.0498 24
      vertex 19.2752 30.1332 0
      vertex 19.9085 30.0498 0
    endloop
  endfacet
  facet normal -0.430541 -0.902571 0
    outer loop
      vertex 22.9622 29.1453 0
      vertex 23.5387 28.8703 24
      vertex 22.9622 29.1453 24
    endloop
  endfacet
  facet normal -0.430541 -0.902571 -0
    outer loop
      vertex 23.5387 28.8703 24
      vertex 22.9622 29.1453 0
      vertex 23.5387 28.8703 0
    endloop
  endfacet
  facet normal -0.878792 -0.477206 0
    outer loop
      vertex 28.8703 23.5387 0
      vertex 28.5655 24.1 24
      vertex 28.5655 24.1 0
    endloop
  endfacet
  facet normal -0.878792 -0.477206 0
    outer loop
      vertex 28.5655 24.1 24
      vertex 28.8703 23.5387 0
      vertex 28.8703 23.5387 24
    endloop
  endfacet
  facet normal 0.991446 -0.130518 0
    outer loop
      vertex 5.86683 19.2752 24
      vertex 5.9502 19.9085 0
      vertex 5.9502 19.9085 24
    endloop
  endfacet
  facet normal 0.991446 -0.130518 0
    outer loop
      vertex 5.9502 19.9085 0
      vertex 5.86683 19.2752 24
      vertex 5.86683 19.2752 0
    endloop
  endfacet
  facet normal -0.760427 -0.649424 0
    outer loop
      vertex 27.4812 25.6777 0
      vertex 27.0664 26.1634 24
      vertex 27.0664 26.1634 0
    endloop
  endfacet
  facet normal -0.760427 -0.649424 0
    outer loop
      vertex 27.0664 26.1634 24
      vertex 27.4812 25.6777 0
      vertex 27.4812 25.6777 24
    endloop
  endfacet
  facet normal -0.3338 0.942644 0
    outer loop
      vertex 22.3721 6.61032 0
      vertex 21.77 6.39711 25.6
      vertex 22.3721 6.61032 25.6
    endloop
  endfacet
  facet normal -0.3338 0.942644 0
    outer loop
      vertex 21.77 6.39711 25.6
      vertex 22.3721 6.61032 0
      vertex 21.77 6.39711 0
    endloop
  endfacet
  facet normal 0.608757 -0.793357 0
    outer loop
      vertex 10.3223 27.4812 0
      vertex 10.829 27.87 24
      vertex 10.3223 27.4812 24
    endloop
  endfacet
  facet normal 0.608757 -0.793357 0
    outer loop
      vertex 10.829 27.87 24
      vertex 10.3223 27.4812 0
      vertex 10.829 27.87 0
    endloop
  endfacet
  facet normal -0.793357 -0.608757 0
    outer loop
      vertex 27.87 25.171 0
      vertex 27.4812 25.6777 24
      vertex 27.4812 25.6777 0
    endloop
  endfacet
  facet normal -0.793357 -0.608757 0
    outer loop
      vertex 27.4812 25.6777 24
      vertex 27.87 25.171 0
      vertex 27.87 25.171 24
    endloop
  endfacet
  facet normal 0.382687 0.923878 -0
    outer loop
      vertex 13.6279 6.61032 0
      vertex 13.0378 6.85475 25.6
      vertex 13.6279 6.61032 25.6
    endloop
  endfacet
  facet normal 0.382687 0.923878 0
    outer loop
      vertex 13.0378 6.85475 25.6
      vertex 13.6279 6.61032 0
      vertex 13.0378 6.85475 0
    endloop
  endfacet
  facet normal -0.608757 -0.793357 0
    outer loop
      vertex 25.171 27.87 0
      vertex 25.6777 27.4812 24
      vertex 25.171 27.87 24
    endloop
  endfacet
  facet normal -0.608757 -0.793357 -0
    outer loop
      vertex 25.6777 27.4812 24
      vertex 25.171 27.87 0
      vertex 25.6777 27.4812 0
    endloop
  endfacet
  facet normal 0.333786 -0.942649 0
    outer loop
      vertex 13.6279 29.3897 0
      vertex 14.23 29.6029 24
      vertex 13.6279 29.3897 24
    endloop
  endfacet
  facet normal 0.333786 -0.942649 0
    outer loop
      vertex 14.23 29.6029 24
      vertex 13.6279 29.3897 0
      vertex 14.23 29.6029 0
    endloop
  endfacet
  facet normal 0.0784601 0.996917 -0
    outer loop
      vertex 17.3615 5.81672 0
      vertex 16.7248 5.86683 25.6
      vertex 17.3615 5.81672 25.6
    endloop
  endfacet
  facet normal 0.0784601 0.996917 0
    outer loop
      vertex 16.7248 5.86683 25.6
      vertex 17.3615 5.81672 0
      vertex 16.7248 5.86683 0
    endloop
  endfacet
  facet normal 0.760412 0.64944 0
    outer loop
      vertex 8.93363 9.83661 24
      vertex 8.51882 10.3223 0
      vertex 8.51882 10.3223 24
    endloop
  endfacet
  facet normal 0.760412 0.64944 0
    outer loop
      vertex 8.51882 10.3223 0
      vertex 8.93363 9.83661 24
      vertex 8.93363 9.83661 0
    endloop
  endfacet
  facet normal 0.999657 -0.0261774 0
    outer loop
      vertex 5.8 18 24
      vertex 5.81672 18.6385 0
      vertex 5.81672 18.6385 24
    endloop
  endfacet
  facet normal 0.999657 -0.0261774 0
    outer loop
      vertex 5.81672 18.6385 0
      vertex 5.8 18 24
      vertex 5.8 18 0
    endloop
  endfacet
  facet normal 0.522463 -0.852662 0
    outer loop
      vertex 11.3554 28.2318 0
      vertex 11.9 28.5655 24
      vertex 11.3554 28.2318 24
    endloop
  endfacet
  facet normal 0.522463 -0.852662 0
    outer loop
      vertex 11.9 28.5655 24
      vertex 11.3554 28.2318 0
      vertex 11.9 28.5655 0
    endloop
  endfacet
  facet normal 0.130564 -0.99144 0
    outer loop
      vertex 16.0915 30.0498 0
      vertex 16.7248 30.1332 24
      vertex 16.0915 30.0498 24
    endloop
  endfacet
  facet normal 0.130564 -0.99144 0
    outer loop
      vertex 16.7248 30.1332 24
      vertex 16.0915 30.0498 0
      vertex 16.7248 30.1332 0
    endloop
  endfacet
  facet normal 0.923878 -0.382687 0
    outer loop
      vertex 6.61032 22.3721 24
      vertex 6.85475 22.9622 0
      vertex 6.85475 22.9622 24
    endloop
  endfacet
  facet normal 0.923878 -0.382687 0
    outer loop
      vertex 6.85475 22.9622 0
      vertex 6.61032 22.3721 24
      vertex 6.61032 22.3721 0
    endloop
  endfacet
  facet normal -0.823474 0.567354 0
    outer loop
      vertex 28.2318 11.3554 0
      vertex 28.1968 11.3046 2
      vertex 28.2318 11.3554 2
    endloop
  endfacet
  facet normal -0.824115 0.566423 -3.48809e-05
    outer loop
      vertex 27.87 10.829 0
      vertex 28.1968 11.3046 2
      vertex 28.2318 11.3554 0
    endloop
  endfacet
  facet normal -0.824183 0.566323 0
    outer loop
      vertex 27.87 10.829 24
      vertex 28.1968 11.3046 2
      vertex 27.87 10.829 0
    endloop
  endfacet
  facet normal -0.824183 0.566323 0
    outer loop
      vertex 28.1968 11.3046 2
      vertex 27.87 10.829 24
      vertex 28.1968 11.3046 24
    endloop
  endfacet
  facet normal -0.923895 0.382647 0
    outer loop
      vertex 29.1453 13.0378 0
      vertex 29.3897 13.6279 24
      vertex 29.3897 13.6279 0
    endloop
  endfacet
  facet normal -0.923895 0.382647 0
    outer loop
      vertex 29.3897 13.6279 24
      vertex 29.1453 13.0378 0
      vertex 29.1453 13.0378 24
    endloop
  endfacet
  facet normal -0.902524 0.43064 0
    outer loop
      vertex 29.1453 13.0378 0
      vertex 28.8968 12.517 2
      vertex 29.1453 13.0378 24
    endloop
  endfacet
  facet normal -0.902571 0.430541 -3.15078e-05
    outer loop
      vertex 28.8703 12.4613 0
      vertex 28.8968 12.517 2
      vertex 29.1453 13.0378 0
    endloop
  endfacet
  facet normal -0.90301 0.429619 0
    outer loop
      vertex 28.8968 12.517 2
      vertex 28.8703 12.4613 0
      vertex 28.8703 12.4613 2
    endloop
  endfacet
  facet normal -0.902524 0.43064 0
    outer loop
      vertex 29.1453 13.0378 24
      vertex 28.8968 12.517 2
      vertex 28.8968 12.517 24
    endloop
  endfacet
  facet normal -0.233441 0.972371 0
    outer loop
      vertex 21.1576 6.21571 0
      vertex 20.5365 6.0666 25.6
      vertex 21.1576 6.21571 25.6
    endloop
  endfacet
  facet normal -0.233441 0.972371 0
    outer loop
      vertex 20.5365 6.0666 25.6
      vertex 21.1576 6.21571 0
      vertex 20.5365 6.0666 0
    endloop
  endfacet
  facet normal 0.878811 0.47717 0
    outer loop
      vertex 7.43449 11.9 2
      vertex 7.12972 12.4613 0
      vertex 7.12972 12.4613 2
    endloop
  endfacet
  facet normal 0.878811 0.47717 0
    outer loop
      vertex 7.12972 12.4613 0
      vertex 7.43449 11.9 2
      vertex 7.43449 11.9 0
    endloop
  endfacet
  facet normal 0.942644 -0.3338 0
    outer loop
      vertex 6.39711 21.77 24
      vertex 6.61032 22.3721 0
      vertex 6.61032 22.3721 24
    endloop
  endfacet
  facet normal 0.942644 -0.3338 0
    outer loop
      vertex 6.61032 22.3721 0
      vertex 6.39711 21.77 24
      vertex 6.39711 21.77 0
    endloop
  endfacet
  facet normal -0.182246 0.983253 0
    outer loop
      vertex 20.5365 6.0666 0
      vertex 19.9085 5.9502 25.6
      vertex 20.5365 6.0666 25.6
    endloop
  endfacet
  facet normal -0.182246 0.983253 0
    outer loop
      vertex 19.9085 5.9502 25.6
      vertex 20.5365 6.0666 0
      vertex 19.9085 5.9502 0
    endloop
  endfacet
  facet normal -0.608786 0.793334 0
    outer loop
      vertex 25.6777 8.51882 0
      vertex 25.171 8.12999 24
      vertex 25.6777 8.51882 24
    endloop
  endfacet
  facet normal -0.608786 0.793334 0
    outer loop
      vertex 25.171 8.12999 24
      vertex 25.6777 8.51882 0
      vertex 25.171 8.12999 0
    endloop
  endfacet
  facet normal -0.852662 0.522463 0
    outer loop
      vertex 28.2318 11.3554 0
      vertex 28.5655 11.9 2
      vertex 28.5655 11.9 0
    endloop
  endfacet
  facet normal -0.852662 0.522463 0
    outer loop
      vertex 28.5655 11.9 2
      vertex 28.2318 11.3554 0
      vertex 28.2318 11.3554 2
    endloop
  endfacet
  facet normal -0.0783399 -0.996927 0
    outer loop
      vertex 18.7 30.1784 0
      vertex 19.2752 30.1332 24
      vertex 18.7 30.1784 24
    endloop
  endfacet
  facet normal -0.0783399 -0.996927 -0
    outer loop
      vertex 19.2752 30.1332 24
      vertex 18.7 30.1784 0
      vertex 19.2752 30.1332 0
    endloop
  endfacet
  facet normal -0.382687 0.923878 0
    outer loop
      vertex 22.9622 6.85475 0
      vertex 22.3721 6.61032 25.6
      vertex 22.9622 6.85475 25.6
    endloop
  endfacet
  facet normal -0.382687 0.923878 0
    outer loop
      vertex 22.3721 6.61032 25.6
      vertex 22.9622 6.85475 0
      vertex 22.3721 6.61032 0
    endloop
  endfacet
  facet normal -0.382647 -0.923895 0
    outer loop
      vertex 22.3721 29.3897 0
      vertex 22.9622 29.1453 24
      vertex 22.3721 29.3897 24
    endloop
  endfacet
  facet normal -0.382647 -0.923895 -0
    outer loop
      vertex 22.9622 29.1453 24
      vertex 22.3721 29.3897 0
      vertex 22.9622 29.1453 0
    endloop
  endfacet
  facet normal 0.182246 0.983253 -0
    outer loop
      vertex 16.0915 5.9502 0
      vertex 15.4635 6.0666 25.6
      vertex 16.0915 5.9502 25.6
    endloop
  endfacet
  facet normal 0.182246 0.983253 0
    outer loop
      vertex 15.4635 6.0666 25.6
      vertex 16.0915 5.9502 0
      vertex 15.4635 6.0666 0
    endloop
  endfacet
  facet normal 0.996917 -0.0784601 0
    outer loop
      vertex 5.81672 18.6385 24
      vertex 5.86683 19.2752 0
      vertex 5.86683 19.2752 24
    endloop
  endfacet
  facet normal 0.996917 -0.0784601 0
    outer loop
      vertex 5.86683 19.2752 0
      vertex 5.81672 18.6385 24
      vertex 5.81672 18.6385 0
    endloop
  endfacet
  facet normal 0.983253 -0.182246 0
    outer loop
      vertex 5.9502 19.9085 24
      vertex 6.0666 20.5365 0
      vertex 6.0666 20.5365 24
    endloop
  endfacet
  facet normal 0.983253 -0.182246 0
    outer loop
      vertex 6.0666 20.5365 0
      vertex 5.9502 19.9085 24
      vertex 5.9502 19.9085 0
    endloop
  endfacet
  facet normal 0.793334 0.608786 0
    outer loop
      vertex 8.51882 10.3223 24
      vertex 8.12999 10.829 0
      vertex 8.12999 10.829 24
    endloop
  endfacet
  facet normal 0.793334 0.608786 0
    outer loop
      vertex 8.12999 10.829 0
      vertex 8.51882 10.3223 24
      vertex 8.51882 10.3223 0
    endloop
  endfacet
  facet normal 0.824159 0.566358 0
    outer loop
      vertex 7.80316 11.3046 24
      vertex 8.12999 10.829 24
      vertex 7.80316 11.3046 2
    endloop
  endfacet
  facet normal 0.823928 0.566694 0
    outer loop
      vertex 7.80316 11.3046 2
      vertex 7.76822 11.3554 0
      vertex 7.76822 11.3554 2
    endloop
  endfacet
  facet normal 0.824137 0.566391 -1.13507e-05
    outer loop
      vertex 7.80316 11.3046 2
      vertex 8.12999 10.829 0
      vertex 7.76822 11.3554 0
    endloop
  endfacet
  facet normal 0.824159 0.566358 -0
    outer loop
      vertex 8.12999 10.829 0
      vertex 7.80316 11.3046 2
      vertex 8.12999 10.829 24
    endloop
  endfacet
  facet normal 0.95882 0.284014 0
    outer loop
      vertex 6.39711 14.23 24
      vertex 6.21571 14.8424 0
      vertex 6.21571 14.8424 24
    endloop
  endfacet
  facet normal 0.95882 0.284014 0
    outer loop
      vertex 6.21571 14.8424 0
      vertex 6.39711 14.23 24
      vertex 6.39711 14.23 0
    endloop
  endfacet
  facet normal 0.972371 0.233441 0
    outer loop
      vertex 6.21571 14.8424 24
      vertex 6.0666 15.4635 0
      vertex 6.0666 15.4635 24
    endloop
  endfacet
  facet normal 0.972371 0.233441 0
    outer loop
      vertex 6.0666 15.4635 0
      vertex 6.21571 14.8424 24
      vertex 6.21571 14.8424 0
    endloop
  endfacet
  facet normal 0.64944 0.760412 -0
    outer loop
      vertex 10.3223 8.51882 0
      vertex 9.83661 8.93363 24
      vertex 10.3223 8.51882 24
    endloop
  endfacet
  facet normal 0.64944 0.760412 0
    outer loop
      vertex 9.83661 8.93363 24
      vertex 10.3223 8.51882 0
      vertex 9.83661 8.93363 0
    endloop
  endfacet
  facet normal 0.430538 0.902573 0
    outer loop
      vertex 13.0378 6.85475 25.6
      vertex 12.7333 7 24
      vertex 12.7333 7 25.6
    endloop
  endfacet
  facet normal 0.430538 0.902573 -0
    outer loop
      vertex 13.0378 6.85475 0
      vertex 12.7333 7 24
      vertex 13.0378 6.85475 25.6
    endloop
  endfacet
  facet normal 0.430503 0.902589 -5.3884e-07
    outer loop
      vertex 12.4613 7.12972 0
      vertex 12.7333 7 24
      vertex 13.0378 6.85475 0
    endloop
  endfacet
  facet normal 0.430464 0.902608 0
    outer loop
      vertex 12.7333 7 24
      vertex 12.4613 7.12972 0
      vertex 12.4613 7.12972 24
    endloop
  endfacet
  facet normal -0.284014 -0.95882 0
    outer loop
      vertex 21.1576 29.7843 0
      vertex 21.77 29.6029 24
      vertex 21.1576 29.7843 24
    endloop
  endfacet
  facet normal -0.284014 -0.95882 -0
    outer loop
      vertex 21.77 29.6029 24
      vertex 21.1576 29.7843 0
      vertex 21.77 29.6029 0
    endloop
  endfacet
  facet normal 0.566391 0.824137 -0
    outer loop
      vertex 11.3554 7.76822 0
      vertex 10.829 8.12999 24
      vertex 11.3554 7.76822 24
    endloop
  endfacet
  facet normal 0.566391 0.824137 0
    outer loop
      vertex 10.829 8.12999 24
      vertex 11.3554 7.76822 0
      vertex 10.829 8.12999 0
    endloop
  endfacet
  facet normal 0.902585 0.430513 -0
    outer loop
      vertex 7.10316 12.517 2
      vertex 6.85475 13.0378 24
      vertex 7.10316 12.517 24
    endloop
  endfacet
  facet normal 0.902585 0.430513 0
    outer loop
      vertex 6.85475 13.0378 24
      vertex 7.10316 12.517 2
      vertex 6.85475 13.0378 0
    endloop
  endfacet
  facet normal 0.902633 0.430412 -0
    outer loop
      vertex 7.12972 12.4613 0
      vertex 7.10316 12.517 2
      vertex 7.12972 12.4613 2
    endloop
  endfacet
  facet normal 0.902589 0.430503 -3.12266e-06
    outer loop
      vertex 7.10316 12.517 2
      vertex 7.12972 12.4613 0
      vertex 6.85475 13.0378 0
    endloop
  endfacet
  facet normal 1 0 0
    outer loop
      vertex 24 7 25.6
      vertex 24 6.86832 24
      vertex 24 7 24
    endloop
  endfacet
  facet normal 1 0 0
    outer loop
      vertex 24 6.86832 24
      vertex 24 5.6 24
      vertex 24 6.86832 21.4
    endloop
  endfacet
  facet normal 1 0 0
    outer loop
      vertex 24 7 25.6
      vertex 24 5.6 24
      vertex 24 6.86832 24
    endloop
  endfacet
  facet normal 1 -0 0
    outer loop
      vertex 24 1.35 25.6
      vertex 24 5.6 24
      vertex 24 7 25.6
    endloop
  endfacet
  facet normal 1 0 0
    outer loop
      vertex 24 5.6 24
      vertex 24 1.35 25.6
      vertex 24 1.35 24
    endloop
  endfacet
  facet normal 1 0 0
    outer loop
      vertex 24 6.86832 21.4
      vertex 24 5.6 24
      vertex 24 5.6 21.4
    endloop
  endfacet
  facet normal -0 0 1
    outer loop
      vertex 16.1631 4.88315 25.6
      vertex 16.6924 3.70164 25.6
      vertex 16.1931 4.89157 25.6
    endloop
  endfacet
  facet normal -0 0 1
    outer loop
      vertex 16.1338 4.87401 25.6
      vertex 16.6924 3.70164 25.6
      vertex 16.1631 4.88315 25.6
    endloop
  endfacet
  facet normal -0 0 1
    outer loop
      vertex 16.1051 4.86413 25.6
      vertex 16.6924 3.70164 25.6
      vertex 16.1338 4.87401 25.6
    endloop
  endfacet
  facet normal -0 0 1
    outer loop
      vertex 16.077 4.85354 25.6
      vertex 16.6924 3.70164 25.6
      vertex 16.1051 4.86413 25.6
    endloop
  endfacet
  facet normal -0 0 1
    outer loop
      vertex 16.0496 4.84221 25.6
      vertex 16.6924 3.70164 25.6
      vertex 16.077 4.85354 25.6
    endloop
  endfacet
  facet normal -0 0 1
    outer loop
      vertex 16.0227 4.8302 25.6
      vertex 16.6924 3.70164 25.6
      vertex 16.0496 4.84221 25.6
    endloop
  endfacet
  facet normal -0 0 1
    outer loop
      vertex 15.9965 4.81756 25.6
      vertex 16.6924 3.70164 25.6
      vertex 16.0227 4.8302 25.6
    endloop
  endfacet
  facet normal -0 0 1
    outer loop
      vertex 15.9709 4.8043 25.6
      vertex 16.6924 3.70164 25.6
      vertex 15.9965 4.81756 25.6
    endloop
  endfacet
  facet normal -0 0 1
    outer loop
      vertex 15.9458 4.79042 25.6
      vertex 16.6924 3.70164 25.6
      vertex 15.9709 4.8043 25.6
    endloop
  endfacet
  facet normal -0 0 1
    outer loop
      vertex 15.9213 4.77591 25.6
      vertex 16.6924 3.70164 25.6
      vertex 15.9458 4.79042 25.6
    endloop
  endfacet
  facet normal -0 0 1
    outer loop
      vertex 15.8975 4.76077 25.6
      vertex 16.6924 3.70164 25.6
      vertex 15.9213 4.77591 25.6
    endloop
  endfacet
  facet normal -0 0 1
    outer loop
      vertex 15.8742 4.74502 25.6
      vertex 16.6924 3.70164 25.6
      vertex 15.8975 4.76077 25.6
    endloop
  endfacet
  facet normal -0 0 1
    outer loop
      vertex 15.8515 4.72863 25.6
      vertex 16.6924 3.70164 25.6
      vertex 15.8742 4.74502 25.6
    endloop
  endfacet
  facet normal -0 0 1
    outer loop
      vertex 15.8295 4.71162 25.6
      vertex 16.6924 3.70164 25.6
      vertex 15.8515 4.72863 25.6
    endloop
  endfacet
  facet normal -0 0 1
    outer loop
      vertex 15.808 4.69398 25.6
      vertex 16.6924 3.70164 25.6
      vertex 15.8295 4.71162 25.6
    endloop
  endfacet
  facet normal -0 0 1
    outer loop
      vertex 15.7871 4.67573 25.6
      vertex 16.6924 3.70164 25.6
      vertex 15.808 4.69398 25.6
    endloop
  endfacet
  facet normal -0 0 1
    outer loop
      vertex 15.7668 4.65684 25.6
      vertex 16.6924 3.70164 25.6
      vertex 15.7871 4.67573 25.6
    endloop
  endfacet
  facet normal -0 0 1
    outer loop
      vertex 15.7471 4.63733 25.6
      vertex 16.6924 3.70164 25.6
      vertex 15.7668 4.65684 25.6
    endloop
  endfacet
  facet normal -0 0 1
    outer loop
      vertex 15.7279 4.61718 25.6
      vertex 16.6924 3.70164 25.6
      vertex 15.7471 4.63733 25.6
    endloop
  endfacet
  facet normal -0 0 1
    outer loop
      vertex 15.7094 4.59643 25.6
      vertex 16.6924 3.70164 25.6
      vertex 15.7279 4.61718 25.6
    endloop
  endfacet
  facet normal -0 0 1
    outer loop
      vertex 15.6915 4.57504 25.6
      vertex 16.6924 3.70164 25.6
      vertex 15.7094 4.59643 25.6
    endloop
  endfacet
  facet normal -0 0 1
    outer loop
      vertex 15.6741 4.55307 25.6
      vertex 16.6924 3.70164 25.6
      vertex 15.6915 4.57504 25.6
    endloop
  endfacet
  facet normal -0 0 1
    outer loop
      vertex 15.6574 4.53056 25.6
      vertex 16.6924 3.70164 25.6
      vertex 15.6741 4.55307 25.6
    endloop
  endfacet
  facet normal -0 0 1
    outer loop
      vertex 15.6412 4.5075 25.6
      vertex 16.6924 3.70164 25.6
      vertex 15.6574 4.53056 25.6
    endloop
  endfacet
  facet normal -0 0 1
    outer loop
      vertex 15.6255 4.48391 25.6
      vertex 16.6924 3.70164 25.6
      vertex 15.6412 4.5075 25.6
    endloop
  endfacet
  facet normal -0 0 1
    outer loop
      vertex 15.6105 4.45979 25.6
      vertex 16.6924 3.70164 25.6
      vertex 15.6255 4.48391 25.6
    endloop
  endfacet
  facet normal -0 0 1
    outer loop
      vertex 15.596 4.43512 25.6
      vertex 16.6924 3.70164 25.6
      vertex 15.6105 4.45979 25.6
    endloop
  endfacet
  facet normal -0 -0 1
    outer loop
      vertex 15.4929 3.03598 25.6
      vertex 16.2 2.75 25.6
      vertex 15.484 3.06689 25.6
    endloop
  endfacet
  facet normal -0 0 1
    outer loop
      vertex 15.5821 4.40991 25.6
      vertex 16.6924 3.70164 25.6
      vertex 15.596 4.43512 25.6
    endloop
  endfacet
  facet normal 0 0 1
    outer loop
      vertex 16.2 2.75 25.6
      vertex 15.6137 2.75712 25.6
      vertex 15.6181 2.75 25.6
    endloop
  endfacet
  facet normal -0 0 1
    outer loop
      vertex 15.5687 4.38415 25.6
      vertex 16.6924 3.70164 25.6
      vertex 15.5821 4.40991 25.6
    endloop
  endfacet
  facet normal -0 -0 1
    outer loop
      vertex 15.6137 2.75712 25.6
      vertex 16.2 2.75 25.6
      vertex 15.5991 2.78253 25.6
    endloop
  endfacet
  facet normal -0 0 1
    outer loop
      vertex 15.556 4.35786 25.6
      vertex 16.6924 3.70164 25.6
      vertex 15.5687 4.38415 25.6
    endloop
  endfacet
  facet normal -0 -0 1
    outer loop
      vertex 15.5991 2.78253 25.6
      vertex 16.2 2.75 25.6
      vertex 15.585 2.80848 25.6
    endloop
  endfacet
  facet normal -0 0 1
    outer loop
      vertex 15.5438 4.33102 25.6
      vertex 16.6924 3.70164 25.6
      vertex 15.556 4.35786 25.6
    endloop
  endfacet
  facet normal -0 -0 1
    outer loop
      vertex 15.585 2.80848 25.6
      vertex 16.2 2.75 25.6
      vertex 15.5715 2.835 25.6
    endloop
  endfacet
  facet normal -0 0 1
    outer loop
      vertex 15.5322 4.30365 25.6
      vertex 16.6924 3.70164 25.6
      vertex 15.5438 4.33102 25.6
    endloop
  endfacet
  facet normal -0 -0 1
    outer loop
      vertex 15.5715 2.835 25.6
      vertex 16.2 2.75 25.6
      vertex 15.5585 2.86206 25.6
    endloop
  endfacet
  facet normal -0 0 1
    outer loop
      vertex 15.5211 4.27574 25.6
      vertex 16.6924 3.70164 25.6
      vertex 15.5322 4.30365 25.6
    endloop
  endfacet
  facet normal -0 -0 1
    outer loop
      vertex 15.5585 2.86206 25.6
      vertex 16.2 2.75 25.6
      vertex 15.5462 2.88968 25.6
    endloop
  endfacet
  facet normal -0 0 1
    outer loop
      vertex 15.5106 4.24728 25.6
      vertex 16.6924 3.70164 25.6
      vertex 15.5211 4.27574 25.6
    endloop
  endfacet
  facet normal -0 -0 1
    outer loop
      vertex 15.5462 2.88968 25.6
      vertex 16.2 2.75 25.6
      vertex 15.5344 2.91783 25.6
    endloop
  endfacet
  facet normal -0 0 1
    outer loop
      vertex 15.5007 4.21829 25.6
      vertex 16.6924 3.70164 25.6
      vertex 15.5106 4.24728 25.6
    endloop
  endfacet
  facet normal -0 -0 1
    outer loop
      vertex 15.5344 2.91783 25.6
      vertex 16.2 2.75 25.6
      vertex 15.5231 2.94655 25.6
    endloop
  endfacet
  facet normal -0 0 1
    outer loop
      vertex 15.4914 4.18876 25.6
      vertex 16.6924 3.70164 25.6
      vertex 15.5007 4.21829 25.6
    endloop
  endfacet
  facet normal -0 -0 1
    outer loop
      vertex 15.5231 2.94655 25.6
      vertex 16.2 2.75 25.6
      vertex 15.5125 2.97581 25.6
    endloop
  endfacet
  facet normal -0 0 1
    outer loop
      vertex 15.4826 4.15869 25.6
      vertex 16.6924 3.70164 25.6
      vertex 15.4914 4.18876 25.6
    endloop
  endfacet
  facet normal -0 -0 1
    outer loop
      vertex 15.5125 2.97581 25.6
      vertex 16.2 2.75 25.6
      vertex 15.5024 3.00561 25.6
    endloop
  endfacet
  facet normal -0 0 1
    outer loop
      vertex 15.4744 4.12811 25.6
      vertex 16.6924 3.70164 25.6
      vertex 15.4826 4.15869 25.6
    endloop
  endfacet
  facet normal -0 -0 1
    outer loop
      vertex 15.5024 3.00561 25.6
      vertex 16.2 2.75 25.6
      vertex 15.4929 3.03598 25.6
    endloop
  endfacet
  facet normal -0 0 1
    outer loop
      vertex 15.4668 4.09709 25.6
      vertex 16.6924 3.70164 25.6
      vertex 15.4744 4.12811 25.6
    endloop
  endfacet
  facet normal 0 0 1
    outer loop
      vertex 16.2 2.75 25.6
      vertex 15.4756 3.09828 25.6
      vertex 15.484 3.06689 25.6
    endloop
  endfacet
  facet normal -0 0 1
    outer loop
      vertex 15.4596 4.06559 25.6
      vertex 16.6924 3.70164 25.6
      vertex 15.4668 4.09709 25.6
    endloop
  endfacet
  facet normal 0 0 1
    outer loop
      vertex 16.2 2.75 25.6
      vertex 15.4678 3.13005 25.6
      vertex 15.4756 3.09828 25.6
    endloop
  endfacet
  facet normal -0 0 1
    outer loop
      vertex 15.453 4.03366 25.6
      vertex 16.6924 3.70164 25.6
      vertex 15.4596 4.06559 25.6
    endloop
  endfacet
  facet normal 0 0 1
    outer loop
      vertex 16.2 2.75 25.6
      vertex 15.4605 3.1622 25.6
      vertex 15.4678 3.13005 25.6
    endloop
  endfacet
  facet normal -0 0 1
    outer loop
      vertex 15.4469 4.00126 25.6
      vertex 16.6924 3.70164 25.6
      vertex 15.453 4.03366 25.6
    endloop
  endfacet
  facet normal 0 0 1
    outer loop
      vertex 16.2 2.75 25.6
      vertex 15.4537 3.19473 25.6
      vertex 15.4605 3.1622 25.6
    endloop
  endfacet
  facet normal -0 0 1
    outer loop
      vertex 15.4413 3.96841 25.6
      vertex 16.6924 3.70164 25.6
      vertex 15.4469 4.00126 25.6
    endloop
  endfacet
  facet normal 0 0 1
    outer loop
      vertex 16.2 2.75 25.6
      vertex 15.4475 3.22764 25.6
      vertex 15.4537 3.19473 25.6
    endloop
  endfacet
  facet normal -0 0 1
    outer loop
      vertex 15.4363 3.9351 25.6
      vertex 16.6924 3.70164 25.6
      vertex 15.4413 3.96841 25.6
    endloop
  endfacet
  facet normal 0 0 1
    outer loop
      vertex 16.2 2.75 25.6
      vertex 15.4418 3.26094 25.6
      vertex 15.4475 3.22764 25.6
    endloop
  endfacet
  facet normal -0 0 1
    outer loop
      vertex 15.4318 3.90135 25.6
      vertex 16.6924 3.70164 25.6
      vertex 15.4363 3.9351 25.6
    endloop
  endfacet
  facet normal 0 0 1
    outer loop
      vertex 16.2 2.75 25.6
      vertex 15.4367 3.29461 25.6
      vertex 15.4418 3.26094 25.6
    endloop
  endfacet
  facet normal -0 0 1
    outer loop
      vertex 15.4278 3.86712 25.6
      vertex 16.6924 3.70164 25.6
      vertex 15.4318 3.90135 25.6
    endloop
  endfacet
  facet normal 0 0 1
    outer loop
      vertex 16.2 2.75 25.6
      vertex 15.4321 3.32867 25.6
      vertex 15.4367 3.29461 25.6
    endloop
  endfacet
  facet normal -0 0 1
    outer loop
      vertex 15.4244 3.83246 25.6
      vertex 16.6924 3.70164 25.6
      vertex 15.4278 3.86712 25.6
    endloop
  endfacet
  facet normal 0 0 1
    outer loop
      vertex 16.6924 3.70164 25.6
      vertex 15.4321 3.32867 25.6
      vertex 16.2 2.75 25.6
    endloop
  endfacet
  facet normal -0 0 1
    outer loop
      vertex 15.4215 3.79731 25.6
      vertex 16.6924 3.70164 25.6
      vertex 15.4244 3.83246 25.6
    endloop
  endfacet
  facet normal 0 -0 1
    outer loop
      vertex 15.4321 3.32867 25.6
      vertex 16.6924 3.70164 25.6
      vertex 15.4281 3.36311 25.6
    endloop
  endfacet
  facet normal -0 0 1
    outer loop
      vertex 15.4191 3.76173 25.6
      vertex 16.6924 3.70164 25.6
      vertex 15.4215 3.79731 25.6
    endloop
  endfacet
  facet normal 0 -0 1
    outer loop
      vertex 15.4281 3.36311 25.6
      vertex 16.6924 3.70164 25.6
      vertex 15.4246 3.39793 25.6
    endloop
  endfacet
  facet normal -0 0 1
    outer loop
      vertex 15.4172 3.72569 25.6
      vertex 16.6924 3.70164 25.6
      vertex 15.4191 3.76173 25.6
    endloop
  endfacet
  facet normal 0 -0 1
    outer loop
      vertex 15.4246 3.39793 25.6
      vertex 16.6924 3.70164 25.6
      vertex 15.4216 3.43313 25.6
    endloop
  endfacet
  facet normal 0 0 1
    outer loop
      vertex 15.4159 3.68921 25.6
      vertex 16.6924 3.70164 25.6
      vertex 15.4172 3.72569 25.6
    endloop
  endfacet
  facet normal 0 -0 1
    outer loop
      vertex 15.4216 3.43313 25.6
      vertex 16.6924 3.70164 25.6
      vertex 15.4192 3.46872 25.6
    endloop
  endfacet
  facet normal 0 0 1
    outer loop
      vertex 15.4151 3.65225 25.6
      vertex 16.6924 3.70164 25.6
      vertex 15.4159 3.68921 25.6
    endloop
  endfacet
  facet normal 0 -0 1
    outer loop
      vertex 15.4192 3.46872 25.6
      vertex 16.6924 3.70164 25.6
      vertex 15.4173 3.50468 25.6
    endloop
  endfacet
  facet normal 0 0 1
    outer loop
      vertex 15.4148 3.61485 25.6
      vertex 16.6924 3.70164 25.6
      vertex 15.4151 3.65225 25.6
    endloop
  endfacet
  facet normal 0 -0 1
    outer loop
      vertex 15.4151 3.57774 25.6
      vertex 16.6924 3.70164 25.6
      vertex 15.4148 3.61485 25.6
    endloop
  endfacet
  facet normal 0 -0 1
    outer loop
      vertex 15.4173 3.50468 25.6
      vertex 16.6924 3.70164 25.6
      vertex 15.4159 3.54103 25.6
    endloop
  endfacet
  facet normal 0 -0 1
    outer loop
      vertex 15.4159 3.54103 25.6
      vertex 16.6924 3.70164 25.6
      vertex 15.4151 3.57774 25.6
    endloop
  endfacet
  facet normal 0 0 1
    outer loop
      vertex 18.7288 2.72514 25.6
      vertex 18.3579 3.70164 25.6
      vertex 18.6 2.75 25.6
    endloop
  endfacet
  facet normal 0 0 1
    outer loop
      vertex 18.8091 4.6109 25.6
      vertex 18.2765 4.56964 25.6
      vertex 18.3579 3.70164 25.6
    endloop
  endfacet
  facet normal 0 0 1
    outer loop
      vertex 18.8091 4.6109 25.6
      vertex 18.2658 4.59794 25.6
      vertex 18.2765 4.56964 25.6
    endloop
  endfacet
  facet normal 0 0 1
    outer loop
      vertex 18.8154 4.64253 25.6
      vertex 18.2658 4.59794 25.6
      vertex 18.8091 4.6109 25.6
    endloop
  endfacet
  facet normal 0 -0 1
    outer loop
      vertex 18.2658 4.59794 25.6
      vertex 18.8154 4.64253 25.6
      vertex 18.2546 4.6259 25.6
    endloop
  endfacet
  facet normal 0 0 1
    outer loop
      vertex 18.8223 4.67363 25.6
      vertex 18.2546 4.6259 25.6
      vertex 18.8154 4.64253 25.6
    endloop
  endfacet
  facet normal 0 -0 1
    outer loop
      vertex 18.2546 4.6259 25.6
      vertex 18.8223 4.67363 25.6
      vertex 18.2429 4.65352 25.6
    endloop
  endfacet
  facet normal 0 0 1
    outer loop
      vertex 18.83 4.70416 25.6
      vertex 18.2429 4.65352 25.6
      vertex 18.8223 4.67363 25.6
    endloop
  endfacet
  facet normal 0 -0 1
    outer loop
      vertex 18.2429 4.65352 25.6
      vertex 18.83 4.70416 25.6
      vertex 18.2308 4.68077 25.6
    endloop
  endfacet
  facet normal 0 0 1
    outer loop
      vertex 18.8382 4.73414 25.6
      vertex 18.2308 4.68077 25.6
      vertex 18.83 4.70416 25.6
    endloop
  endfacet
  facet normal 0 -0 1
    outer loop
      vertex 18.2308 4.68077 25.6
      vertex 18.8382 4.73414 25.6
      vertex 18.2182 4.70767 25.6
    endloop
  endfacet
  facet normal 0 0 1
    outer loop
      vertex 18.8472 4.76358 25.6
      vertex 18.2182 4.70767 25.6
      vertex 18.8382 4.73414 25.6
    endloop
  endfacet
  facet normal 0 -0 1
    outer loop
      vertex 18.2182 4.70767 25.6
      vertex 18.8472 4.76358 25.6
      vertex 18.2052 4.73423 25.6
    endloop
  endfacet
  facet normal 0 0 1
    outer loop
      vertex 18.6385 5.81672 25.6
      vertex 18.1176 4.88623 25.6
      vertex 18.1333 4.86177 25.6
    endloop
  endfacet
  facet normal 0 0 1
    outer loop
      vertex 18.6385 5.81672 25.6
      vertex 18.1013 4.91034 25.6
      vertex 18.1176 4.88623 25.6
    endloop
  endfacet
  facet normal 0 0 1
    outer loop
      vertex 18.6385 5.81672 25.6
      vertex 18.0847 4.93409 25.6
      vertex 18.1013 4.91034 25.6
    endloop
  endfacet
  facet normal 0 0 1
    outer loop
      vertex 18.6385 5.81672 25.6
      vertex 18.0676 4.9575 25.6
      vertex 18.0847 4.93409 25.6
    endloop
  endfacet
  facet normal 0 0 1
    outer loop
      vertex 18.6385 5.81672 25.6
      vertex 18.05 4.98056 25.6
      vertex 18.0676 4.9575 25.6
    endloop
  endfacet
  facet normal 0 0 1
    outer loop
      vertex 18.6385 5.81672 25.6
      vertex 18.0319 5.00325 25.6
      vertex 18.05 4.98056 25.6
    endloop
  endfacet
  facet normal 0 0 1
    outer loop
      vertex 18.6385 5.81672 25.6
      vertex 18.0133 5.02551 25.6
      vertex 18.0319 5.00325 25.6
    endloop
  endfacet
  facet normal 0 0 1
    outer loop
      vertex 17.9745 5.06881 25.6
      vertex 18.6385 5.81672 25.6
      vertex 18 5.8 25.6
    endloop
  endfacet
  facet normal 0 0 1
    outer loop
      vertex 18.6385 5.81672 25.6
      vertex 17.9942 5.04738 25.6
      vertex 18.0133 5.02551 25.6
    endloop
  endfacet
  facet normal 0 0 1
    outer loop
      vertex 18.6385 5.81672 25.6
      vertex 17.9745 5.06881 25.6
      vertex 17.9942 5.04738 25.6
    endloop
  endfacet
  facet normal 0 0 1
    outer loop
      vertex 18 5.8 25.6
      vertex 17.9544 5.08984 25.6
      vertex 17.9745 5.06881 25.6
    endloop
  endfacet
  facet normal 0 0 1
    outer loop
      vertex 18 5.8 25.6
      vertex 17.9337 5.11046 25.6
      vertex 17.9544 5.08984 25.6
    endloop
  endfacet
  facet normal 0 0 1
    outer loop
      vertex 18 5.8 25.6
      vertex 17.9124 5.13066 25.6
      vertex 17.9337 5.11046 25.6
    endloop
  endfacet
  facet normal 0 0 1
    outer loop
      vertex 18 5.8 25.6
      vertex 17.8906 5.15045 25.6
      vertex 17.9124 5.13066 25.6
    endloop
  endfacet
  facet normal 0 0 1
    outer loop
      vertex 18 5.8 25.6
      vertex 17.8683 5.16983 25.6
      vertex 17.8906 5.15045 25.6
    endloop
  endfacet
  facet normal 0 0 1
    outer loop
      vertex 18 5.8 25.6
      vertex 17.8455 5.18879 25.6
      vertex 17.8683 5.16983 25.6
    endloop
  endfacet
  facet normal 0 0 1
    outer loop
      vertex 18 5.8 25.6
      vertex 17.8221 5.20733 25.6
      vertex 17.8455 5.18879 25.6
    endloop
  endfacet
  facet normal 0 0 1
    outer loop
      vertex 18 5.8 25.6
      vertex 17.7982 5.22548 25.6
      vertex 17.8221 5.20733 25.6
    endloop
  endfacet
  facet normal 0 0 1
    outer loop
      vertex 18 5.8 25.6
      vertex 17.7738 5.24319 25.6
      vertex 17.7982 5.22548 25.6
    endloop
  endfacet
  facet normal 0 0 1
    outer loop
      vertex 18 5.8 25.6
      vertex 17.7489 5.26051 25.6
      vertex 17.7738 5.24319 25.6
    endloop
  endfacet
  facet normal 0 0 1
    outer loop
      vertex 18 5.8 25.6
      vertex 17.7234 5.2774 25.6
      vertex 17.7489 5.26051 25.6
    endloop
  endfacet
  facet normal 0 0 1
    outer loop
      vertex 18 5.8 25.6
      vertex 17.6974 5.29388 25.6
      vertex 17.7234 5.2774 25.6
    endloop
  endfacet
  facet normal 0 0 1
    outer loop
      vertex 18 5.8 25.6
      vertex 17.6708 5.30992 25.6
      vertex 17.6974 5.29388 25.6
    endloop
  endfacet
  facet normal 0 0 1
    outer loop
      vertex 18 5.8 25.6
      vertex 17.6437 5.3255 25.6
      vertex 17.6708 5.30992 25.6
    endloop
  endfacet
  facet normal 0 0 1
    outer loop
      vertex 18 5.8 25.6
      vertex 17.616 5.3406 25.6
      vertex 17.6437 5.3255 25.6
    endloop
  endfacet
  facet normal 0 0 1
    outer loop
      vertex 18 5.8 25.6
      vertex 17.5878 5.35525 25.6
      vertex 17.616 5.3406 25.6
    endloop
  endfacet
  facet normal 0 0 1
    outer loop
      vertex 18 5.8 25.6
      vertex 17.5591 5.36943 25.6
      vertex 17.5878 5.35525 25.6
    endloop
  endfacet
  facet normal 0 0 1
    outer loop
      vertex 18 5.8 25.6
      vertex 17.5298 5.38315 25.6
      vertex 17.5591 5.36943 25.6
    endloop
  endfacet
  facet normal 0 0 1
    outer loop
      vertex 17.3615 5.81672 25.6
      vertex 17.5298 5.38315 25.6
      vertex 18 5.8 25.6
    endloop
  endfacet
  facet normal 0 0 1
    outer loop
      vertex 17.5298 5.38315 25.6
      vertex 17.3615 5.81672 25.6
      vertex 17.4999 5.39639 25.6
    endloop
  endfacet
  facet normal 0 0 1
    outer loop
      vertex 17.4999 5.39639 25.6
      vertex 17.3615 5.81672 25.6
      vertex 17.4695 5.40916 25.6
    endloop
  endfacet
  facet normal 0 0 1
    outer loop
      vertex 17.4695 5.40916 25.6
      vertex 17.3615 5.81672 25.6
      vertex 17.4386 5.42148 25.6
    endloop
  endfacet
  facet normal 0 0 1
    outer loop
      vertex 17.4386 5.42148 25.6
      vertex 17.3615 5.81672 25.6
      vertex 17.407 5.43332 25.6
    endloop
  endfacet
  facet normal 0 0 1
    outer loop
      vertex 17.407 5.43332 25.6
      vertex 17.3615 5.81672 25.6
      vertex 17.375 5.4447 25.6
    endloop
  endfacet
  facet normal 0 0 1
    outer loop
      vertex 17.3615 5.81672 25.6
      vertex 17.3424 5.45561 25.6
      vertex 17.375 5.4447 25.6
    endloop
  endfacet
  facet normal 0 0 1
    outer loop
      vertex 17.3615 5.81672 25.6
      vertex 17.3092 5.46606 25.6
      vertex 17.3424 5.45561 25.6
    endloop
  endfacet
  facet normal 0 0 1
    outer loop
      vertex 17.3615 5.81672 25.6
      vertex 17.2755 5.47604 25.6
      vertex 17.3092 5.46606 25.6
    endloop
  endfacet
  facet normal 0 0 1
    outer loop
      vertex 17.3615 5.81672 25.6
      vertex 17.2412 5.48555 25.6
      vertex 17.2755 5.47604 25.6
    endloop
  endfacet
  facet normal 0 0 1
    outer loop
      vertex 17.3615 5.81672 25.6
      vertex 17.2064 5.4946 25.6
      vertex 17.2412 5.48555 25.6
    endloop
  endfacet
  facet normal 0 0 1
    outer loop
      vertex 17.3615 5.81672 25.6
      vertex 17.171 5.50314 25.6
      vertex 17.2064 5.4946 25.6
    endloop
  endfacet
  facet normal 0 0 1
    outer loop
      vertex 17.3615 5.81672 25.6
      vertex 17.135 5.51114 25.6
      vertex 17.171 5.50314 25.6
    endloop
  endfacet
  facet normal 0 0 1
    outer loop
      vertex 17.3615 5.81672 25.6
      vertex 17.0983 5.51857 25.6
      vertex 17.135 5.51114 25.6
    endloop
  endfacet
  facet normal 0 0 1
    outer loop
      vertex 17.3615 5.81672 25.6
      vertex 17.061 5.52545 25.6
      vertex 17.0983 5.51857 25.6
    endloop
  endfacet
  facet normal 0 0 1
    outer loop
      vertex 17.3615 5.81672 25.6
      vertex 17.0231 5.5318 25.6
      vertex 17.061 5.52545 25.6
    endloop
  endfacet
  facet normal 0 0 1
    outer loop
      vertex 17.3615 5.81672 25.6
      vertex 16.9846 5.53758 25.6
      vertex 17.0231 5.5318 25.6
    endloop
  endfacet
  facet normal 0 0 1
    outer loop
      vertex 16.7248 5.86683 25.6
      vertex 16.9846 5.53758 25.6
      vertex 17.3615 5.81672 25.6
    endloop
  endfacet
  facet normal 0 0 1
    outer loop
      vertex 16.9846 5.53758 25.6
      vertex 16.7248 5.86683 25.6
      vertex 16.9454 5.54281 25.6
    endloop
  endfacet
  facet normal 0 0 1
    outer loop
      vertex 16.9454 5.54281 25.6
      vertex 16.7248 5.86683 25.6
      vertex 16.9057 5.5475 25.6
    endloop
  endfacet
  facet normal 0 0 1
    outer loop
      vertex 16.9057 5.5475 25.6
      vertex 16.7248 5.86683 25.6
      vertex 16.8653 5.55162 25.6
    endloop
  endfacet
  facet normal 0 0 1
    outer loop
      vertex 16.8653 5.55162 25.6
      vertex 16.7248 5.86683 25.6
      vertex 16.8242 5.5552 25.6
    endloop
  endfacet
  facet normal 0 0 1
    outer loop
      vertex 16.8242 5.5552 25.6
      vertex 16.7248 5.86683 25.6
      vertex 16.7826 5.55824 25.6
    endloop
  endfacet
  facet normal 0 0 1
    outer loop
      vertex 16.7826 5.55824 25.6
      vertex 16.7248 5.86683 25.6
      vertex 16.7403 5.56071 25.6
    endloop
  endfacet
  facet normal 0 0 1
    outer loop
      vertex 16.7248 5.86683 25.6
      vertex 16.6974 5.56265 25.6
      vertex 16.7403 5.56071 25.6
    endloop
  endfacet
  facet normal 0 0 1
    outer loop
      vertex 16.7248 5.86683 25.6
      vertex 16.6539 5.56402 25.6
      vertex 16.6974 5.56265 25.6
    endloop
  endfacet
  facet normal 0 0 1
    outer loop
      vertex 16.7248 5.86683 25.6
      vertex 16.6097 5.56485 25.6
      vertex 16.6539 5.56402 25.6
    endloop
  endfacet
  facet normal 0 0 1
    outer loop
      vertex 16.7248 5.86683 25.6
      vertex 16.5649 5.56512 25.6
      vertex 16.6097 5.56485 25.6
    endloop
  endfacet
  facet normal 0 0 1
    outer loop
      vertex 16.7248 5.86683 25.6
      vertex 16.5034 5.56459 25.6
      vertex 16.5649 5.56512 25.6
    endloop
  endfacet
  facet normal 0 0 1
    outer loop
      vertex 16.7248 5.86683 25.6
      vertex 16.4428 5.56299 25.6
      vertex 16.5034 5.56459 25.6
    endloop
  endfacet
  facet normal 0 0 1
    outer loop
      vertex 16.0915 5.9502 25.6
      vertex 16.4428 5.56299 25.6
      vertex 16.7248 5.86683 25.6
    endloop
  endfacet
  facet normal 0 0 1
    outer loop
      vertex 16.4428 5.56299 25.6
      vertex 16.0915 5.9502 25.6
      vertex 16.3833 5.5603 25.6
    endloop
  endfacet
  facet normal 0 0 1
    outer loop
      vertex 16.3833 5.5603 25.6
      vertex 16.0915 5.9502 25.6
      vertex 16.3248 5.55656 25.6
    endloop
  endfacet
  facet normal 0 0 1
    outer loop
      vertex 16.3248 5.55656 25.6
      vertex 16.0915 5.9502 25.6
      vertex 16.2672 5.55174 25.6
    endloop
  endfacet
  facet normal 0 0 1
    outer loop
      vertex 16.2672 5.55174 25.6
      vertex 16.0915 5.9502 25.6
      vertex 16.2107 5.54585 25.6
    endloop
  endfacet
  facet normal 0 0 1
    outer loop
      vertex 16.2107 5.54585 25.6
      vertex 16.0915 5.9502 25.6
      vertex 16.1552 5.53891 25.6
    endloop
  endfacet
  facet normal 0 0 1
    outer loop
      vertex 16.1552 5.53891 25.6
      vertex 16.0915 5.9502 25.6
      vertex 16.1007 5.53087 25.6
    endloop
  endfacet
  facet normal 0 0 1
    outer loop
      vertex 16.0915 5.9502 25.6
      vertex 16.0472 5.52177 25.6
      vertex 16.1007 5.53087 25.6
    endloop
  endfacet
  facet normal 0 0 1
    outer loop
      vertex 16.0915 5.9502 25.6
      vertex 15.9948 5.51161 25.6
      vertex 16.0472 5.52177 25.6
    endloop
  endfacet
  facet normal 0 0 1
    outer loop
      vertex 16.0915 5.9502 25.6
      vertex 15.9433 5.50036 25.6
      vertex 15.9948 5.51161 25.6
    endloop
  endfacet
  facet normal 0 0 1
    outer loop
      vertex 16.0915 5.9502 25.6
      vertex 15.8928 5.48806 25.6
      vertex 15.9433 5.50036 25.6
    endloop
  endfacet
  facet normal 0 0 1
    outer loop
      vertex 16.0915 5.9502 25.6
      vertex 15.8433 5.47468 25.6
      vertex 15.8928 5.48806 25.6
    endloop
  endfacet
  facet normal 0 0 1
    outer loop
      vertex 15.4635 6.0666 25.6
      vertex 15.8433 5.47468 25.6
      vertex 16.0915 5.9502 25.6
    endloop
  endfacet
  facet normal 0 0 1
    outer loop
      vertex 15.8433 5.47468 25.6
      vertex 15.4635 6.0666 25.6
      vertex 15.7949 5.46023 25.6
    endloop
  endfacet
  facet normal 0 0 1
    outer loop
      vertex 15.7949 5.46023 25.6
      vertex 15.4635 6.0666 25.6
      vertex 15.7474 5.44471 25.6
    endloop
  endfacet
  facet normal 0 0 1
    outer loop
      vertex 15.7474 5.44471 25.6
      vertex 15.4635 6.0666 25.6
      vertex 15.701 5.42813 25.6
    endloop
  endfacet
  facet normal 0 0 1
    outer loop
      vertex 15.701 5.42813 25.6
      vertex 15.4635 6.0666 25.6
      vertex 15.6555 5.41055 25.6
    endloop
  endfacet
  facet normal 0 0 1
    outer loop
      vertex 15.6555 5.41055 25.6
      vertex 15.4635 6.0666 25.6
      vertex 15.611 5.39206 25.6
    endloop
  endfacet
  facet normal 0 0 1
    outer loop
      vertex 15.611 5.39206 25.6
      vertex 15.4635 6.0666 25.6
      vertex 15.5675 5.37266 25.6
    endloop
  endfacet
  facet normal 0 0 1
    outer loop
      vertex 15.5675 5.37266 25.6
      vertex 15.4635 6.0666 25.6
      vertex 15.525 5.35235 25.6
    endloop
  endfacet
  facet normal 0 0 1
    outer loop
      vertex 15.525 5.35235 25.6
      vertex 15.4635 6.0666 25.6
      vertex 15.4834 5.33113 25.6
    endloop
  endfacet
  facet normal 0 0 1
    outer loop
      vertex 15.4635 6.0666 25.6
      vertex 15.4429 5.30899 25.6
      vertex 15.4834 5.33113 25.6
    endloop
  endfacet
  facet normal 0 0 1
    outer loop
      vertex 15.4635 6.0666 25.6
      vertex 15.4033 5.28595 25.6
      vertex 15.4429 5.30899 25.6
    endloop
  endfacet
  facet normal 0 0 1
    outer loop
      vertex 15.4635 6.0666 25.6
      vertex 15.3646 5.26199 25.6
      vertex 15.4033 5.28595 25.6
    endloop
  endfacet
  facet normal 0 0 1
    outer loop
      vertex 14.8424 6.21571 25.6
      vertex 15.3646 5.26199 25.6
      vertex 15.4635 6.0666 25.6
    endloop
  endfacet
  facet normal 0 0 1
    outer loop
      vertex 15.3646 5.26199 25.6
      vertex 14.8424 6.21571 25.6
      vertex 15.327 5.23712 25.6
    endloop
  endfacet
  facet normal 0 0 1
    outer loop
      vertex 15.327 5.23712 25.6
      vertex 14.8424 6.21571 25.6
      vertex 15.2903 5.21135 25.6
    endloop
  endfacet
  facet normal 0 0 1
    outer loop
      vertex 15.2903 5.21135 25.6
      vertex 14.8424 6.21571 25.6
      vertex 15.2546 5.18466 25.6
    endloop
  endfacet
  facet normal 0 0 1
    outer loop
      vertex 15.2546 5.18466 25.6
      vertex 14.8424 6.21571 25.6
      vertex 15.2198 5.15706 25.6
    endloop
  endfacet
  facet normal 0 0 1
    outer loop
      vertex 15.2198 5.15706 25.6
      vertex 14.8424 6.21571 25.6
      vertex 15.1861 5.12854 25.6
    endloop
  endfacet
  facet normal 0 0 1
    outer loop
      vertex 15.1861 5.12854 25.6
      vertex 14.8424 6.21571 25.6
      vertex 15.1533 5.0991 25.6
    endloop
  endfacet
  facet normal 0 0 1
    outer loop
      vertex 15.1533 5.0991 25.6
      vertex 14.8424 6.21571 25.6
      vertex 15.1215 5.06877 25.6
    endloop
  endfacet
  facet normal 0 0 1
    outer loop
      vertex 15.1215 5.06877 25.6
      vertex 14.8424 6.21571 25.6
      vertex 15.0907 5.03752 25.6
    endloop
  endfacet
  facet normal 0 0 1
    outer loop
      vertex 15.0907 5.03752 25.6
      vertex 14.8424 6.21571 25.6
      vertex 15.0608 5.0054 25.6
    endloop
  endfacet
  facet normal 0 0 1
    outer loop
      vertex 15.0608 5.0054 25.6
      vertex 14.8424 6.21571 25.6
      vertex 15.0319 4.97246 25.6
    endloop
  endfacet
  facet normal 0 0 1
    outer loop
      vertex 15.0319 4.97246 25.6
      vertex 14.8424 6.21571 25.6
      vertex 15.004 4.93866 25.6
    endloop
  endfacet
  facet normal 0 0 1
    outer loop
      vertex 14.23 6.39711 25.6
      vertex 15.004 4.93866 25.6
      vertex 14.8424 6.21571 25.6
    endloop
  endfacet
  facet normal 0 0 1
    outer loop
      vertex 15.004 4.93866 25.6
      vertex 14.23 6.39711 25.6
      vertex 14.977 4.90402 25.6
    endloop
  endfacet
  facet normal 0 0 1
    outer loop
      vertex 14.977 4.90402 25.6
      vertex 14.23 6.39711 25.6
      vertex 14.951 4.86856 25.6
    endloop
  endfacet
  facet normal 0 0 1
    outer loop
      vertex 14.951 4.86856 25.6
      vertex 14.23 6.39711 25.6
      vertex 14.926 4.83226 25.6
    endloop
  endfacet
  facet normal 0 0 1
    outer loop
      vertex 14.926 4.83226 25.6
      vertex 14.23 6.39711 25.6
      vertex 14.9019 4.79512 25.6
    endloop
  endfacet
  facet normal 0 0 1
    outer loop
      vertex 14.9019 4.79512 25.6
      vertex 14.23 6.39711 25.6
      vertex 14.8788 4.75714 25.6
    endloop
  endfacet
  facet normal 0 0 1
    outer loop
      vertex 14.8788 4.75714 25.6
      vertex 14.23 6.39711 25.6
      vertex 14.8566 4.71832 25.6
    endloop
  endfacet
  facet normal 0 0 1
    outer loop
      vertex 14.8566 4.71832 25.6
      vertex 14.23 6.39711 25.6
      vertex 14.8354 4.67866 25.6
    endloop
  endfacet
  facet normal 0 0 1
    outer loop
      vertex 14.8354 4.67866 25.6
      vertex 14.23 6.39711 25.6
      vertex 14.8152 4.63817 25.6
    endloop
  endfacet
  facet normal 0 0 1
    outer loop
      vertex 14.8152 4.63817 25.6
      vertex 14.23 6.39711 25.6
      vertex 14.7959 4.59684 25.6
    endloop
  endfacet
  facet normal 0 0 1
    outer loop
      vertex 14.7959 4.59684 25.6
      vertex 14.23 6.39711 25.6
      vertex 14.7776 4.55468 25.6
    endloop
  endfacet
  facet normal 0 0 1
    outer loop
      vertex 13.6279 6.61032 25.6
      vertex 14.7776 4.55468 25.6
      vertex 14.23 6.39711 25.6
    endloop
  endfacet
  facet normal 0 0 1
    outer loop
      vertex 14.7776 4.55468 25.6
      vertex 13.6279 6.61032 25.6
      vertex 14.7603 4.51169 25.6
    endloop
  endfacet
  facet normal 0 0 1
    outer loop
      vertex 14.7603 4.51169 25.6
      vertex 13.6279 6.61032 25.6
      vertex 14.744 4.46783 25.6
    endloop
  endfacet
  facet normal 0 0 1
    outer loop
      vertex 14.744 4.46783 25.6
      vertex 13.6279 6.61032 25.6
      vertex 14.7286 4.42317 25.6
    endloop
  endfacet
  facet normal 0 0 1
    outer loop
      vertex 14.7286 4.42317 25.6
      vertex 13.6279 6.61032 25.6
      vertex 14.7141 4.37773 25.6
    endloop
  endfacet
  facet normal 0 0 1
    outer loop
      vertex 14.7141 4.37773 25.6
      vertex 13.6279 6.61032 25.6
      vertex 14.7006 4.33162 25.6
    endloop
  endfacet
  facet normal 0 0 1
    outer loop
      vertex 14.7006 4.33162 25.6
      vertex 13.6279 6.61032 25.6
      vertex 14.688 4.28483 25.6
    endloop
  endfacet
  facet normal 0 0 1
    outer loop
      vertex 14.688 4.28483 25.6
      vertex 13.6279 6.61032 25.6
      vertex 14.6763 4.23736 25.6
    endloop
  endfacet
  facet normal 0 0 1
    outer loop
      vertex 14.6763 4.23736 25.6
      vertex 13.6279 6.61032 25.6
      vertex 14.6656 4.18921 25.6
    endloop
  endfacet
  facet normal 0 0 1
    outer loop
      vertex 13.0378 6.85475 25.6
      vertex 14.6656 4.18921 25.6
      vertex 13.6279 6.61032 25.6
    endloop
  endfacet
  facet normal 0 0 1
    outer loop
      vertex 14.6656 4.18921 25.6
      vertex 13.0378 6.85475 25.6
      vertex 14.6558 4.14039 25.6
    endloop
  endfacet
  facet normal 0 0 1
    outer loop
      vertex 14.6558 4.14039 25.6
      vertex 13.0378 6.85475 25.6
      vertex 14.647 4.09088 25.6
    endloop
  endfacet
  facet normal 0 0 1
    outer loop
      vertex 12 7 25.6
      vertex 14.647 4.09088 25.6
      vertex 13.0378 6.85475 25.6
    endloop
  endfacet
  facet normal 0 0 1
    outer loop
      vertex 14.6208 3.88609 25.6
      vertex 12 1.35 25.6
      vertex 14.6167 3.8332 25.6
    endloop
  endfacet
  facet normal 0 0 1
    outer loop
      vertex 12 1.35 25.6
      vertex 14.6208 3.88609 25.6
      vertex 12 7 25.6
    endloop
  endfacet
  facet normal 0 0 1
    outer loop
      vertex 14.626 3.93831 25.6
      vertex 12 7 25.6
      vertex 14.6208 3.88609 25.6
    endloop
  endfacet
  facet normal 0 0 1
    outer loop
      vertex 14.632 3.98985 25.6
      vertex 12 7 25.6
      vertex 14.626 3.93831 25.6
    endloop
  endfacet
  facet normal 0 0 1
    outer loop
      vertex 14.639 4.04071 25.6
      vertex 12 7 25.6
      vertex 14.632 3.98985 25.6
    endloop
  endfacet
  facet normal 0 0 1
    outer loop
      vertex 14.647 4.09088 25.6
      vertex 12 7 25.6
      vertex 14.639 4.04071 25.6
    endloop
  endfacet
  facet normal 0 0 1
    outer loop
      vertex 18.6 2.75 25.6
      vertex 18.3579 3.70164 25.6
      vertex 18.3579 2.75 25.6
    endloop
  endfacet
  facet normal -0 0 1
    outer loop
      vertex 17.5387 4.3472 25.6
      vertex 18.3579 3.70164 25.6
      vertex 18.2765 4.56964 25.6
    endloop
  endfacet
  facet normal 0 0 1
    outer loop
      vertex 16.6924 3.70164 25.6
      vertex 17.5325 4.36207 25.6
      vertex 17.526 4.37686 25.6
    endloop
  endfacet
  facet normal 0 0 1
    outer loop
      vertex 16.6924 3.70164 25.6
      vertex 17.526 4.37686 25.6
      vertex 17.5193 4.39154 25.6
    endloop
  endfacet
  facet normal 0 0 1
    outer loop
      vertex 16.6924 3.70164 25.6
      vertex 17.5193 4.39154 25.6
      vertex 17.5123 4.40613 25.6
    endloop
  endfacet
  facet normal 0 0 1
    outer loop
      vertex 16.6924 3.70164 25.6
      vertex 17.5123 4.40613 25.6
      vertex 17.505 4.42061 25.6
    endloop
  endfacet
  facet normal 0 0 1
    outer loop
      vertex 16.6924 3.70164 25.6
      vertex 17.505 4.42061 25.6
      vertex 17.4975 4.43499 25.6
    endloop
  endfacet
  facet normal 0 0 1
    outer loop
      vertex 16.6924 3.70164 25.6
      vertex 17.4975 4.43499 25.6
      vertex 17.4897 4.44929 25.6
    endloop
  endfacet
  facet normal 0 0 1
    outer loop
      vertex 16.6924 3.70164 25.6
      vertex 17.4897 4.44929 25.6
      vertex 17.4817 4.4635 25.6
    endloop
  endfacet
  facet normal 0 0 1
    outer loop
      vertex 16.6924 3.70164 25.6
      vertex 17.4817 4.4635 25.6
      vertex 17.4735 4.47761 25.6
    endloop
  endfacet
  facet normal 0 0 1
    outer loop
      vertex 16.6924 3.70164 25.6
      vertex 17.4735 4.47761 25.6
      vertex 17.465 4.49162 25.6
    endloop
  endfacet
  facet normal 0 0 1
    outer loop
      vertex 16.6924 3.70164 25.6
      vertex 17.465 4.49162 25.6
      vertex 17.4562 4.50554 25.6
    endloop
  endfacet
  facet normal 0 0 1
    outer loop
      vertex 16.6924 3.70164 25.6
      vertex 17.4562 4.50554 25.6
      vertex 17.4471 4.51936 25.6
    endloop
  endfacet
  facet normal 0 0 1
    outer loop
      vertex 16.6924 3.70164 25.6
      vertex 17.4471 4.51936 25.6
      vertex 17.4379 4.53308 25.6
    endloop
  endfacet
  facet normal 0 0 1
    outer loop
      vertex 16.6924 3.70164 25.6
      vertex 17.4379 4.53308 25.6
      vertex 17.4283 4.5467 25.6
    endloop
  endfacet
  facet normal 0 0 1
    outer loop
      vertex 16.6924 3.70164 25.6
      vertex 17.4283 4.5467 25.6
      vertex 17.4185 4.56024 25.6
    endloop
  endfacet
  facet normal 0 0 1
    outer loop
      vertex 16.6924 3.70164 25.6
      vertex 17.4185 4.56024 25.6
      vertex 17.4085 4.57368 25.6
    endloop
  endfacet
  facet normal 0 0 1
    outer loop
      vertex 16.6924 3.70164 25.6
      vertex 17.4085 4.57368 25.6
      vertex 17.3981 4.58697 25.6
    endloop
  endfacet
  facet normal 0 0 1
    outer loop
      vertex 16.6924 3.70164 25.6
      vertex 17.3981 4.58697 25.6
      vertex 17.3875 4.60005 25.6
    endloop
  endfacet
  facet normal 0 0 1
    outer loop
      vertex 16.6924 3.70164 25.6
      vertex 17.3875 4.60005 25.6
      vertex 17.3766 4.61291 25.6
    endloop
  endfacet
  facet normal 0 0 1
    outer loop
      vertex 16.6924 3.70164 25.6
      vertex 17.3766 4.61291 25.6
      vertex 17.3653 4.62556 25.6
    endloop
  endfacet
  facet normal 0 0 1
    outer loop
      vertex 16.6924 3.70164 25.6
      vertex 17.3653 4.62556 25.6
      vertex 17.3538 4.638 25.6
    endloop
  endfacet
  facet normal 0 0 1
    outer loop
      vertex 16.6924 3.70164 25.6
      vertex 17.3538 4.638 25.6
      vertex 17.3419 4.65024 25.6
    endloop
  endfacet
  facet normal 0 0 1
    outer loop
      vertex 16.6924 3.70164 25.6
      vertex 17.3419 4.65024 25.6
      vertex 17.3298 4.66224 25.6
    endloop
  endfacet
  facet normal 0 0 1
    outer loop
      vertex 16.6924 3.70164 25.6
      vertex 17.3298 4.66224 25.6
      vertex 17.3173 4.67405 25.6
    endloop
  endfacet
  facet normal 0 0 1
    outer loop
      vertex 16.6924 3.70164 25.6
      vertex 17.3173 4.67405 25.6
      vertex 17.3045 4.68565 25.6
    endloop
  endfacet
  facet normal 0 0 1
    outer loop
      vertex 16.6924 3.70164 25.6
      vertex 17.3045 4.68565 25.6
      vertex 17.2914 4.69702 25.6
    endloop
  endfacet
  facet normal 0 0 1
    outer loop
      vertex 16.6924 3.70164 25.6
      vertex 17.2914 4.69702 25.6
      vertex 17.278 4.70819 25.6
    endloop
  endfacet
  facet normal 0 0 1
    outer loop
      vertex 16.6924 3.70164 25.6
      vertex 17.278 4.70819 25.6
      vertex 17.2643 4.71914 25.6
    endloop
  endfacet
  facet normal 0 0 1
    outer loop
      vertex 16.6924 3.70164 25.6
      vertex 17.2643 4.71914 25.6
      vertex 17.2503 4.72989 25.6
    endloop
  endfacet
  facet normal 0 0 1
    outer loop
      vertex 16.6924 3.70164 25.6
      vertex 17.2503 4.72989 25.6
      vertex 17.236 4.74041 25.6
    endloop
  endfacet
  facet normal 0 0 1
    outer loop
      vertex 16.6924 3.70164 25.6
      vertex 17.236 4.74041 25.6
      vertex 17.2213 4.75073 25.6
    endloop
  endfacet
  facet normal 0 0 1
    outer loop
      vertex 16.6924 3.70164 25.6
      vertex 17.2213 4.75073 25.6
      vertex 17.2064 4.76085 25.6
    endloop
  endfacet
  facet normal 0 0 1
    outer loop
      vertex 16.6924 3.70164 25.6
      vertex 17.2064 4.76085 25.6
      vertex 17.1912 4.77072 25.6
    endloop
  endfacet
  facet normal 0 0 1
    outer loop
      vertex 16.6924 3.70164 25.6
      vertex 17.1912 4.77072 25.6
      vertex 17.1756 4.78035 25.6
    endloop
  endfacet
  facet normal 0 0 1
    outer loop
      vertex 16.6924 3.70164 25.6
      vertex 17.1756 4.78035 25.6
      vertex 17.1598 4.78972 25.6
    endloop
  endfacet
  facet normal 0 0 1
    outer loop
      vertex 16.6924 3.70164 25.6
      vertex 17.1598 4.78972 25.6
      vertex 17.1437 4.79883 25.6
    endloop
  endfacet
  facet normal 0 0 1
    outer loop
      vertex 16.6924 3.70164 25.6
      vertex 17.1437 4.79883 25.6
      vertex 17.1273 4.80769 25.6
    endloop
  endfacet
  facet normal 0 0 1
    outer loop
      vertex 16.6924 3.70164 25.6
      vertex 17.1273 4.80769 25.6
      vertex 17.1105 4.81628 25.6
    endloop
  endfacet
  facet normal 0 0 1
    outer loop
      vertex 16.6924 3.70164 25.6
      vertex 17.1105 4.81628 25.6
      vertex 17.0935 4.82464 25.6
    endloop
  endfacet
  facet normal 0 0 1
    outer loop
      vertex 16.6924 3.70164 25.6
      vertex 17.0935 4.82464 25.6
      vertex 17.0762 4.83273 25.6
    endloop
  endfacet
  facet normal 0 0 1
    outer loop
      vertex 16.6924 3.70164 25.6
      vertex 17.0762 4.83273 25.6
      vertex 17.0586 4.84057 25.6
    endloop
  endfacet
  facet normal 0 0 1
    outer loop
      vertex 16.6924 3.70164 25.6
      vertex 17.0586 4.84057 25.6
      vertex 17.0407 4.84816 25.6
    endloop
  endfacet
  facet normal 0 0 1
    outer loop
      vertex 16.6924 3.70164 25.6
      vertex 17.0407 4.84816 25.6
      vertex 17.0225 4.8555 25.6
    endloop
  endfacet
  facet normal 0 0 1
    outer loop
      vertex 16.6924 3.70164 25.6
      vertex 17.0225 4.8555 25.6
      vertex 17.004 4.86256 25.6
    endloop
  endfacet
  facet normal 0 0 1
    outer loop
      vertex 16.6924 3.70164 25.6
      vertex 17.004 4.86256 25.6
      vertex 16.9852 4.86938 25.6
    endloop
  endfacet
  facet normal 0 0 1
    outer loop
      vertex 16.6924 3.70164 25.6
      vertex 16.9852 4.86938 25.6
      vertex 16.9661 4.87596 25.6
    endloop
  endfacet
  facet normal 0 0 1
    outer loop
      vertex 16.6924 3.70164 25.6
      vertex 16.9661 4.87596 25.6
      vertex 16.9467 4.88226 25.6
    endloop
  endfacet
  facet normal 0 0 1
    outer loop
      vertex 16.6924 3.70164 25.6
      vertex 16.9467 4.88226 25.6
      vertex 16.927 4.88832 25.6
    endloop
  endfacet
  facet normal 0 0 1
    outer loop
      vertex 16.6924 3.70164 25.6
      vertex 16.927 4.88832 25.6
      vertex 16.907 4.89407 25.6
    endloop
  endfacet
  facet normal 0 0 1
    outer loop
      vertex 16.6924 3.70164 25.6
      vertex 16.907 4.89407 25.6
      vertex 16.8867 4.89946 25.6
    endloop
  endfacet
  facet normal 0 0 1
    outer loop
      vertex 16.6924 3.70164 25.6
      vertex 16.8867 4.89946 25.6
      vertex 16.866 4.90446 25.6
    endloop
  endfacet
  facet normal 0 0 1
    outer loop
      vertex 16.6924 3.70164 25.6
      vertex 16.866 4.90446 25.6
      vertex 16.8449 4.9091 25.6
    endloop
  endfacet
  facet normal 0 0 1
    outer loop
      vertex 16.6924 3.70164 25.6
      vertex 16.8449 4.9091 25.6
      vertex 16.8235 4.91336 25.6
    endloop
  endfacet
  facet normal 0 0 1
    outer loop
      vertex 16.6924 3.70164 25.6
      vertex 16.8235 4.91336 25.6
      vertex 16.8017 4.91725 25.6
    endloop
  endfacet
  facet normal 0 0 1
    outer loop
      vertex 17.5325 4.36207 25.6
      vertex 16.6924 3.70164 25.6
      vertex 17.5387 4.3472 25.6
    endloop
  endfacet
  facet normal 0 0 1
    outer loop
      vertex 16.6924 3.70164 25.6
      vertex 16.8017 4.91725 25.6
      vertex 16.7796 4.92077 25.6
    endloop
  endfacet
  facet normal 0 0 1
    outer loop
      vertex 16.6924 3.70164 25.6
      vertex 16.7796 4.92077 25.6
      vertex 16.7572 4.92393 25.6
    endloop
  endfacet
  facet normal 0 0 1
    outer loop
      vertex 16.6924 3.70164 25.6
      vertex 16.7572 4.92393 25.6
      vertex 16.7344 4.92671 25.6
    endloop
  endfacet
  facet normal 0 0 1
    outer loop
      vertex 16.6924 3.70164 25.6
      vertex 16.7344 4.92671 25.6
      vertex 16.7112 4.92912 25.6
    endloop
  endfacet
  facet normal 0 0 1
    outer loop
      vertex 17.5387 4.3472 25.6
      vertex 16.6924 3.70164 25.6
      vertex 18.3579 3.70164 25.6
    endloop
  endfacet
  facet normal 0 0 1
    outer loop
      vertex 16.6638 4.93283 25.6
      vertex 16.6924 3.70164 25.6
      vertex 16.6877 4.93116 25.6
    endloop
  endfacet
  facet normal 0 0 1
    outer loop
      vertex 16.6877 4.93116 25.6
      vertex 16.6924 3.70164 25.6
      vertex 16.7112 4.92912 25.6
    endloop
  endfacet
  facet normal 0 0 1
    outer loop
      vertex 24 1.35 25.6
      vertex 21.4899 2.7678 25.6
      vertex 21.4901 2.74685 25.6
    endloop
  endfacet
  facet normal 0 0 1
    outer loop
      vertex 22.3721 6.61032 25.6
      vertex 21.4893 2.78862 25.6
      vertex 21.4899 2.7678 25.6
    endloop
  endfacet
  facet normal 0 0 1
    outer loop
      vertex 22.3721 6.61032 25.6
      vertex 21.4882 2.80929 25.6
      vertex 21.4893 2.78862 25.6
    endloop
  endfacet
  facet normal 0 0 1
    outer loop
      vertex 22.3721 6.61032 25.6
      vertex 21.4868 2.82983 25.6
      vertex 21.4882 2.80929 25.6
    endloop
  endfacet
  facet normal 0 0 1
    outer loop
      vertex 22.3721 6.61032 25.6
      vertex 21.4848 2.85023 25.6
      vertex 21.4868 2.82983 25.6
    endloop
  endfacet
  facet normal 0 0 1
    outer loop
      vertex 22.3721 6.61032 25.6
      vertex 21.4825 2.8705 25.6
      vertex 21.4848 2.85023 25.6
    endloop
  endfacet
  facet normal 0 0 1
    outer loop
      vertex 22.3721 6.61032 25.6
      vertex 21.4798 2.89062 25.6
      vertex 21.4825 2.8705 25.6
    endloop
  endfacet
  facet normal 0 0 1
    outer loop
      vertex 22.3721 6.61032 25.6
      vertex 21.4766 2.91061 25.6
      vertex 21.4798 2.89062 25.6
    endloop
  endfacet
  facet normal 0 0 1
    outer loop
      vertex 21.3877 4.44507 25.6
      vertex 22.3721 6.61032 25.6
      vertex 21.3895 4.46528 25.6
    endloop
  endfacet
  facet normal 0 0 1
    outer loop
      vertex 22.3721 6.61032 25.6
      vertex 21.473 2.93046 25.6
      vertex 21.4766 2.91061 25.6
    endloop
  endfacet
  facet normal 0 0 1
    outer loop
      vertex 22.3721 6.61032 25.6
      vertex 21.4689 2.95016 25.6
      vertex 21.473 2.93046 25.6
    endloop
  endfacet
  facet normal 0 0 1
    outer loop
      vertex 21.3856 4.42505 25.6
      vertex 22.3721 6.61032 25.6
      vertex 21.3877 4.44507 25.6
    endloop
  endfacet
  facet normal 0 -0 1
    outer loop
      vertex 21.4645 2.96974 25.6
      vertex 22.3721 6.61032 25.6
      vertex 21.3856 4.42505 25.6
    endloop
  endfacet
  facet normal 0 0 1
    outer loop
      vertex 22.3721 6.61032 25.6
      vertex 21.4645 2.96974 25.6
      vertex 21.4689 2.95016 25.6
    endloop
  endfacet
  facet normal -0 0 1
    outer loop
      vertex 21.3831 4.40519 25.6
      vertex 21.4645 2.96974 25.6
      vertex 21.3856 4.42505 25.6
    endloop
  endfacet
  facet normal 0 0 1
    outer loop
      vertex 21.4645 2.96974 25.6
      vertex 21.3831 4.40519 25.6
      vertex 21.4596 2.98918 25.6
    endloop
  endfacet
  facet normal -0 0 1
    outer loop
      vertex 21.3803 4.38553 25.6
      vertex 21.4596 2.98918 25.6
      vertex 21.3831 4.40519 25.6
    endloop
  endfacet
  facet normal 0 0 1
    outer loop
      vertex 21.4596 2.98918 25.6
      vertex 21.3803 4.38553 25.6
      vertex 21.4543 3.00847 25.6
    endloop
  endfacet
  facet normal -0 0 1
    outer loop
      vertex 21.377 4.36602 25.6
      vertex 21.4543 3.00847 25.6
      vertex 21.3803 4.38553 25.6
    endloop
  endfacet
  facet normal 0 0 1
    outer loop
      vertex 21.4543 3.00847 25.6
      vertex 21.377 4.36602 25.6
      vertex 21.4486 3.02763 25.6
    endloop
  endfacet
  facet normal -0 0 1
    outer loop
      vertex 21.3734 4.34672 25.6
      vertex 21.4486 3.02763 25.6
      vertex 21.377 4.36602 25.6
    endloop
  endfacet
  facet normal 0 0 1
    outer loop
      vertex 22.3721 6.61032 25.6
      vertex 21.3925 4.54792 25.6
      vertex 21.3923 4.52699 25.6
    endloop
  endfacet
  facet normal 0 0 1
    outer loop
      vertex 22.3721 6.61032 25.6
      vertex 21.3922 4.57394 25.6
      vertex 21.3925 4.54792 25.6
    endloop
  endfacet
  facet normal 0 0 1
    outer loop
      vertex 22.3721 6.61032 25.6
      vertex 21.3914 4.59976 25.6
      vertex 21.3922 4.57394 25.6
    endloop
  endfacet
  facet normal 0 0 1
    outer loop
      vertex 22.3721 6.61032 25.6
      vertex 21.3899 4.62539 25.6
      vertex 21.3914 4.59976 25.6
    endloop
  endfacet
  facet normal 0 0 1
    outer loop
      vertex 22.3721 6.61032 25.6
      vertex 21.3879 4.65083 25.6
      vertex 21.3899 4.62539 25.6
    endloop
  endfacet
  facet normal 0 0 1
    outer loop
      vertex 22.3721 6.61032 25.6
      vertex 21.3853 4.67608 25.6
      vertex 21.3879 4.65083 25.6
    endloop
  endfacet
  facet normal 0 0 1
    outer loop
      vertex 22.3721 6.61032 25.6
      vertex 21.3822 4.70114 25.6
      vertex 21.3853 4.67608 25.6
    endloop
  endfacet
  facet normal 0 0 1
    outer loop
      vertex 22.3721 6.61032 25.6
      vertex 21.3785 4.72601 25.6
      vertex 21.3822 4.70114 25.6
    endloop
  endfacet
  facet normal 0 0 1
    outer loop
      vertex 22.3721 6.61032 25.6
      vertex 21.3742 4.7507 25.6
      vertex 21.3785 4.72601 25.6
    endloop
  endfacet
  facet normal 0 0 1
    outer loop
      vertex 22.3721 6.61032 25.6
      vertex 21.3693 4.77517 25.6
      vertex 21.3742 4.7507 25.6
    endloop
  endfacet
  facet normal 0 0 1
    outer loop
      vertex 22.3721 6.61032 25.6
      vertex 21.3639 4.79948 25.6
      vertex 21.3693 4.77517 25.6
    endloop
  endfacet
  facet normal 0 0 1
    outer loop
      vertex 22.3721 6.61032 25.6
      vertex 21.3579 4.82358 25.6
      vertex 21.3639 4.79948 25.6
    endloop
  endfacet
  facet normal 0 0 1
    outer loop
      vertex 22.3721 6.61032 25.6
      vertex 21.3513 4.8475 25.6
      vertex 21.3579 4.82358 25.6
    endloop
  endfacet
  facet normal 0 0 1
    outer loop
      vertex 22.3721 6.61032 25.6
      vertex 21.3441 4.87121 25.6
      vertex 21.3513 4.8475 25.6
    endloop
  endfacet
  facet normal 0 0 1
    outer loop
      vertex 22.3721 6.61032 25.6
      vertex 21.3364 4.89476 25.6
      vertex 21.3441 4.87121 25.6
    endloop
  endfacet
  facet normal 0 0 1
    outer loop
      vertex 22.3721 6.61032 25.6
      vertex 21.3281 4.91809 25.6
      vertex 21.3364 4.89476 25.6
    endloop
  endfacet
  facet normal 0 0 1
    outer loop
      vertex 22.3721 6.61032 25.6
      vertex 21.3193 4.94124 25.6
      vertex 21.3281 4.91809 25.6
    endloop
  endfacet
  facet normal 0 0 1
    outer loop
      vertex 21.77 6.39711 25.6
      vertex 21.3098 4.96412 25.6
      vertex 21.3193 4.94124 25.6
    endloop
  endfacet
  facet normal 0 0 1
    outer loop
      vertex 21.77 6.39711 25.6
      vertex 21.2997 4.98663 25.6
      vertex 21.3098 4.96412 25.6
    endloop
  endfacet
  facet normal 0 0 1
    outer loop
      vertex 21.77 6.39711 25.6
      vertex 21.2889 5.00879 25.6
      vertex 21.2997 4.98663 25.6
    endloop
  endfacet
  facet normal 0 0 1
    outer loop
      vertex 21.77 6.39711 25.6
      vertex 21.2776 5.03058 25.6
      vertex 21.2889 5.00879 25.6
    endloop
  endfacet
  facet normal 0 0 1
    outer loop
      vertex 21.77 6.39711 25.6
      vertex 21.2655 5.05201 25.6
      vertex 21.2776 5.03058 25.6
    endloop
  endfacet
  facet normal 0 0 1
    outer loop
      vertex 21.77 6.39711 25.6
      vertex 21.2529 5.07309 25.6
      vertex 21.2655 5.05201 25.6
    endloop
  endfacet
  facet normal 0 0 1
    outer loop
      vertex 21.77 6.39711 25.6
      vertex 21.2396 5.09379 25.6
      vertex 21.2529 5.07309 25.6
    endloop
  endfacet
  facet normal 0 0 1
    outer loop
      vertex 21.77 6.39711 25.6
      vertex 21.2257 5.11415 25.6
      vertex 21.2396 5.09379 25.6
    endloop
  endfacet
  facet normal 0 0 1
    outer loop
      vertex 21.77 6.39711 25.6
      vertex 21.2111 5.13415 25.6
      vertex 21.2257 5.11415 25.6
    endloop
  endfacet
  facet normal 0 0 1
    outer loop
      vertex 21.77 6.39711 25.6
      vertex 21.1959 5.15378 25.6
      vertex 21.2111 5.13415 25.6
    endloop
  endfacet
  facet normal 0 0 1
    outer loop
      vertex 21.77 6.39711 25.6
      vertex 21.1801 5.17305 25.6
      vertex 21.1959 5.15378 25.6
    endloop
  endfacet
  facet normal 0 0 1
    outer loop
      vertex 21.77 6.39711 25.6
      vertex 21.1636 5.19195 25.6
      vertex 21.1801 5.17305 25.6
    endloop
  endfacet
  facet normal 0 0 1
    outer loop
      vertex 21.1465 5.21051 25.6
      vertex 21.77 6.39711 25.6
      vertex 21.1576 6.21571 25.6
    endloop
  endfacet
  facet normal 0 0 1
    outer loop
      vertex 21.77 6.39711 25.6
      vertex 21.1465 5.21051 25.6
      vertex 21.1636 5.19195 25.6
    endloop
  endfacet
  facet normal 0 0 1
    outer loop
      vertex 21.1576 6.21571 25.6
      vertex 21.1288 5.2287 25.6
      vertex 21.1465 5.21051 25.6
    endloop
  endfacet
  facet normal 0 0 1
    outer loop
      vertex 21.1576 6.21571 25.6
      vertex 21.1104 5.24653 25.6
      vertex 21.1288 5.2287 25.6
    endloop
  endfacet
  facet normal 0 0 1
    outer loop
      vertex 21.1576 6.21571 25.6
      vertex 21.0914 5.264 25.6
      vertex 21.1104 5.24653 25.6
    endloop
  endfacet
  facet normal 0 0 1
    outer loop
      vertex 21.1576 6.21571 25.6
      vertex 21.0718 5.28108 25.6
      vertex 21.0914 5.264 25.6
    endloop
  endfacet
  facet normal 0 0 1
    outer loop
      vertex 21.1576 6.21571 25.6
      vertex 21.0514 5.2977 25.6
      vertex 21.0718 5.28108 25.6
    endloop
  endfacet
  facet normal 0 0 1
    outer loop
      vertex 21.1576 6.21571 25.6
      vertex 21.0304 5.31389 25.6
      vertex 21.0514 5.2977 25.6
    endloop
  endfacet
  facet normal 0 0 1
    outer loop
      vertex 21.1576 6.21571 25.6
      vertex 21.0087 5.32962 25.6
      vertex 21.0304 5.31389 25.6
    endloop
  endfacet
  facet normal 0 0 1
    outer loop
      vertex 21.1576 6.21571 25.6
      vertex 20.9863 5.34491 25.6
      vertex 21.0087 5.32962 25.6
    endloop
  endfacet
  facet normal 0 0 1
    outer loop
      vertex 21.1576 6.21571 25.6
      vertex 20.9633 5.35975 25.6
      vertex 20.9863 5.34491 25.6
    endloop
  endfacet
  facet normal 0 0 1
    outer loop
      vertex 21.1576 6.21571 25.6
      vertex 20.9395 5.37416 25.6
      vertex 20.9633 5.35975 25.6
    endloop
  endfacet
  facet normal 0 0 1
    outer loop
      vertex 21.1576 6.21571 25.6
      vertex 20.9151 5.38812 25.6
      vertex 20.9395 5.37416 25.6
    endloop
  endfacet
  facet normal 0 0 1
    outer loop
      vertex 21.1576 6.21571 25.6
      vertex 20.89 5.40162 25.6
      vertex 20.9151 5.38812 25.6
    endloop
  endfacet
  facet normal 0 0 1
    outer loop
      vertex 21.1576 6.21571 25.6
      vertex 20.8642 5.41469 25.6
      vertex 20.89 5.40162 25.6
    endloop
  endfacet
  facet normal 0 0 1
    outer loop
      vertex 21.1576 6.21571 25.6
      vertex 20.8378 5.4273 25.6
      vertex 20.8642 5.41469 25.6
    endloop
  endfacet
  facet normal 0 0 1
    outer loop
      vertex 21.1576 6.21571 25.6
      vertex 20.8107 5.43948 25.6
      vertex 20.8378 5.4273 25.6
    endloop
  endfacet
  facet normal 0 0 1
    outer loop
      vertex 21.1576 6.21571 25.6
      vertex 20.7829 5.45121 25.6
      vertex 20.8107 5.43948 25.6
    endloop
  endfacet
  facet normal 0 0 1
    outer loop
      vertex 21.1576 6.21571 25.6
      vertex 20.7544 5.46249 25.6
      vertex 20.7829 5.45121 25.6
    endloop
  endfacet
  facet normal -0 0 1
    outer loop
      vertex 20.5365 6.0666 25.6
      vertex 20.7544 5.46249 25.6
      vertex 21.1576 6.21571 25.6
    endloop
  endfacet
  facet normal 0 0 1
    outer loop
      vertex 20.7544 5.46249 25.6
      vertex 20.5365 6.0666 25.6
      vertex 20.7252 5.47332 25.6
    endloop
  endfacet
  facet normal 0 0 1
    outer loop
      vertex 20.7252 5.47332 25.6
      vertex 20.5365 6.0666 25.6
      vertex 20.6954 5.48372 25.6
    endloop
  endfacet
  facet normal 0 0 1
    outer loop
      vertex 20.6954 5.48372 25.6
      vertex 20.5365 6.0666 25.6
      vertex 20.6648 5.49357 25.6
    endloop
  endfacet
  facet normal 0 0 1
    outer loop
      vertex 20.6648 5.49357 25.6
      vertex 20.5365 6.0666 25.6
      vertex 20.6335 5.5028 25.6
    endloop
  endfacet
  facet normal 0 0 1
    outer loop
      vertex 20.6335 5.5028 25.6
      vertex 20.5365 6.0666 25.6
      vertex 20.6015 5.51138 25.6
    endloop
  endfacet
  facet normal 0 0 1
    outer loop
      vertex 20.6015 5.51138 25.6
      vertex 20.5365 6.0666 25.6
      vertex 20.5687 5.51933 25.6
    endloop
  endfacet
  facet normal 0 0 1
    outer loop
      vertex 20.5365 6.0666 25.6
      vertex 20.5352 5.52665 25.6
      vertex 20.5687 5.51933 25.6
    endloop
  endfacet
  facet normal 0 0 1
    outer loop
      vertex 20.5365 6.0666 25.6
      vertex 20.501 5.53332 25.6
      vertex 20.5352 5.52665 25.6
    endloop
  endfacet
  facet normal 0 0 1
    outer loop
      vertex 20.5365 6.0666 25.6
      vertex 20.466 5.53936 25.6
      vertex 20.501 5.53332 25.6
    endloop
  endfacet
  facet normal 0 0 1
    outer loop
      vertex 20.5365 6.0666 25.6
      vertex 20.4302 5.54477 25.6
      vertex 20.466 5.53936 25.6
    endloop
  endfacet
  facet normal 0 0 1
    outer loop
      vertex 20.5365 6.0666 25.6
      vertex 20.3938 5.54954 25.6
      vertex 20.4302 5.54477 25.6
    endloop
  endfacet
  facet normal 0 0 1
    outer loop
      vertex 20.5365 6.0666 25.6
      vertex 20.3565 5.55368 25.6
      vertex 20.3938 5.54954 25.6
    endloop
  endfacet
  facet normal 0 0 1
    outer loop
      vertex 20.5365 6.0666 25.6
      vertex 20.3186 5.55717 25.6
      vertex 20.3565 5.55368 25.6
    endloop
  endfacet
  facet normal 0 0 1
    outer loop
      vertex 20.5365 6.0666 25.6
      vertex 20.2799 5.56004 25.6
      vertex 20.3186 5.55717 25.6
    endloop
  endfacet
  facet normal 0 0 1
    outer loop
      vertex 20.5365 6.0666 25.6
      vertex 20.2404 5.56227 25.6
      vertex 20.2799 5.56004 25.6
    endloop
  endfacet
  facet normal -0 0 1
    outer loop
      vertex 19.9085 5.9502 25.6
      vertex 20.2404 5.56227 25.6
      vertex 20.5365 6.0666 25.6
    endloop
  endfacet
  facet normal 0 0 1
    outer loop
      vertex 20.2404 5.56227 25.6
      vertex 19.9085 5.9502 25.6
      vertex 20.2002 5.56386 25.6
    endloop
  endfacet
  facet normal 0 0 1
    outer loop
      vertex 20.2002 5.56386 25.6
      vertex 19.9085 5.9502 25.6
      vertex 20.1593 5.5648 25.6
    endloop
  endfacet
  facet normal 0 0 1
    outer loop
      vertex 20.1593 5.5648 25.6
      vertex 19.9085 5.9502 25.6
      vertex 20.1176 5.56512 25.6
    endloop
  endfacet
  facet normal 0 0 1
    outer loop
      vertex 20.1176 5.56512 25.6
      vertex 19.9085 5.9502 25.6
      vertex 20.0859 5.56488 25.6
    endloop
  endfacet
  facet normal 0 0 1
    outer loop
      vertex 20.0859 5.56488 25.6
      vertex 19.9085 5.9502 25.6
      vertex 20.0543 5.56413 25.6
    endloop
  endfacet
  facet normal 0 0 1
    outer loop
      vertex 20.0543 5.56413 25.6
      vertex 19.9085 5.9502 25.6
      vertex 20.023 5.56288 25.6
    endloop
  endfacet
  facet normal 0 0 1
    outer loop
      vertex 20.023 5.56288 25.6
      vertex 19.9085 5.9502 25.6
      vertex 19.9918 5.56114 25.6
    endloop
  endfacet
  facet normal 0 0 1
    outer loop
      vertex 19.9918 5.56114 25.6
      vertex 19.9085 5.9502 25.6
      vertex 19.9609 5.5589 25.6
    endloop
  endfacet
  facet normal 0 0 1
    outer loop
      vertex 19.9609 5.5589 25.6
      vertex 19.9085 5.9502 25.6
      vertex 19.9302 5.55615 25.6
    endloop
  endfacet
  facet normal 0 0 1
    outer loop
      vertex 19.9085 5.9502 25.6
      vertex 19.8997 5.55291 25.6
      vertex 19.9302 5.55615 25.6
    endloop
  endfacet
  facet normal 0 0 1
    outer loop
      vertex 19.9085 5.9502 25.6
      vertex 19.8694 5.54918 25.6
      vertex 19.8997 5.55291 25.6
    endloop
  endfacet
  facet normal 0 0 1
    outer loop
      vertex 19.9085 5.9502 25.6
      vertex 19.8394 5.54495 25.6
      vertex 19.8694 5.54918 25.6
    endloop
  endfacet
  facet normal 0 0 1
    outer loop
      vertex 19.9085 5.9502 25.6
      vertex 19.8095 5.54022 25.6
      vertex 19.8394 5.54495 25.6
    endloop
  endfacet
  facet normal 0 0 1
    outer loop
      vertex 19.9085 5.9502 25.6
      vertex 19.7798 5.53499 25.6
      vertex 19.8095 5.54022 25.6
    endloop
  endfacet
  facet normal 0 0 1
    outer loop
      vertex 19.9085 5.9502 25.6
      vertex 19.7504 5.52926 25.6
      vertex 19.7798 5.53499 25.6
    endloop
  endfacet
  facet normal 0 0 1
    outer loop
      vertex 19.9085 5.9502 25.6
      vertex 19.7212 5.52304 25.6
      vertex 19.7504 5.52926 25.6
    endloop
  endfacet
  facet normal 0 0 1
    outer loop
      vertex 19.9085 5.9502 25.6
      vertex 19.6922 5.51631 25.6
      vertex 19.7212 5.52304 25.6
    endloop
  endfacet
  facet normal -0 0 1
    outer loop
      vertex 19.2752 5.86683 25.6
      vertex 19.6922 5.51631 25.6
      vertex 19.9085 5.9502 25.6
    endloop
  endfacet
  facet normal 0 0 1
    outer loop
      vertex 19.6922 5.51631 25.6
      vertex 19.2752 5.86683 25.6
      vertex 19.6634 5.50908 25.6
    endloop
  endfacet
  facet normal 0 0 1
    outer loop
      vertex 19.6634 5.50908 25.6
      vertex 19.2752 5.86683 25.6
      vertex 19.6348 5.50136 25.6
    endloop
  endfacet
  facet normal 0 0 1
    outer loop
      vertex 19.6348 5.50136 25.6
      vertex 19.2752 5.86683 25.6
      vertex 19.6065 5.49313 25.6
    endloop
  endfacet
  facet normal 0 0 1
    outer loop
      vertex 19.6065 5.49313 25.6
      vertex 19.2752 5.86683 25.6
      vertex 19.5786 5.48439 25.6
    endloop
  endfacet
  facet normal 0 0 1
    outer loop
      vertex 19.5786 5.48439 25.6
      vertex 19.2752 5.86683 25.6
      vertex 19.5512 5.47513 25.6
    endloop
  endfacet
  facet normal 0 0 1
    outer loop
      vertex 19.5512 5.47513 25.6
      vertex 19.2752 5.86683 25.6
      vertex 19.5242 5.46534 25.6
    endloop
  endfacet
  facet normal 0 0 1
    outer loop
      vertex 19.5242 5.46534 25.6
      vertex 19.2752 5.86683 25.6
      vertex 19.4975 5.45504 25.6
    endloop
  endfacet
  facet normal 0 0 1
    outer loop
      vertex 19.4975 5.45504 25.6
      vertex 19.2752 5.86683 25.6
      vertex 19.4713 5.44423 25.6
    endloop
  endfacet
  facet normal 0 0 1
    outer loop
      vertex 19.4713 5.44423 25.6
      vertex 19.2752 5.86683 25.6
      vertex 19.4455 5.43289 25.6
    endloop
  endfacet
  facet normal 0 0 1
    outer loop
      vertex 19.4455 5.43289 25.6
      vertex 19.2752 5.86683 25.6
      vertex 19.4202 5.42102 25.6
    endloop
  endfacet
  facet normal 0 0 1
    outer loop
      vertex 19.4202 5.42102 25.6
      vertex 19.2752 5.86683 25.6
      vertex 19.3952 5.40864 25.6
    endloop
  endfacet
  facet normal 0 0 1
    outer loop
      vertex 19.3952 5.40864 25.6
      vertex 19.2752 5.86683 25.6
      vertex 19.3706 5.39575 25.6
    endloop
  endfacet
  facet normal 0 0 1
    outer loop
      vertex 19.3706 5.39575 25.6
      vertex 19.2752 5.86683 25.6
      vertex 19.3465 5.38232 25.6
    endloop
  endfacet
  facet normal 0 0 1
    outer loop
      vertex 19.3465 5.38232 25.6
      vertex 19.2752 5.86683 25.6
      vertex 19.3228 5.36839 25.6
    endloop
  endfacet
  facet normal 0 0 1
    outer loop
      vertex 19.3228 5.36839 25.6
      vertex 19.2752 5.86683 25.6
      vertex 19.2995 5.35392 25.6
    endloop
  endfacet
  facet normal 0 0 1
    outer loop
      vertex 19.2995 5.35392 25.6
      vertex 19.2752 5.86683 25.6
      vertex 19.2766 5.33896 25.6
    endloop
  endfacet
  facet normal 0 0 1
    outer loop
      vertex 19.2752 5.86683 25.6
      vertex 19.2541 5.32345 25.6
      vertex 19.2766 5.33896 25.6
    endloop
  endfacet
  facet normal 0 0 1
    outer loop
      vertex 19.2752 5.86683 25.6
      vertex 19.232 5.30745 25.6
      vertex 19.2541 5.32345 25.6
    endloop
  endfacet
  facet normal 0 0 1
    outer loop
      vertex 19.2752 5.86683 25.6
      vertex 19.2103 5.29091 25.6
      vertex 19.232 5.30745 25.6
    endloop
  endfacet
  facet normal -0 0 1
    outer loop
      vertex 18.6385 5.81672 25.6
      vertex 19.2103 5.29091 25.6
      vertex 19.2752 5.86683 25.6
    endloop
  endfacet
  facet normal 0 0 1
    outer loop
      vertex 19.2103 5.29091 25.6
      vertex 18.6385 5.81672 25.6
      vertex 19.1892 5.27383 25.6
    endloop
  endfacet
  facet normal 0 0 1
    outer loop
      vertex 19.1892 5.27383 25.6
      vertex 18.6385 5.81672 25.6
      vertex 19.1685 5.25624 25.6
    endloop
  endfacet
  facet normal 0 0 1
    outer loop
      vertex 19.1685 5.25624 25.6
      vertex 18.6385 5.81672 25.6
      vertex 19.1482 5.2381 25.6
    endloop
  endfacet
  facet normal 0 0 1
    outer loop
      vertex 19.1482 5.2381 25.6
      vertex 18.6385 5.81672 25.6
      vertex 19.1285 5.21945 25.6
    endloop
  endfacet
  facet normal 0 0 1
    outer loop
      vertex 19.1285 5.21945 25.6
      vertex 18.6385 5.81672 25.6
      vertex 19.1092 5.20025 25.6
    endloop
  endfacet
  facet normal 0 0 1
    outer loop
      vertex 19.1092 5.20025 25.6
      vertex 18.6385 5.81672 25.6
      vertex 19.0903 5.18054 25.6
    endloop
  endfacet
  facet normal 0 0 1
    outer loop
      vertex 19.0903 5.18054 25.6
      vertex 18.6385 5.81672 25.6
      vertex 19.072 5.16028 25.6
    endloop
  endfacet
  facet normal 0 0 1
    outer loop
      vertex 19.072 5.16028 25.6
      vertex 18.6385 5.81672 25.6
      vertex 19.054 5.13951 25.6
    endloop
  endfacet
  facet normal 0 0 1
    outer loop
      vertex 19.054 5.13951 25.6
      vertex 18.6385 5.81672 25.6
      vertex 19.0366 5.11819 25.6
    endloop
  endfacet
  facet normal 0 0 1
    outer loop
      vertex 19.0366 5.11819 25.6
      vertex 18.6385 5.81672 25.6
      vertex 19.0196 5.09636 25.6
    endloop
  endfacet
  facet normal 0 0 1
    outer loop
      vertex 19.0196 5.09636 25.6
      vertex 18.6385 5.81672 25.6
      vertex 19.0031 5.07399 25.6
    endloop
  endfacet
  facet normal 0 0 1
    outer loop
      vertex 19.0031 5.07399 25.6
      vertex 18.6385 5.81672 25.6
      vertex 18.9871 5.05108 25.6
    endloop
  endfacet
  facet normal 0 0 1
    outer loop
      vertex 18.9871 5.05108 25.6
      vertex 18.6385 5.81672 25.6
      vertex 18.9715 5.02765 25.6
    endloop
  endfacet
  facet normal 0 0 1
    outer loop
      vertex 18.9715 5.02765 25.6
      vertex 18.6385 5.81672 25.6
      vertex 18.9564 5.00369 25.6
    endloop
  endfacet
  facet normal 0 0 1
    outer loop
      vertex 18.1333 4.86177 25.6
      vertex 18.9564 5.00369 25.6
      vertex 18.6385 5.81672 25.6
    endloop
  endfacet
  facet normal 0 0 1
    outer loop
      vertex 18.9564 5.00369 25.6
      vertex 18.1333 4.86177 25.6
      vertex 18.9417 4.9792 25.6
    endloop
  endfacet
  facet normal 0 0 1
    outer loop
      vertex 18.9417 4.9792 25.6
      vertex 18.1333 4.86177 25.6
      vertex 18.9277 4.95417 25.6
    endloop
  endfacet
  facet normal 0 0 1
    outer loop
      vertex 18.9277 4.95417 25.6
      vertex 18.1333 4.86177 25.6
      vertex 18.9142 4.9286 25.6
    endloop
  endfacet
  facet normal 0 0 1
    outer loop
      vertex 18.9142 4.9286 25.6
      vertex 18.1333 4.86177 25.6
      vertex 18.9014 4.90248 25.6
    endloop
  endfacet
  facet normal 0 -0 1
    outer loop
      vertex 18.1486 4.83696 25.6
      vertex 18.9014 4.90248 25.6
      vertex 18.1333 4.86177 25.6
    endloop
  endfacet
  facet normal 0 0 1
    outer loop
      vertex 18.7983 4.54597 25.6
      vertex 18.3579 3.70164 25.6
      vertex 18.7939 4.51268 25.6
    endloop
  endfacet
  facet normal 0 0 1
    outer loop
      vertex 18.8034 4.57872 25.6
      vertex 18.3579 3.70164 25.6
      vertex 18.7983 4.54597 25.6
    endloop
  endfacet
  facet normal 0 0 1
    outer loop
      vertex 18.8091 4.6109 25.6
      vertex 18.3579 3.70164 25.6
      vertex 18.8034 4.57872 25.6
    endloop
  endfacet
  facet normal 0 0 1
    outer loop
      vertex 18.8567 4.79245 25.6
      vertex 18.2052 4.73423 25.6
      vertex 18.8472 4.76358 25.6
    endloop
  endfacet
  facet normal 0 -0 1
    outer loop
      vertex 18.2052 4.73423 25.6
      vertex 18.8567 4.79245 25.6
      vertex 18.1918 4.76043 25.6
    endloop
  endfacet
  facet normal 0 0 1
    outer loop
      vertex 18.8669 4.82078 25.6
      vertex 18.1918 4.76043 25.6
      vertex 18.8567 4.79245 25.6
    endloop
  endfacet
  facet normal 0 -0 1
    outer loop
      vertex 18.1918 4.76043 25.6
      vertex 18.8669 4.82078 25.6
      vertex 18.1778 4.7863 25.6
    endloop
  endfacet
  facet normal 0 0 1
    outer loop
      vertex 18.8778 4.84857 25.6
      vertex 18.1778 4.7863 25.6
      vertex 18.8669 4.82078 25.6
    endloop
  endfacet
  facet normal 0 -0 1
    outer loop
      vertex 18.1778 4.7863 25.6
      vertex 18.8778 4.84857 25.6
      vertex 18.1635 4.8118 25.6
    endloop
  endfacet
  facet normal 0 0 1
    outer loop
      vertex 18.8893 4.87579 25.6
      vertex 18.1635 4.8118 25.6
      vertex 18.8778 4.84857 25.6
    endloop
  endfacet
  facet normal 0 -0 1
    outer loop
      vertex 18.1635 4.8118 25.6
      vertex 18.8893 4.87579 25.6
      vertex 18.1486 4.83696 25.6
    endloop
  endfacet
  facet normal 0 0 1
    outer loop
      vertex 18.9014 4.90248 25.6
      vertex 18.1486 4.83696 25.6
      vertex 18.8893 4.87579 25.6
    endloop
  endfacet
  facet normal 0 0 1
    outer loop
      vertex 22.9622 6.85475 25.6
      vertex 24 7 25.6
      vertex 23.2667 7 25.6
    endloop
  endfacet
  facet normal 0 0 1
    outer loop
      vertex 21.4899 2.7678 25.6
      vertex 24 7 25.6
      vertex 22.9622 6.85475 25.6
    endloop
  endfacet
  facet normal 0 0 1
    outer loop
      vertex 21.4899 2.7678 25.6
      vertex 22.9622 6.85475 25.6
      vertex 22.3721 6.61032 25.6
    endloop
  endfacet
  facet normal 0 0 1
    outer loop
      vertex 21.3193 4.94124 25.6
      vertex 22.3721 6.61032 25.6
      vertex 21.77 6.39711 25.6
    endloop
  endfacet
  facet normal -0 0 1
    outer loop
      vertex 21.4899 2.7678 25.6
      vertex 24 1.35 25.6
      vertex 24 7 25.6
    endloop
  endfacet
  facet normal -0 0 1
    outer loop
      vertex 21.4898 2.71452 25.6
      vertex 24 1.35 25.6
      vertex 21.4901 2.74685 25.6
    endloop
  endfacet
  facet normal -0 0 1
    outer loop
      vertex 21.4888 2.68258 25.6
      vertex 24 1.35 25.6
      vertex 21.4898 2.71452 25.6
    endloop
  endfacet
  facet normal -0 0 1
    outer loop
      vertex 21.4871 2.65107 25.6
      vertex 24 1.35 25.6
      vertex 21.4888 2.68258 25.6
    endloop
  endfacet
  facet normal -0 0 1
    outer loop
      vertex 21.4848 2.61996 25.6
      vertex 24 1.35 25.6
      vertex 21.4871 2.65107 25.6
    endloop
  endfacet
  facet normal -0 0 1
    outer loop
      vertex 21.4818 2.58928 25.6
      vertex 24 1.35 25.6
      vertex 21.4848 2.61996 25.6
    endloop
  endfacet
  facet normal -0 0 1
    outer loop
      vertex 21.4781 2.55899 25.6
      vertex 24 1.35 25.6
      vertex 21.4818 2.58928 25.6
    endloop
  endfacet
  facet normal -0 0 1
    outer loop
      vertex 21.4738 2.52913 25.6
      vertex 24 1.35 25.6
      vertex 21.4781 2.55899 25.6
    endloop
  endfacet
  facet normal -0 0 1
    outer loop
      vertex 21.4688 2.49968 25.6
      vertex 24 1.35 25.6
      vertex 21.4738 2.52913 25.6
    endloop
  endfacet
  facet normal -0 0 1
    outer loop
      vertex 21.4631 2.47064 25.6
      vertex 24 1.35 25.6
      vertex 21.4688 2.49968 25.6
    endloop
  endfacet
  facet normal -0 0 1
    outer loop
      vertex 21.4568 2.44201 25.6
      vertex 24 1.35 25.6
      vertex 21.4631 2.47064 25.6
    endloop
  endfacet
  facet normal -0 0 1
    outer loop
      vertex 21.4498 2.4138 25.6
      vertex 24 1.35 25.6
      vertex 21.4568 2.44201 25.6
    endloop
  endfacet
  facet normal -0 0 1
    outer loop
      vertex 21.4421 2.386 25.6
      vertex 24 1.35 25.6
      vertex 21.4498 2.4138 25.6
    endloop
  endfacet
  facet normal -0 0 1
    outer loop
      vertex 21.4337 2.35862 25.6
      vertex 24 1.35 25.6
      vertex 21.4421 2.386 25.6
    endloop
  endfacet
  facet normal -0 0 1
    outer loop
      vertex 21.4247 2.33165 25.6
      vertex 24 1.35 25.6
      vertex 21.4337 2.35862 25.6
    endloop
  endfacet
  facet normal -0 0 1
    outer loop
      vertex 21.415 2.30508 25.6
      vertex 24 1.35 25.6
      vertex 21.4247 2.33165 25.6
    endloop
  endfacet
  facet normal -0 0 1
    outer loop
      vertex 21.4047 2.27894 25.6
      vertex 24 1.35 25.6
      vertex 21.415 2.30508 25.6
    endloop
  endfacet
  facet normal -0 0 1
    outer loop
      vertex 21.3937 2.25323 25.6
      vertex 24 1.35 25.6
      vertex 21.4047 2.27894 25.6
    endloop
  endfacet
  facet normal -0 0 1
    outer loop
      vertex 21.382 2.22801 25.6
      vertex 24 1.35 25.6
      vertex 21.3937 2.25323 25.6
    endloop
  endfacet
  facet normal -0 0 1
    outer loop
      vertex 21.3697 2.20326 25.6
      vertex 24 1.35 25.6
      vertex 21.382 2.22801 25.6
    endloop
  endfacet
  facet normal -0 0 1
    outer loop
      vertex 21.3566 2.179 25.6
      vertex 24 1.35 25.6
      vertex 21.3697 2.20326 25.6
    endloop
  endfacet
  facet normal -0 0 1
    outer loop
      vertex 21.343 2.15519 25.6
      vertex 24 1.35 25.6
      vertex 21.3566 2.179 25.6
    endloop
  endfacet
  facet normal -0 0 1
    outer loop
      vertex 21.3286 2.13188 25.6
      vertex 24 1.35 25.6
      vertex 21.343 2.15519 25.6
    endloop
  endfacet
  facet normal -0 0 1
    outer loop
      vertex 21.3136 2.10904 25.6
      vertex 24 1.35 25.6
      vertex 21.3286 2.13188 25.6
    endloop
  endfacet
  facet normal -0 0 1
    outer loop
      vertex 21.2979 2.08668 25.6
      vertex 24 1.35 25.6
      vertex 21.3136 2.10904 25.6
    endloop
  endfacet
  facet normal -0 0 1
    outer loop
      vertex 21.2815 2.06479 25.6
      vertex 24 1.35 25.6
      vertex 21.2979 2.08668 25.6
    endloop
  endfacet
  facet normal 0 0 1
    outer loop
      vertex 21 1.35 25.6
      vertex 21.2815 2.06479 25.6
      vertex 21.2645 2.04338 25.6
    endloop
  endfacet
  facet normal 0 0 1
    outer loop
      vertex 21 1.35 25.6
      vertex 21.2645 2.04338 25.6
      vertex 21.2468 2.02244 25.6
    endloop
  endfacet
  facet normal 0 0 1
    outer loop
      vertex 21 1.35 25.6
      vertex 21.2468 2.02244 25.6
      vertex 21.2285 2.002 25.6
    endloop
  endfacet
  facet normal 0 0 1
    outer loop
      vertex 21 1.35 25.6
      vertex 21.2285 2.002 25.6
      vertex 21.2095 1.98201 25.6
    endloop
  endfacet
  facet normal 0 0 1
    outer loop
      vertex 21 1.35 25.6
      vertex 21.2095 1.98201 25.6
      vertex 21.1898 1.96251 25.6
    endloop
  endfacet
  facet normal 0 0 1
    outer loop
      vertex 21 1.35 25.6
      vertex 21.1898 1.96251 25.6
      vertex 21.1694 1.94349 25.6
    endloop
  endfacet
  facet normal 0 0 1
    outer loop
      vertex 21 1.35 25.6
      vertex 21.1694 1.94349 25.6
      vertex 21.1484 1.92494 25.6
    endloop
  endfacet
  facet normal 0 0 1
    outer loop
      vertex 21 1.35 25.6
      vertex 21.1484 1.92494 25.6
      vertex 21.1267 1.9069 25.6
    endloop
  endfacet
  facet normal 0 0 1
    outer loop
      vertex 21 1.35 25.6
      vertex 21.1267 1.9069 25.6
      vertex 21.1044 1.8894 25.6
    endloop
  endfacet
  facet normal 0 0 1
    outer loop
      vertex 21 1.35 25.6
      vertex 21.1044 1.8894 25.6
      vertex 21.0814 1.87245 25.6
    endloop
  endfacet
  facet normal 0 0 1
    outer loop
      vertex 21 1.35 25.6
      vertex 21.0814 1.87245 25.6
      vertex 21.0578 1.85603 25.6
    endloop
  endfacet
  facet normal 0 0 1
    outer loop
      vertex 21 1.35 25.6
      vertex 21.0578 1.85603 25.6
      vertex 21.0335 1.84016 25.6
    endloop
  endfacet
  facet normal 0 0 1
    outer loop
      vertex 21 1.35 25.6
      vertex 21.0335 1.84016 25.6
      vertex 21.0086 1.82483 25.6
    endloop
  endfacet
  facet normal 0 0 1
    outer loop
      vertex 21 1.35 25.6
      vertex 21.0086 1.82483 25.6
      vertex 21 1.81986 25.6
    endloop
  endfacet
  facet normal 0 0 1
    outer loop
      vertex 21.2815 2.06479 25.6
      vertex 21 1.35 25.6
      vertex 24 1.35 25.6
    endloop
  endfacet
  facet normal 0 0 1
    outer loop
      vertex 22.3721 6.61032 25.6
      vertex 21.3923 4.52699 25.6
      vertex 21.3917 4.50624 25.6
    endloop
  endfacet
  facet normal 0 0 1
    outer loop
      vertex 22.3721 6.61032 25.6
      vertex 21.3917 4.50624 25.6
      vertex 21.3908 4.48567 25.6
    endloop
  endfacet
  facet normal 0 0 1
    outer loop
      vertex 22.3721 6.61032 25.6
      vertex 21.3908 4.48567 25.6
      vertex 21.3895 4.46528 25.6
    endloop
  endfacet
  facet normal 0 0 1
    outer loop
      vertex 21.4486 3.02763 25.6
      vertex 21.3734 4.34672 25.6
      vertex 21.4425 3.04666 25.6
    endloop
  endfacet
  facet normal -0 0 1
    outer loop
      vertex 21.3694 4.32759 25.6
      vertex 21.4425 3.04666 25.6
      vertex 21.3734 4.34672 25.6
    endloop
  endfacet
  facet normal 0 0 1
    outer loop
      vertex 21.4425 3.04666 25.6
      vertex 21.3694 4.32759 25.6
      vertex 21.4359 3.06553 25.6
    endloop
  endfacet
  facet normal -0 0 1
    outer loop
      vertex 21.365 4.30864 25.6
      vertex 21.4359 3.06553 25.6
      vertex 21.3694 4.32759 25.6
    endloop
  endfacet
  facet normal 0 0 1
    outer loop
      vertex 21.4359 3.06553 25.6
      vertex 21.365 4.30864 25.6
      vertex 21.4289 3.08424 25.6
    endloop
  endfacet
  facet normal -0 0 1
    outer loop
      vertex 21.3603 4.28987 25.6
      vertex 21.4289 3.08424 25.6
      vertex 21.365 4.30864 25.6
    endloop
  endfacet
  facet normal 0 0 1
    outer loop
      vertex 21.4289 3.08424 25.6
      vertex 21.3603 4.28987 25.6
      vertex 21.4214 3.10269 25.6
    endloop
  endfacet
  facet normal -0 0 1
    outer loop
      vertex 21.3551 4.27128 25.6
      vertex 21.4214 3.10269 25.6
      vertex 21.3603 4.28987 25.6
    endloop
  endfacet
  facet normal 0 0 1
    outer loop
      vertex 21.4214 3.10269 25.6
      vertex 21.3551 4.27128 25.6
      vertex 21.4136 3.12091 25.6
    endloop
  endfacet
  facet normal -0 0 1
    outer loop
      vertex 21.3496 4.25287 25.6
      vertex 21.4136 3.12091 25.6
      vertex 21.3551 4.27128 25.6
    endloop
  endfacet
  facet normal 0 0 1
    outer loop
      vertex 21.4136 3.12091 25.6
      vertex 21.3496 4.25287 25.6
      vertex 21.4052 3.13887 25.6
    endloop
  endfacet
  facet normal -0 0 1
    outer loop
      vertex 21.3437 4.23465 25.6
      vertex 21.4052 3.13887 25.6
      vertex 21.3496 4.25287 25.6
    endloop
  endfacet
  facet normal -0 0 1
    outer loop
      vertex 21.3374 4.21663 25.6
      vertex 21.4052 3.13887 25.6
      vertex 21.3437 4.23465 25.6
    endloop
  endfacet
  facet normal 0 0 1
    outer loop
      vertex 21.4052 3.13887 25.6
      vertex 21.3374 4.21663 25.6
      vertex 21.3964 3.1566 25.6
    endloop
  endfacet
  facet normal -0 0 1
    outer loop
      vertex 21.3307 4.19883 25.6
      vertex 21.3964 3.1566 25.6
      vertex 21.3374 4.21663 25.6
    endloop
  endfacet
  facet normal 0 0 1
    outer loop
      vertex 21.3964 3.1566 25.6
      vertex 21.3307 4.19883 25.6
      vertex 21.3872 3.17407 25.6
    endloop
  endfacet
  facet normal -0 0 1
    outer loop
      vertex 21.3236 4.18127 25.6
      vertex 21.3872 3.17407 25.6
      vertex 21.3307 4.19883 25.6
    endloop
  endfacet
  facet normal 0 0 1
    outer loop
      vertex 21.3872 3.17407 25.6
      vertex 21.3236 4.18127 25.6
      vertex 21.3775 3.19131 25.6
    endloop
  endfacet
  facet normal -0 0 1
    outer loop
      vertex 21.3161 4.16395 25.6
      vertex 21.3775 3.19131 25.6
      vertex 21.3236 4.18127 25.6
    endloop
  endfacet
  facet normal 0 0 1
    outer loop
      vertex 21.3775 3.19131 25.6
      vertex 21.3161 4.16395 25.6
      vertex 21.3674 3.20829 25.6
    endloop
  endfacet
  facet normal -0 0 1
    outer loop
      vertex 21.3083 4.14686 25.6
      vertex 21.3674 3.20829 25.6
      vertex 21.3161 4.16395 25.6
    endloop
  endfacet
  facet normal 0 0 1
    outer loop
      vertex 21.3674 3.20829 25.6
      vertex 21.3083 4.14686 25.6
      vertex 21.3568 3.22505 25.6
    endloop
  endfacet
  facet normal -0 0 1
    outer loop
      vertex 21.3 4.13 25.6
      vertex 21.3568 3.22505 25.6
      vertex 21.3083 4.14686 25.6
    endloop
  endfacet
  facet normal 0 0 1
    outer loop
      vertex 21.3568 3.22505 25.6
      vertex 21.3 4.13 25.6
      vertex 21.3458 3.24154 25.6
    endloop
  endfacet
  facet normal -0 0 1
    outer loop
      vertex 21.2914 4.11337 25.6
      vertex 21.3458 3.24154 25.6
      vertex 21.3 4.13 25.6
    endloop
  endfacet
  facet normal 0 0 1
    outer loop
      vertex 21.3458 3.24154 25.6
      vertex 21.2914 4.11337 25.6
      vertex 21.3344 3.25781 25.6
    endloop
  endfacet
  facet normal -0 0 1
    outer loop
      vertex 21.2823 4.09698 25.6
      vertex 21.3344 3.25781 25.6
      vertex 21.2914 4.11337 25.6
    endloop
  endfacet
  facet normal 0 0 1
    outer loop
      vertex 21.3344 3.25781 25.6
      vertex 21.2823 4.09698 25.6
      vertex 21.3225 3.27383 25.6
    endloop
  endfacet
  facet normal -0 0 1
    outer loop
      vertex 21.2729 4.08082 25.6
      vertex 21.3225 3.27383 25.6
      vertex 21.2823 4.09698 25.6
    endloop
  endfacet
  facet normal 0 0 1
    outer loop
      vertex 21.3225 3.27383 25.6
      vertex 21.2729 4.08082 25.6
      vertex 21.3101 3.28959 25.6
    endloop
  endfacet
  facet normal -0 0 1
    outer loop
      vertex 21.263 4.06489 25.6
      vertex 21.3101 3.28959 25.6
      vertex 21.2729 4.08082 25.6
    endloop
  endfacet
  facet normal 0 0 1
    outer loop
      vertex 21.3101 3.28959 25.6
      vertex 21.263 4.06489 25.6
      vertex 21.2973 3.30513 25.6
    endloop
  endfacet
  facet normal -0 0 1
    outer loop
      vertex 21.2528 4.04921 25.6
      vertex 21.2973 3.30513 25.6
      vertex 21.263 4.06489 25.6
    endloop
  endfacet
  facet normal 0 0 1
    outer loop
      vertex 21.2973 3.30513 25.6
      vertex 21.2528 4.04921 25.6
      vertex 21.2841 3.32042 25.6
    endloop
  endfacet
  facet normal -0 0 1
    outer loop
      vertex 21.2422 4.03375 25.6
      vertex 21.2841 3.32042 25.6
      vertex 21.2528 4.04921 25.6
    endloop
  endfacet
  facet normal 0 0 1
    outer loop
      vertex 21.2841 3.32042 25.6
      vertex 21.2422 4.03375 25.6
      vertex 21.2704 3.33546 25.6
    endloop
  endfacet
  facet normal -0 0 1
    outer loop
      vertex 21.2312 4.01852 25.6
      vertex 21.2704 3.33546 25.6
      vertex 21.2422 4.03375 25.6
    endloop
  endfacet
  facet normal 0 0 1
    outer loop
      vertex 21.2704 3.33546 25.6
      vertex 21.2312 4.01852 25.6
      vertex 21.2563 3.35022 25.6
    endloop
  endfacet
  facet normal -0 0 1
    outer loop
      vertex 21.2198 4.00352 25.6
      vertex 21.2563 3.35022 25.6
      vertex 21.2312 4.01852 25.6
    endloop
  endfacet
  facet normal 0 0 1
    outer loop
      vertex 21.2563 3.35022 25.6
      vertex 21.2198 4.00352 25.6
      vertex 21.2416 3.36468 25.6
    endloop
  endfacet
  facet normal -0 0 1
    outer loop
      vertex 21.208 3.98877 25.6
      vertex 21.2416 3.36468 25.6
      vertex 21.2198 4.00352 25.6
    endloop
  endfacet
  facet normal -0 0 1
    outer loop
      vertex 21.1959 3.97424 25.6
      vertex 21.2416 3.36468 25.6
      vertex 21.208 3.98877 25.6
    endloop
  endfacet
  facet normal 0 0 1
    outer loop
      vertex 21.2416 3.36468 25.6
      vertex 21.1959 3.97424 25.6
      vertex 21.2265 3.37883 25.6
    endloop
  endfacet
  facet normal -0 0 1
    outer loop
      vertex 21.1833 3.95996 25.6
      vertex 21.2265 3.37883 25.6
      vertex 21.1959 3.97424 25.6
    endloop
  endfacet
  facet normal 0 0 1
    outer loop
      vertex 21.2265 3.37883 25.6
      vertex 21.1833 3.95996 25.6
      vertex 21.2109 3.39268 25.6
    endloop
  endfacet
  facet normal -0 0 1
    outer loop
      vertex 21.1702 3.94594 25.6
      vertex 21.2109 3.39268 25.6
      vertex 21.1833 3.95996 25.6
    endloop
  endfacet
  facet normal 0 0 1
    outer loop
      vertex 21.2109 3.39268 25.6
      vertex 21.1702 3.94594 25.6
      vertex 21.1948 3.40622 25.6
    endloop
  endfacet
  facet normal -0 0 1
    outer loop
      vertex 21.1568 3.93216 25.6
      vertex 21.1948 3.40622 25.6
      vertex 21.1702 3.94594 25.6
    endloop
  endfacet
  facet normal 0 0 1
    outer loop
      vertex 21.1948 3.40622 25.6
      vertex 21.1568 3.93216 25.6
      vertex 21.1782 3.41945 25.6
    endloop
  endfacet
  facet normal -0 0 1
    outer loop
      vertex 21.1429 3.91864 25.6
      vertex 21.1782 3.41945 25.6
      vertex 21.1568 3.93216 25.6
    endloop
  endfacet
  facet normal 0 0 1
    outer loop
      vertex 21.1782 3.41945 25.6
      vertex 21.1429 3.91864 25.6
      vertex 21.1612 3.43237 25.6
    endloop
  endfacet
  facet normal -0 0 1
    outer loop
      vertex 21.1286 3.90536 25.6
      vertex 21.1612 3.43237 25.6
      vertex 21.1429 3.91864 25.6
    endloop
  endfacet
  facet normal 0 0 1
    outer loop
      vertex 21.1612 3.43237 25.6
      vertex 21.1286 3.90536 25.6
      vertex 21.1436 3.44497 25.6
    endloop
  endfacet
  facet normal -0 0 1
    outer loop
      vertex 21.1138 3.89236 25.6
      vertex 21.1436 3.44497 25.6
      vertex 21.1286 3.90536 25.6
    endloop
  endfacet
  facet normal 0 0 1
    outer loop
      vertex 21.1436 3.44497 25.6
      vertex 21.1138 3.89236 25.6
      vertex 21.1256 3.45729 25.6
    endloop
  endfacet
  facet normal -0 0 1
    outer loop
      vertex 21.0986 3.87959 25.6
      vertex 21.1256 3.45729 25.6
      vertex 21.1138 3.89236 25.6
    endloop
  endfacet
  facet normal 0 0 1
    outer loop
      vertex 21.1256 3.45729 25.6
      vertex 21.0986 3.87959 25.6
      vertex 21.107 3.46928 25.6
    endloop
  endfacet
  facet normal -0 0 1
    outer loop
      vertex 21.0829 3.86709 25.6
      vertex 21.107 3.46928 25.6
      vertex 21.0986 3.87959 25.6
    endloop
  endfacet
  facet normal 0 0 1
    outer loop
      vertex 21.107 3.46928 25.6
      vertex 21.0829 3.86709 25.6
      vertex 21.088 3.48097 25.6
    endloop
  endfacet
  facet normal -0 0 1
    outer loop
      vertex 21.0669 3.85484 25.6
      vertex 21.088 3.48097 25.6
      vertex 21.0829 3.86709 25.6
    endloop
  endfacet
  facet normal 0 0 1
    outer loop
      vertex 21.088 3.48097 25.6
      vertex 21.0669 3.85484 25.6
      vertex 21.0685 3.49235 25.6
    endloop
  endfacet
  facet normal -0 0 1
    outer loop
      vertex 21.0504 3.84285 25.6
      vertex 21.0685 3.49235 25.6
      vertex 21.0669 3.85484 25.6
    endloop
  endfacet
  facet normal 0 0 1
    outer loop
      vertex 21.0504 3.84285 25.6
      vertex 21.0485 3.50343 25.6
      vertex 21.0685 3.49235 25.6
    endloop
  endfacet
  facet normal -0 0 1
    outer loop
      vertex 21.0334 3.8311 25.6
      vertex 21.0485 3.50343 25.6
      vertex 21.0504 3.84285 25.6
    endloop
  endfacet
  facet normal -0 0 1
    outer loop
      vertex 21.0161 3.81961 25.6
      vertex 21.0485 3.50343 25.6
      vertex 21.0334 3.8311 25.6
    endloop
  endfacet
  facet normal 0 0 1
    outer loop
      vertex 21.0485 3.50343 25.6
      vertex 21.0161 3.81961 25.6
      vertex 21.028 3.5142 25.6
    endloop
  endfacet
  facet normal -0 0 1
    outer loop
      vertex 20.9983 3.80838 25.6
      vertex 21.028 3.5142 25.6
      vertex 21.0161 3.81961 25.6
    endloop
  endfacet
  facet normal 0 0 1
    outer loop
      vertex 21.028 3.5142 25.6
      vertex 20.9983 3.80838 25.6
      vertex 21.0071 3.52467 25.6
    endloop
  endfacet
  facet normal -0 0 1
    outer loop
      vertex 20.98 3.79741 25.6
      vertex 21.0071 3.52467 25.6
      vertex 20.9983 3.80838 25.6
    endloop
  endfacet
  facet normal 0 0 1
    outer loop
      vertex 21.0071 3.52467 25.6
      vertex 20.98 3.79741 25.6
      vertex 20.9856 3.53482 25.6
    endloop
  endfacet
  facet normal -0 0 1
    outer loop
      vertex 20.9613 3.78668 25.6
      vertex 20.9856 3.53482 25.6
      vertex 20.98 3.79741 25.6
    endloop
  endfacet
  facet normal 0 0 1
    outer loop
      vertex 20.9856 3.53482 25.6
      vertex 20.9613 3.78668 25.6
      vertex 20.9637 3.54461 25.6
    endloop
  endfacet
  facet normal -0 0 1
    outer loop
      vertex 20.9422 3.7762 25.6
      vertex 20.9637 3.54461 25.6
      vertex 20.9613 3.78668 25.6
    endloop
  endfacet
  facet normal 0 0 1
    outer loop
      vertex 20.9422 3.7762 25.6
      vertex 20.9412 3.55398 25.6
      vertex 20.9637 3.54461 25.6
    endloop
  endfacet
  facet normal -0 0 1
    outer loop
      vertex 20.9227 3.76603 25.6
      vertex 20.9412 3.55398 25.6
      vertex 20.9422 3.7762 25.6
    endloop
  endfacet
  facet normal 0 0 1
    outer loop
      vertex 20.9227 3.76603 25.6
      vertex 20.9183 3.56295 25.6
      vertex 20.9412 3.55398 25.6
    endloop
  endfacet
  facet normal -0 0 1
    outer loop
      vertex 20.9027 3.75618 25.6
      vertex 20.9183 3.56295 25.6
      vertex 20.9227 3.76603 25.6
    endloop
  endfacet
  facet normal 0 0 1
    outer loop
      vertex 20.9027 3.75618 25.6
      vertex 20.8949 3.57152 25.6
      vertex 20.9183 3.56295 25.6
    endloop
  endfacet
  facet normal -0 0 1
    outer loop
      vertex 20.8822 3.74666 25.6
      vertex 20.8949 3.57152 25.6
      vertex 20.9027 3.75618 25.6
    endloop
  endfacet
  facet normal 0 0 1
    outer loop
      vertex 20.8822 3.74666 25.6
      vertex 20.871 3.57966 25.6
      vertex 20.8949 3.57152 25.6
    endloop
  endfacet
  facet normal -0 0 1
    outer loop
      vertex 20.8614 3.73747 25.6
      vertex 20.871 3.57966 25.6
      vertex 20.8822 3.74666 25.6
    endloop
  endfacet
  facet normal 0 0 1
    outer loop
      vertex 20.8614 3.73747 25.6
      vertex 20.8466 3.58738 25.6
      vertex 20.871 3.57966 25.6
    endloop
  endfacet
  facet normal -0 0 1
    outer loop
      vertex 20.84 3.7286 25.6
      vertex 20.8466 3.58738 25.6
      vertex 20.8614 3.73747 25.6
    endloop
  endfacet
  facet normal -0 0 1
    outer loop
      vertex 20.8183 3.72007 25.6
      vertex 20.8466 3.58738 25.6
      vertex 20.84 3.7286 25.6
    endloop
  endfacet
  facet normal 0 0 1
    outer loop
      vertex 20.8466 3.58738 25.6
      vertex 20.8183 3.72007 25.6
      vertex 20.8218 3.59471 25.6
    endloop
  endfacet
  facet normal -0 0 1
    outer loop
      vertex 20.796 3.71187 25.6
      vertex 20.8218 3.59471 25.6
      vertex 20.8183 3.72007 25.6
    endloop
  endfacet
  facet normal 0 0 1
    outer loop
      vertex 20.8218 3.59471 25.6
      vertex 20.796 3.71187 25.6
      vertex 20.7964 3.60161 25.6
    endloop
  endfacet
  facet normal -0 0 1
    outer loop
      vertex 20.7734 3.70399 25.6
      vertex 20.7964 3.60161 25.6
      vertex 20.796 3.71187 25.6
    endloop
  endfacet
  facet normal 0 0 1
    outer loop
      vertex 20.7734 3.70399 25.6
      vertex 20.7706 3.60811 25.6
      vertex 20.7964 3.60161 25.6
    endloop
  endfacet
  facet normal -0 0 1
    outer loop
      vertex 20.7503 3.69644 25.6
      vertex 20.7706 3.60811 25.6
      vertex 20.7734 3.70399 25.6
    endloop
  endfacet
  facet normal 0 0 1
    outer loop
      vertex 20.7503 3.69644 25.6
      vertex 20.7443 3.61418 25.6
      vertex 20.7706 3.60811 25.6
    endloop
  endfacet
  facet normal -0 0 1
    outer loop
      vertex 20.7267 3.68922 25.6
      vertex 20.7443 3.61418 25.6
      vertex 20.7503 3.69644 25.6
    endloop
  endfacet
  facet normal 0 0 1
    outer loop
      vertex 20.7267 3.68922 25.6
      vertex 20.7174 3.61984 25.6
      vertex 20.7443 3.61418 25.6
    endloop
  endfacet
  facet normal -0 0 1
    outer loop
      vertex 20.7027 3.68234 25.6
      vertex 20.7174 3.61984 25.6
      vertex 20.7267 3.68922 25.6
    endloop
  endfacet
  facet normal 0 0 1
    outer loop
      vertex 20.7027 3.68234 25.6
      vertex 20.6901 3.62509 25.6
      vertex 20.7174 3.61984 25.6
    endloop
  endfacet
  facet normal -0 0 1
    outer loop
      vertex 20.6783 3.67576 25.6
      vertex 20.6901 3.62509 25.6
      vertex 20.7027 3.68234 25.6
    endloop
  endfacet
  facet normal 0 0 1
    outer loop
      vertex 20.6783 3.67576 25.6
      vertex 20.6624 3.62993 25.6
      vertex 20.6901 3.62509 25.6
    endloop
  endfacet
  facet normal -0 0 1
    outer loop
      vertex 20.6534 3.66954 25.6
      vertex 20.6624 3.62993 25.6
      vertex 20.6783 3.67576 25.6
    endloop
  endfacet
  facet normal 0 0 1
    outer loop
      vertex 20.6534 3.66954 25.6
      vertex 20.6341 3.63435 25.6
      vertex 20.6624 3.62993 25.6
    endloop
  endfacet
  facet normal -0 0 1
    outer loop
      vertex 20.6281 3.66363 25.6
      vertex 20.6341 3.63435 25.6
      vertex 20.6534 3.66954 25.6
    endloop
  endfacet
  facet normal 0 0 1
    outer loop
      vertex 20.6281 3.66363 25.6
      vertex 20.6053 3.63836 25.6
      vertex 20.6341 3.63435 25.6
    endloop
  endfacet
  facet normal -0 0 1
    outer loop
      vertex 20.6023 3.65805 25.6
      vertex 20.6053 3.63836 25.6
      vertex 20.6281 3.66363 25.6
    endloop
  endfacet
  facet normal 0 0 1
    outer loop
      vertex 20.5761 3.64196 25.6
      vertex 20.6023 3.65805 25.6
      vertex 20.5761 3.6528 25.6
    endloop
  endfacet
  facet normal 0 0 1
    outer loop
      vertex 20.6023 3.65805 25.6
      vertex 20.5761 3.64196 25.6
      vertex 20.6053 3.63836 25.6
    endloop
  endfacet
  facet normal 0 0 1
    outer loop
      vertex 20.2637 3.97361 25.6
      vertex 20.6195 4.453 25.6
      vertex 20.6189 4.4821 25.6
    endloop
  endfacet
  facet normal 0 0 1
    outer loop
      vertex 20.6195 4.453 25.6
      vertex 20.2637 3.97361 25.6
      vertex 20.6192 4.43356 25.6
    endloop
  endfacet
  facet normal 0 0 1
    outer loop
      vertex 20.1652 4.95543 25.6
      vertex 20.6189 4.4821 25.6
      vertex 20.6174 4.5104 25.6
    endloop
  endfacet
  facet normal 0 -0 1
    outer loop
      vertex 20.2775 3.97784 25.6
      vertex 20.6192 4.43356 25.6
      vertex 20.2637 3.97361 25.6
    endloop
  endfacet
  facet normal 0 -0 1
    outer loop
      vertex 20.291 3.98236 25.6
      vertex 20.6185 4.41455 25.6
      vertex 20.2775 3.97784 25.6
    endloop
  endfacet
  facet normal 0 0 1
    outer loop
      vertex 20.1944 4.9528 25.6
      vertex 20.6174 4.5104 25.6
      vertex 20.6148 4.53792 25.6
    endloop
  endfacet
  facet normal 0 -0 1
    outer loop
      vertex 20.3044 3.98713 25.6
      vertex 20.6185 4.41455 25.6
      vertex 20.291 3.98236 25.6
    endloop
  endfacet
  facet normal 0 0 1
    outer loop
      vertex 20.1944 4.9528 25.6
      vertex 20.6148 4.53792 25.6
      vertex 20.6112 4.56463 25.6
    endloop
  endfacet
  facet normal 0 -0 1
    outer loop
      vertex 20.3177 3.99218 25.6
      vertex 20.6174 4.39596 25.6
      vertex 20.3044 3.98713 25.6
    endloop
  endfacet
  facet normal 0 -0 1
    outer loop
      vertex 20.3307 3.99753 25.6
      vertex 20.6174 4.39596 25.6
      vertex 20.3177 3.99218 25.6
    endloop
  endfacet
  facet normal 0 0 1
    outer loop
      vertex 20.2227 4.94912 25.6
      vertex 20.6112 4.56463 25.6
      vertex 20.6066 4.59054 25.6
    endloop
  endfacet
  facet normal 0 0 1
    outer loop
      vertex 20.6174 4.39596 25.6
      vertex 20.3307 3.99753 25.6
      vertex 20.6157 4.37782 25.6
    endloop
  endfacet
  facet normal 0 0 1
    outer loop
      vertex 20.2499 4.94441 25.6
      vertex 20.6066 4.59054 25.6
      vertex 20.601 4.61567 25.6
    endloop
  endfacet
  facet normal 0 0 1
    outer loop
      vertex 20.6157 4.37782 25.6
      vertex 20.3436 4.00313 25.6
      vertex 20.6136 4.3601 25.6
    endloop
  endfacet
  facet normal 0 -0 1
    outer loop
      vertex 20.3562 4.009 25.6
      vertex 20.6136 4.3601 25.6
      vertex 20.3436 4.00313 25.6
    endloop
  endfacet
  facet normal 0 0 1
    outer loop
      vertex 20.2763 4.93864 25.6
      vertex 20.601 4.61567 25.6
      vertex 20.5943 4.64001 25.6
    endloop
  endfacet
  facet normal 0 -0 1
    outer loop
      vertex 20.3687 4.01516 25.6
      vertex 20.6111 4.34283 25.6
      vertex 20.3562 4.009 25.6
    endloop
  endfacet
  facet normal 0 0 1
    outer loop
      vertex 20.2763 4.93864 25.6
      vertex 20.5943 4.64001 25.6
      vertex 20.5866 4.66354 25.6
    endloop
  endfacet
  facet normal 0 -0 1
    outer loop
      vertex 20.381 4.02159 25.6
      vertex 20.608 4.32599 25.6
      vertex 20.3687 4.01516 25.6
    endloop
  endfacet
  facet normal 0 0 1
    outer loop
      vertex 20.608 4.32599 25.6
      vertex 20.381 4.02159 25.6
      vertex 20.6045 4.30958 25.6
    endloop
  endfacet
  facet normal 0 0 1
    outer loop
      vertex 20.3017 4.93182 25.6
      vertex 20.5866 4.66354 25.6
      vertex 20.5778 4.68629 25.6
    endloop
  endfacet
  facet normal 0 0 1
    outer loop
      vertex 20.6045 4.30958 25.6
      vertex 20.3932 4.0283 25.6
      vertex 20.6006 4.29361 25.6
    endloop
  endfacet
  facet normal 0 0 1
    outer loop
      vertex 20.3017 4.93182 25.6
      vertex 20.5778 4.68629 25.6
      vertex 20.5681 4.70823 25.6
    endloop
  endfacet
  facet normal 0 0 1
    outer loop
      vertex 20.5801 4.23407 25.6
      vertex 20.5443 4.16923 25.6
      vertex 20.5738 4.22026 25.6
    endloop
  endfacet
  facet normal 0 0 1
    outer loop
      vertex 20.5738 4.22026 25.6
      vertex 20.5598 4.19397 25.6
      vertex 20.567 4.20689 25.6
    endloop
  endfacet
  facet normal 0 0 1
    outer loop
      vertex 20.3262 4.92395 25.6
      vertex 20.5681 4.70823 25.6
      vertex 20.5573 4.72938 25.6
    endloop
  endfacet
  facet normal 0 0 1
    outer loop
      vertex 20.5738 4.22026 25.6
      vertex 20.5522 4.18142 25.6
      vertex 20.5598 4.19397 25.6
    endloop
  endfacet
  facet normal 0 0 1
    outer loop
      vertex 20.3262 4.92395 25.6
      vertex 20.5573 4.72938 25.6
      vertex 20.5455 4.74975 25.6
    endloop
  endfacet
  facet normal 0 0 1
    outer loop
      vertex 20.5738 4.22026 25.6
      vertex 20.5443 4.16923 25.6
      vertex 20.5522 4.18142 25.6
    endloop
  endfacet
  facet normal 0 0 1
    outer loop
      vertex 20.5801 4.23407 25.6
      vertex 20.5362 4.15739 25.6
      vertex 20.5443 4.16923 25.6
    endloop
  endfacet
  facet normal 0 0 1
    outer loop
      vertex 20.3262 4.92395 25.6
      vertex 20.5455 4.74975 25.6
      vertex 20.5326 4.76931 25.6
    endloop
  endfacet
  facet normal 0 0 1
    outer loop
      vertex 20.5801 4.23407 25.6
      vertex 20.5277 4.1459 25.6
      vertex 20.5362 4.15739 25.6
    endloop
  endfacet
  facet normal 0 0 1
    outer loop
      vertex 20.5801 4.23407 25.6
      vertex 20.519 4.13476 25.6
      vertex 20.5277 4.1459 25.6
    endloop
  endfacet
  facet normal 0 0 1
    outer loop
      vertex 20.3262 4.92395 25.6
      vertex 20.5326 4.76931 25.6
      vertex 20.5187 4.78808 25.6
    endloop
  endfacet
  facet normal 0 0 1
    outer loop
      vertex 20.5801 4.23407 25.6
      vertex 20.5101 4.12396 25.6
      vertex 20.519 4.13476 25.6
    endloop
  endfacet
  facet normal 0 0 1
    outer loop
      vertex 20.3497 4.91504 25.6
      vertex 20.5187 4.78808 25.6
      vertex 20.5038 4.80606 25.6
    endloop
  endfacet
  facet normal 0 0 1
    outer loop
      vertex 20.5801 4.23407 25.6
      vertex 20.5008 4.11352 25.6
      vertex 20.5101 4.12396 25.6
    endloop
  endfacet
  facet normal 0 0 1
    outer loop
      vertex 20.5801 4.23407 25.6
      vertex 20.4913 4.10344 25.6
      vertex 20.5008 4.11352 25.6
    endloop
  endfacet
  facet normal 0 0 1
    outer loop
      vertex 20.3497 4.91504 25.6
      vertex 20.5038 4.80606 25.6
      vertex 20.4879 4.82324 25.6
    endloop
  endfacet
  facet normal 0 0 1
    outer loop
      vertex 20.5801 4.23407 25.6
      vertex 20.4815 4.09369 25.6
      vertex 20.4913 4.10344 25.6
    endloop
  endfacet
  facet normal 0 0 1
    outer loop
      vertex 20.5801 4.23407 25.6
      vertex 20.4714 4.0843 25.6
      vertex 20.4815 4.09369 25.6
    endloop
  endfacet
  facet normal 0 0 1
    outer loop
      vertex 20.4531 4.85472 25.6
      vertex 20.4879 4.82324 25.6
      vertex 20.471 4.83951 25.6
    endloop
  endfacet
  facet normal 0 0 1
    outer loop
      vertex 20.5801 4.23407 25.6
      vertex 20.461 4.07525 25.6
      vertex 20.4714 4.0843 25.6
    endloop
  endfacet
  facet normal 0 0 1
    outer loop
      vertex 20.4343 4.86888 25.6
      vertex 20.4879 4.82324 25.6
      vertex 20.4531 4.85472 25.6
    endloop
  endfacet
  facet normal 0 0 1
    outer loop
      vertex 20.5801 4.23407 25.6
      vertex 20.4504 4.06656 25.6
      vertex 20.461 4.07525 25.6
    endloop
  endfacet
  facet normal 0 0 1
    outer loop
      vertex 20.5801 4.23407 25.6
      vertex 20.4395 4.05821 25.6
      vertex 20.4504 4.06656 25.6
    endloop
  endfacet
  facet normal 0 0 1
    outer loop
      vertex 20.4146 4.88199 25.6
      vertex 20.4879 4.82324 25.6
      vertex 20.4343 4.86888 25.6
    endloop
  endfacet
  facet normal 0 0 1
    outer loop
      vertex 20.5801 4.23407 25.6
      vertex 20.4283 4.05023 25.6
      vertex 20.4395 4.05821 25.6
    endloop
  endfacet
  facet normal 0 0 1
    outer loop
      vertex 20.5801 4.23407 25.6
      vertex 20.4169 4.04258 25.6
      vertex 20.4283 4.05023 25.6
    endloop
  endfacet
  facet normal 0 0 1
    outer loop
      vertex 20.3939 4.89406 25.6
      vertex 20.4879 4.82324 25.6
      vertex 20.4146 4.88199 25.6
    endloop
  endfacet
  facet normal 0 0 1
    outer loop
      vertex 20.3723 4.90507 25.6
      vertex 20.4879 4.82324 25.6
      vertex 20.3939 4.89406 25.6
    endloop
  endfacet
  facet normal 0 0 1
    outer loop
      vertex 20.3497 4.91504 25.6
      vertex 20.4879 4.82324 25.6
      vertex 20.3723 4.90507 25.6
    endloop
  endfacet
  facet normal 0 0 1
    outer loop
      vertex 20.5187 4.78808 25.6
      vertex 20.3497 4.91504 25.6
      vertex 20.3262 4.92395 25.6
    endloop
  endfacet
  facet normal 0 0 1
    outer loop
      vertex 20.5681 4.70823 25.6
      vertex 20.3262 4.92395 25.6
      vertex 20.3017 4.93182 25.6
    endloop
  endfacet
  facet normal 0 0 1
    outer loop
      vertex 20.5866 4.66354 25.6
      vertex 20.3017 4.93182 25.6
      vertex 20.2763 4.93864 25.6
    endloop
  endfacet
  facet normal 0 0 1
    outer loop
      vertex 20.601 4.61567 25.6
      vertex 20.2763 4.93864 25.6
      vertex 20.2499 4.94441 25.6
    endloop
  endfacet
  facet normal 0 0 1
    outer loop
      vertex 20.6066 4.59054 25.6
      vertex 20.2499 4.94441 25.6
      vertex 20.2227 4.94912 25.6
    endloop
  endfacet
  facet normal 0 0 1
    outer loop
      vertex 20.5801 4.23407 25.6
      vertex 20.4051 4.03528 25.6
      vertex 20.4169 4.04258 25.6
    endloop
  endfacet
  facet normal 0 0 1
    outer loop
      vertex 20.5801 4.23407 25.6
      vertex 20.3932 4.0283 25.6
      vertex 20.4051 4.03528 25.6
    endloop
  endfacet
  facet normal 0 0 1
    outer loop
      vertex 20.5859 4.2483 25.6
      vertex 20.3932 4.0283 25.6
      vertex 20.5801 4.23407 25.6
    endloop
  endfacet
  facet normal 0 0 1
    outer loop
      vertex 20.6112 4.56463 25.6
      vertex 20.2227 4.94912 25.6
      vertex 20.1944 4.9528 25.6
    endloop
  endfacet
  facet normal 0 0 1
    outer loop
      vertex 20.5912 4.26297 25.6
      vertex 20.3932 4.0283 25.6
      vertex 20.5859 4.2483 25.6
    endloop
  endfacet
  facet normal 0 0 1
    outer loop
      vertex 20.5961 4.27807 25.6
      vertex 20.3932 4.0283 25.6
      vertex 20.5912 4.26297 25.6
    endloop
  endfacet
  facet normal 0 0 1
    outer loop
      vertex 20.6006 4.29361 25.6
      vertex 20.3932 4.0283 25.6
      vertex 20.5961 4.27807 25.6
    endloop
  endfacet
  facet normal 0 0 1
    outer loop
      vertex 20.6174 4.5104 25.6
      vertex 20.1944 4.9528 25.6
      vertex 20.1652 4.95543 25.6
    endloop
  endfacet
  facet normal 0 -0 1
    outer loop
      vertex 20.3932 4.0283 25.6
      vertex 20.6045 4.30958 25.6
      vertex 20.381 4.02159 25.6
    endloop
  endfacet
  facet normal 0 0 1
    outer loop
      vertex 20.6111 4.34283 25.6
      vertex 20.3687 4.01516 25.6
      vertex 20.608 4.32599 25.6
    endloop
  endfacet
  facet normal 0 0 1
    outer loop
      vertex 20.6136 4.3601 25.6
      vertex 20.3562 4.009 25.6
      vertex 20.6111 4.34283 25.6
    endloop
  endfacet
  facet normal 0 0 1
    outer loop
      vertex 20.6189 4.4821 25.6
      vertex 20.1652 4.95543 25.6
      vertex 20.2637 3.97361 25.6
    endloop
  endfacet
  facet normal 0 -0 1
    outer loop
      vertex 20.3436 4.00313 25.6
      vertex 20.6157 4.37782 25.6
      vertex 20.3307 3.99753 25.6
    endloop
  endfacet
  facet normal 0 0 1
    outer loop
      vertex 20.6185 4.41455 25.6
      vertex 20.3044 3.98713 25.6
      vertex 20.6174 4.39596 25.6
    endloop
  endfacet
  facet normal 0 0 1
    outer loop
      vertex 20.6192 4.43356 25.6
      vertex 20.2775 3.97784 25.6
      vertex 20.6185 4.41455 25.6
    endloop
  endfacet
  facet normal 0 0 1
    outer loop
      vertex 20.2637 3.97361 25.6
      vertex 20.1652 4.95543 25.6
      vertex 20.2498 3.96966 25.6
    endloop
  endfacet
  facet normal 0 0 1
    outer loop
      vertex 20.1351 4.957 25.6
      vertex 20.2498 3.96966 25.6
      vertex 20.1652 4.95543 25.6
    endloop
  endfacet
  facet normal 0 0 1
    outer loop
      vertex 20.2498 3.96966 25.6
      vertex 20.1351 4.957 25.6
      vertex 20.2357 3.96599 25.6
    endloop
  endfacet
  facet normal 0 0 1
    outer loop
      vertex 20.2357 3.96599 25.6
      vertex 20.1351 4.957 25.6
      vertex 20.2214 3.96258 25.6
    endloop
  endfacet
  facet normal 0 0 1
    outer loop
      vertex 20.2214 3.96258 25.6
      vertex 20.1351 4.957 25.6
      vertex 20.2069 3.95945 25.6
    endloop
  endfacet
  facet normal 0 0 1
    outer loop
      vertex 20.1041 4.95752 25.6
      vertex 20.2069 3.95945 25.6
      vertex 20.1351 4.957 25.6
    endloop
  endfacet
  facet normal 0 0 1
    outer loop
      vertex 20.2069 3.95945 25.6
      vertex 20.1041 4.95752 25.6
      vertex 20.1922 3.9566 25.6
    endloop
  endfacet
  facet normal 0 0 1
    outer loop
      vertex 20.1922 3.9566 25.6
      vertex 20.1041 4.95752 25.6
      vertex 20.1775 3.95398 25.6
    endloop
  endfacet
  facet normal -0 0 1
    outer loop
      vertex 20.0749 4.95701 25.6
      vertex 20.1775 3.95398 25.6
      vertex 20.1041 4.95752 25.6
    endloop
  endfacet
  facet normal 0 0 1
    outer loop
      vertex 20.1775 3.95398 25.6
      vertex 20.0749 4.95701 25.6
      vertex 20.1628 3.95152 25.6
    endloop
  endfacet
  facet normal -0 0 1
    outer loop
      vertex 20.0465 4.95549 25.6
      vertex 20.1628 3.95152 25.6
      vertex 20.0749 4.95701 25.6
    endloop
  endfacet
  facet normal 0 0 1
    outer loop
      vertex 20.1628 3.95152 25.6
      vertex 20.0465 4.95549 25.6
      vertex 20.1481 3.94923 25.6
    endloop
  endfacet
  facet normal -0 0 1
    outer loop
      vertex 20.0188 4.95294 25.6
      vertex 20.1481 3.94923 25.6
      vertex 20.0465 4.95549 25.6
    endloop
  endfacet
  facet normal 0 0 1
    outer loop
      vertex 20.1481 3.94923 25.6
      vertex 20.0188 4.95294 25.6
      vertex 20.1335 3.94711 25.6
    endloop
  endfacet
  facet normal -0 0 1
    outer loop
      vertex 19.9917 4.94938 25.6
      vertex 20.1335 3.94711 25.6
      vertex 20.0188 4.95294 25.6
    endloop
  endfacet
  facet normal -0 0 1
    outer loop
      vertex 19.9654 4.94481 25.6
      vertex 20.1335 3.94711 25.6
      vertex 19.9917 4.94938 25.6
    endloop
  endfacet
  facet normal 0 0 1
    outer loop
      vertex 20.1335 3.94711 25.6
      vertex 19.9654 4.94481 25.6
      vertex 20.1189 3.94517 25.6
    endloop
  endfacet
  facet normal -0 0 1
    outer loop
      vertex 19.5561 4.4584 25.6
      vertex 20.1189 3.94517 25.6
      vertex 19.9654 4.94481 25.6
    endloop
  endfacet
  facet normal 0 0 1
    outer loop
      vertex 20.1189 3.94517 25.6
      vertex 19.5561 4.4584 25.6
      vertex 20.1043 3.94339 25.6
    endloop
  endfacet
  facet normal 0 0 1
    outer loop
      vertex 20.1043 3.94339 25.6
      vertex 19.5561 4.4584 25.6
      vertex 20.0898 3.94178 25.6
    endloop
  endfacet
  facet normal 0 0 1
    outer loop
      vertex 20.0898 3.94178 25.6
      vertex 19.5561 4.4584 25.6
      vertex 20.0752 3.94034 25.6
    endloop
  endfacet
  facet normal 0 0 1
    outer loop
      vertex 20.0752 3.94034 25.6
      vertex 19.5561 4.4584 25.6
      vertex 20.0608 3.93907 25.6
    endloop
  endfacet
  facet normal 0 0 1
    outer loop
      vertex 20.0608 3.93907 25.6
      vertex 19.5561 4.4584 25.6
      vertex 20.0463 3.93797 25.6
    endloop
  endfacet
  facet normal 0 0 1
    outer loop
      vertex 20.0463 3.93797 25.6
      vertex 19.5561 4.4584 25.6
      vertex 20.0319 3.93704 25.6
    endloop
  endfacet
  facet normal 0 0 1
    outer loop
      vertex 20.0319 3.93704 25.6
      vertex 19.5561 4.4584 25.6
      vertex 20.0175 3.93628 25.6
    endloop
  endfacet
  facet normal 0 0 1
    outer loop
      vertex 20.0175 3.93628 25.6
      vertex 19.5561 4.4584 25.6
      vertex 20.0032 3.93568 25.6
    endloop
  endfacet
  facet normal 0 0 1
    outer loop
      vertex 20.0032 3.93568 25.6
      vertex 19.5561 4.4584 25.6
      vertex 19.9888 3.93525 25.6
    endloop
  endfacet
  facet normal 0 0 1
    outer loop
      vertex 19.9888 3.93525 25.6
      vertex 19.5561 4.4584 25.6
      vertex 19.9745 3.93501 25.6
    endloop
  endfacet
  facet normal 0 0 1
    outer loop
      vertex 19.5561 4.4584 25.6
      vertex 19.9654 4.94481 25.6
      vertex 19.9398 4.93921 25.6
    endloop
  endfacet
  facet normal 0 0 1
    outer loop
      vertex 19.5561 4.4584 25.6
      vertex 19.9398 4.93921 25.6
      vertex 19.9149 4.9326 25.6
    endloop
  endfacet
  facet normal 0 0 1
    outer loop
      vertex 19.5561 4.4584 25.6
      vertex 19.9149 4.9326 25.6
      vertex 19.8908 4.92497 25.6
    endloop
  endfacet
  facet normal 0 0 1
    outer loop
      vertex 19.5561 4.4584 25.6
      vertex 19.8908 4.92497 25.6
      vertex 19.8673 4.91633 25.6
    endloop
  endfacet
  facet normal 0 0 1
    outer loop
      vertex 19.5561 4.4584 25.6
      vertex 19.8673 4.91633 25.6
      vertex 19.8446 4.90666 25.6
    endloop
  endfacet
  facet normal 0 0 1
    outer loop
      vertex 19.5561 4.4584 25.6
      vertex 19.8446 4.90666 25.6
      vertex 19.8225 4.89598 25.6
    endloop
  endfacet
  facet normal 0 0 1
    outer loop
      vertex 19.5561 4.4584 25.6
      vertex 19.8225 4.89598 25.6
      vertex 19.8012 4.88429 25.6
    endloop
  endfacet
  facet normal 0 0 1
    outer loop
      vertex 19.5561 4.4584 25.6
      vertex 19.8012 4.88429 25.6
      vertex 19.7805 4.87156 25.6
    endloop
  endfacet
  facet normal 0 0 1
    outer loop
      vertex 19.5561 4.4584 25.6
      vertex 19.7805 4.87156 25.6
      vertex 19.7606 4.85783 25.6
    endloop
  endfacet
  facet normal 0 0 1
    outer loop
      vertex 19.5561 4.4584 25.6
      vertex 19.7606 4.85783 25.6
      vertex 19.7414 4.84309 25.6
    endloop
  endfacet
  facet normal 0 0 1
    outer loop
      vertex 19.5561 4.4584 25.6
      vertex 19.7414 4.84309 25.6
      vertex 19.7229 4.82733 25.6
    endloop
  endfacet
  facet normal 0 0 1
    outer loop
      vertex 19.9745 3.93501 25.6
      vertex 19.5561 4.4584 25.6
      vertex 19.9603 3.93492 25.6
    endloop
  endfacet
  facet normal 0 0 1
    outer loop
      vertex 18.3579 3.70164 25.6
      vertex 19.7107 3.93492 25.6
      vertex 18.7939 4.51268 25.6
    endloop
  endfacet
  facet normal 0 0 1
    outer loop
      vertex 19.5561 4.4584 25.6
      vertex 19.7229 4.82733 25.6
      vertex 19.7053 4.81062 25.6
    endloop
  endfacet
  facet normal 0 0 1
    outer loop
      vertex 19.9603 3.93492 25.6
      vertex 19.5561 4.4584 25.6
      vertex 19.7107 3.93492 25.6
    endloop
  endfacet
  facet normal 0 0 1
    outer loop
      vertex 18.7939 4.51268 25.6
      vertex 19.7107 3.93492 25.6
      vertex 19.5561 4.4584 25.6
    endloop
  endfacet
  facet normal 0 0 1
    outer loop
      vertex 19.5561 4.4584 25.6
      vertex 19.7053 4.81062 25.6
      vertex 19.6886 4.79307 25.6
    endloop
  endfacet
  facet normal 0 0 1
    outer loop
      vertex 19.7107 3.31918 25.6
      vertex 19.5046 2.79298 25.6
      vertex 19.7059 2.37643 25.6
    endloop
  endfacet
  facet normal 0 0 1
    outer loop
      vertex 19.7059 2.37643 25.6
      vertex 19.5046 2.79298 25.6
      vertex 19.696 2.38519 25.6
    endloop
  endfacet
  facet normal 0 0 1
    outer loop
      vertex 19.5561 4.4584 25.6
      vertex 19.6886 4.79307 25.6
      vertex 19.6729 4.77469 25.6
    endloop
  endfacet
  facet normal 0 0 1
    outer loop
      vertex 19.696 2.38519 25.6
      vertex 19.5046 2.79298 25.6
      vertex 19.6863 2.39422 25.6
    endloop
  endfacet
  facet normal 0 0 1
    outer loop
      vertex 19.6863 2.39422 25.6
      vertex 19.5046 2.79298 25.6
      vertex 19.677 2.40349 25.6
    endloop
  endfacet
  facet normal 0 0 1
    outer loop
      vertex 19.5561 4.4584 25.6
      vertex 19.6729 4.77469 25.6
      vertex 19.6581 4.75544 25.6
    endloop
  endfacet
  facet normal 0 0 1
    outer loop
      vertex 19.677 2.40349 25.6
      vertex 19.5046 2.79298 25.6
      vertex 19.6678 2.41298 25.6
    endloop
  endfacet
  facet normal 0 0 1
    outer loop
      vertex 19.5561 4.4584 25.6
      vertex 19.6581 4.75544 25.6
      vertex 19.6443 4.73535 25.6
    endloop
  endfacet
  facet normal 0 0 1
    outer loop
      vertex 19.6678 2.41298 25.6
      vertex 19.5046 2.79298 25.6
      vertex 19.659 2.42268 25.6
    endloop
  endfacet
  facet normal 0 0 1
    outer loop
      vertex 19.659 2.42268 25.6
      vertex 19.5046 2.79298 25.6
      vertex 19.6503 2.43261 25.6
    endloop
  endfacet
  facet normal 0 0 1
    outer loop
      vertex 19.5561 4.4584 25.6
      vertex 19.6443 4.73535 25.6
      vertex 19.6315 4.71441 25.6
    endloop
  endfacet
  facet normal 0 0 1
    outer loop
      vertex 19.6503 2.43261 25.6
      vertex 19.5046 2.79298 25.6
      vertex 19.6419 2.44278 25.6
    endloop
  endfacet
  facet normal 0 0 1
    outer loop
      vertex 19.5561 4.4584 25.6
      vertex 19.6315 4.71441 25.6
      vertex 19.6196 4.69262 25.6
    endloop
  endfacet
  facet normal 0 0 1
    outer loop
      vertex 19.6419 2.44278 25.6
      vertex 19.5046 2.79298 25.6
      vertex 19.6338 2.45315 25.6
    endloop
  endfacet
  facet normal 0 0 1
    outer loop
      vertex 19.6338 2.45315 25.6
      vertex 19.5046 2.79298 25.6
      vertex 19.6259 2.46376 25.6
    endloop
  endfacet
  facet normal 0 0 1
    outer loop
      vertex 19.5561 4.4584 25.6
      vertex 19.6196 4.69262 25.6
      vertex 19.6087 4.67 25.6
    endloop
  endfacet
  facet normal 0 0 1
    outer loop
      vertex 19.6259 2.46376 25.6
      vertex 19.5046 2.79298 25.6
      vertex 19.6182 2.47458 25.6
    endloop
  endfacet
  facet normal 0 0 1
    outer loop
      vertex 19.5561 4.4584 25.6
      vertex 19.6087 4.67 25.6
      vertex 19.5988 4.64651 25.6
    endloop
  endfacet
  facet normal 0 0 1
    outer loop
      vertex 19.6182 2.47458 25.6
      vertex 19.5046 2.79298 25.6
      vertex 19.6108 2.48562 25.6
    endloop
  endfacet
  facet normal 0 0 1
    outer loop
      vertex 19.6108 2.48562 25.6
      vertex 19.5046 2.79298 25.6
      vertex 19.6036 2.4969 25.6
    endloop
  endfacet
  facet normal 0 0 1
    outer loop
      vertex 19.5561 4.4584 25.6
      vertex 19.5988 4.64651 25.6
      vertex 19.5898 4.62219 25.6
    endloop
  endfacet
  facet normal 0 0 1
    outer loop
      vertex 19.6036 2.4969 25.6
      vertex 19.5046 2.79298 25.6
      vertex 19.5966 2.50839 25.6
    endloop
  endfacet
  facet normal 0 0 1
    outer loop
      vertex 19.5561 4.4584 25.6
      vertex 19.5898 4.62219 25.6
      vertex 19.5818 4.59701 25.6
    endloop
  endfacet
  facet normal 0 0 1
    outer loop
      vertex 19.5966 2.50839 25.6
      vertex 19.5046 2.79298 25.6
      vertex 19.59 2.52009 25.6
    endloop
  endfacet
  facet normal 0 0 1
    outer loop
      vertex 19.5561 4.4584 25.6
      vertex 19.5818 4.59701 25.6
      vertex 19.5747 4.57098 25.6
    endloop
  endfacet
  facet normal 0 0 1
    outer loop
      vertex 19.59 2.52009 25.6
      vertex 19.5046 2.79298 25.6
      vertex 19.5835 2.53204 25.6
    endloop
  endfacet
  facet normal 0 0 1
    outer loop
      vertex 19.5561 4.4584 25.6
      vertex 19.5747 4.57098 25.6
      vertex 19.5686 4.54411 25.6
    endloop
  endfacet
  facet normal 0 0 1
    outer loop
      vertex 19.5835 2.53204 25.6
      vertex 19.5046 2.79298 25.6
      vertex 19.5773 2.54419 25.6
    endloop
  endfacet
  facet normal 0 0 1
    outer loop
      vertex 19.5561 4.4584 25.6
      vertex 19.5686 4.54411 25.6
      vertex 19.5635 4.51639 25.6
    endloop
  endfacet
  facet normal 0 0 1
    outer loop
      vertex 19.5773 2.54419 25.6
      vertex 19.5046 2.79298 25.6
      vertex 19.5713 2.55658 25.6
    endloop
  endfacet
  facet normal 0 0 1
    outer loop
      vertex 19.5561 4.4584 25.6
      vertex 19.5635 4.51639 25.6
      vertex 19.5593 4.48782 25.6
    endloop
  endfacet
  facet normal 0 0 1
    outer loop
      vertex 19.5713 2.55658 25.6
      vertex 19.5046 2.79298 25.6
      vertex 19.5656 2.56918 25.6
    endloop
  endfacet
  facet normal 0 0 1
    outer loop
      vertex 19.5656 2.56918 25.6
      vertex 19.5046 2.79298 25.6
      vertex 19.5601 2.58197 25.6
    endloop
  endfacet
  facet normal 0 0 1
    outer loop
      vertex 19.5601 2.58197 25.6
      vertex 19.5046 2.79298 25.6
      vertex 19.5549 2.59492 25.6
    endloop
  endfacet
  facet normal 0 0 1
    outer loop
      vertex 19.5549 2.59492 25.6
      vertex 19.5046 2.79298 25.6
      vertex 19.5498 2.60804 25.6
    endloop
  endfacet
  facet normal 0 0 1
    outer loop
      vertex 19.5498 2.60804 25.6
      vertex 19.5046 2.79298 25.6
      vertex 19.545 2.6213 25.6
    endloop
  endfacet
  facet normal 0 0 1
    outer loop
      vertex 19.545 2.6213 25.6
      vertex 19.5046 2.79298 25.6
      vertex 19.5404 2.63475 25.6
    endloop
  endfacet
  facet normal 0 0 1
    outer loop
      vertex 19.5404 2.63475 25.6
      vertex 19.5046 2.79298 25.6
      vertex 19.5361 2.64833 25.6
    endloop
  endfacet
  facet normal 0 0 1
    outer loop
      vertex 19.5361 2.64833 25.6
      vertex 19.5046 2.79298 25.6
      vertex 19.5319 2.66208 25.6
    endloop
  endfacet
  facet normal 0 0 1
    outer loop
      vertex 19.5319 2.66208 25.6
      vertex 19.5046 2.79298 25.6
      vertex 19.528 2.67599 25.6
    endloop
  endfacet
  facet normal 0 0 1
    outer loop
      vertex 19.528 2.67599 25.6
      vertex 19.5046 2.79298 25.6
      vertex 19.5243 2.69006 25.6
    endloop
  endfacet
  facet normal 0 0 1
    outer loop
      vertex 19.5243 2.69006 25.6
      vertex 19.5046 2.79298 25.6
      vertex 19.5208 2.70428 25.6
    endloop
  endfacet
  facet normal 0 0 1
    outer loop
      vertex 19.5208 2.70428 25.6
      vertex 19.5046 2.79298 25.6
      vertex 19.5175 2.71867 25.6
    endloop
  endfacet
  facet normal 0 0 1
    outer loop
      vertex 19.5175 2.71867 25.6
      vertex 19.5046 2.79298 25.6
      vertex 19.5145 2.73321 25.6
    endloop
  endfacet
  facet normal 0 0 1
    outer loop
      vertex 19.5145 2.73321 25.6
      vertex 19.5046 2.79298 25.6
      vertex 19.5117 2.74791 25.6
    endloop
  endfacet
  facet normal 0 0 1
    outer loop
      vertex 19.5117 2.74791 25.6
      vertex 19.5046 2.79298 25.6
      vertex 19.5091 2.76277 25.6
    endloop
  endfacet
  facet normal 0 0 1
    outer loop
      vertex 19.5091 2.76277 25.6
      vertex 19.5046 2.79298 25.6
      vertex 19.5068 2.7778 25.6
    endloop
  endfacet
  facet normal 0 0 1
    outer loop
      vertex 19.7107 3.93492 25.6
      vertex 18.3579 3.70164 25.6
      vertex 19.7107 3.31918 25.6
    endloop
  endfacet
  facet normal 0 0 1
    outer loop
      vertex 19.7107 3.31918 25.6
      vertex 18.7288 2.72514 25.6
      vertex 19.5046 2.79298 25.6
    endloop
  endfacet
  facet normal 0 0 1
    outer loop
      vertex 19.8 2.75 25.6
      vertex 20.7089 2.79298 25.6
      vertex 20.7087 2.81407 25.6
    endloop
  endfacet
  facet normal 0 0 1
    outer loop
      vertex 20.7089 2.79298 25.6
      vertex 19.8 2.75 25.6
      vertex 20.7083 2.75862 25.6
    endloop
  endfacet
  facet normal 0 0 1
    outer loop
      vertex 19.8 2.75 25.6
      vertex 20.7087 2.81407 25.6
      vertex 20.7078 2.83464 25.6
    endloop
  endfacet
  facet normal 0 0 1
    outer loop
      vertex 19.8 2.75 25.6
      vertex 20.7078 2.83464 25.6
      vertex 20.7064 2.85467 25.6
    endloop
  endfacet
  facet normal 0 0 1
    outer loop
      vertex 19.8 2.75 25.6
      vertex 20.7064 2.85467 25.6
      vertex 20.7045 2.87417 25.6
    endloop
  endfacet
  facet normal 0 0 1
    outer loop
      vertex 20.5079 3.19481 25.6
      vertex 20.7045 2.87417 25.6
      vertex 20.7019 2.89316 25.6
    endloop
  endfacet
  facet normal 0 0 1
    outer loop
      vertex 20.5669 3.14801 25.6
      vertex 20.7019 2.89316 25.6
      vertex 20.6988 2.9116 25.6
    endloop
  endfacet
  facet normal 0 0 1
    outer loop
      vertex 20.5884 3.12669 25.6
      vertex 20.6988 2.9116 25.6
      vertex 20.6952 2.92952 25.6
    endloop
  endfacet
  facet normal 0 0 1
    outer loop
      vertex 20.6088 3.10388 25.6
      vertex 20.6952 2.92952 25.6
      vertex 20.691 2.9469 25.6
    endloop
  endfacet
  facet normal 0 0 1
    outer loop
      vertex 20.6088 3.10388 25.6
      vertex 20.691 2.9469 25.6
      vertex 20.6862 2.96376 25.6
    endloop
  endfacet
  facet normal 0 0 1
    outer loop
      vertex 20.6185 3.09193 25.6
      vertex 20.6862 2.96376 25.6
      vertex 20.6809 2.98008 25.6
    endloop
  endfacet
  facet normal 0 0 1
    outer loop
      vertex 20.6279 3.0796 25.6
      vertex 20.6809 2.98008 25.6
      vertex 20.675 2.99588 25.6
    endloop
  endfacet
  facet normal 0 0 1
    outer loop
      vertex 20.6279 3.0796 25.6
      vertex 20.675 2.99588 25.6
      vertex 20.6685 3.01114 25.6
    endloop
  endfacet
  facet normal 0 0 1
    outer loop
      vertex 20.6279 3.0796 25.6
      vertex 20.6685 3.01114 25.6
      vertex 20.6615 3.02588 25.6
    endloop
  endfacet
  facet normal 0 0 1
    outer loop
      vertex 20.6371 3.06689 25.6
      vertex 20.6615 3.02588 25.6
      vertex 20.6539 3.04008 25.6
    endloop
  endfacet
  facet normal 0 0 1
    outer loop
      vertex 20.6371 3.06689 25.6
      vertex 20.6539 3.04008 25.6
      vertex 20.6458 3.05375 25.6
    endloop
  endfacet
  facet normal 0 0 1
    outer loop
      vertex 20.6279 3.0796 25.6
      vertex 20.6615 3.02588 25.6
      vertex 20.6371 3.06689 25.6
    endloop
  endfacet
  facet normal 0 0 1
    outer loop
      vertex 20.6809 2.98008 25.6
      vertex 20.6279 3.0796 25.6
      vertex 20.6185 3.09193 25.6
    endloop
  endfacet
  facet normal 0 0 1
    outer loop
      vertex 20.6862 2.96376 25.6
      vertex 20.6185 3.09193 25.6
      vertex 20.6088 3.10388 25.6
    endloop
  endfacet
  facet normal 0 0 1
    outer loop
      vertex 20.6952 2.92952 25.6
      vertex 20.6088 3.10388 25.6
      vertex 20.5987 3.11548 25.6
    endloop
  endfacet
  facet normal 0 0 1
    outer loop
      vertex 20.6952 2.92952 25.6
      vertex 20.5987 3.11548 25.6
      vertex 20.5884 3.12669 25.6
    endloop
  endfacet
  facet normal 0 0 1
    outer loop
      vertex 20.6988 2.9116 25.6
      vertex 20.5884 3.12669 25.6
      vertex 20.5778 3.13752 25.6
    endloop
  endfacet
  facet normal 0 0 1
    outer loop
      vertex 20.6988 2.9116 25.6
      vertex 20.5778 3.13752 25.6
      vertex 20.5669 3.14801 25.6
    endloop
  endfacet
  facet normal 0 0 1
    outer loop
      vertex 20.7019 2.89316 25.6
      vertex 20.5669 3.14801 25.6
      vertex 20.5557 3.15811 25.6
    endloop
  endfacet
  facet normal 0 0 1
    outer loop
      vertex 20.7019 2.89316 25.6
      vertex 20.5557 3.15811 25.6
      vertex 20.5442 3.16784 25.6
    endloop
  endfacet
  facet normal 0 0 1
    outer loop
      vertex 20.7019 2.89316 25.6
      vertex 20.5442 3.16784 25.6
      vertex 20.5324 3.1772 25.6
    endloop
  endfacet
  facet normal 0 0 1
    outer loop
      vertex 20.7019 2.89316 25.6
      vertex 20.5324 3.1772 25.6
      vertex 20.5203 3.18618 25.6
    endloop
  endfacet
  facet normal 0 0 1
    outer loop
      vertex 20.7019 2.89316 25.6
      vertex 20.5203 3.18618 25.6
      vertex 20.5079 3.19481 25.6
    endloop
  endfacet
  facet normal 0 0 1
    outer loop
      vertex 20.7045 2.87417 25.6
      vertex 20.5079 3.19481 25.6
      vertex 20.4952 3.20306 25.6
    endloop
  endfacet
  facet normal 0 0 1
    outer loop
      vertex 20.7045 2.87417 25.6
      vertex 20.4952 3.20306 25.6
      vertex 20.4822 3.21093 25.6
    endloop
  endfacet
  facet normal 0 0 1
    outer loop
      vertex 20.7045 2.87417 25.6
      vertex 20.4822 3.21093 25.6
      vertex 20.4689 3.21844 25.6
    endloop
  endfacet
  facet normal 0 0 1
    outer loop
      vertex 20.7045 2.87417 25.6
      vertex 20.4689 3.21844 25.6
      vertex 19.8 2.75 25.6
    endloop
  endfacet
  facet normal 0 0 1
    outer loop
      vertex 19.8 2.75 25.6
      vertex 20.4689 3.21844 25.6
      vertex 20.4553 3.22558 25.6
    endloop
  endfacet
  facet normal 0 0 1
    outer loop
      vertex 19.8 2.75 25.6
      vertex 20.4553 3.22558 25.6
      vertex 20.4415 3.23239 25.6
    endloop
  endfacet
  facet normal 0 0 1
    outer loop
      vertex 19.8 2.75 25.6
      vertex 20.4415 3.23239 25.6
      vertex 20.4276 3.23892 25.6
    endloop
  endfacet
  facet normal 0 0 1
    outer loop
      vertex 19.8 2.75 25.6
      vertex 20.4276 3.23892 25.6
      vertex 20.4135 3.24516 25.6
    endloop
  endfacet
  facet normal 0 0 1
    outer loop
      vertex 19.8 2.75 25.6
      vertex 20.4135 3.24516 25.6
      vertex 20.3993 3.25111 25.6
    endloop
  endfacet
  facet normal 0 0 1
    outer loop
      vertex 19.8 2.75 25.6
      vertex 20.3993 3.25111 25.6
      vertex 20.3849 3.25677 25.6
    endloop
  endfacet
  facet normal 0 0 1
    outer loop
      vertex 19.8 2.75 25.6
      vertex 20.3849 3.25677 25.6
      vertex 20.3704 3.26214 25.6
    endloop
  endfacet
  facet normal 0 0 1
    outer loop
      vertex 19.8 2.75 25.6
      vertex 20.3704 3.26214 25.6
      vertex 20.3558 3.26724 25.6
    endloop
  endfacet
  facet normal 0 0 1
    outer loop
      vertex 19.8 2.75 25.6
      vertex 20.3558 3.26724 25.6
      vertex 20.341 3.27205 25.6
    endloop
  endfacet
  facet normal 0 0 1
    outer loop
      vertex 19.8 2.75 25.6
      vertex 20.341 3.27205 25.6
      vertex 20.3261 3.27656 25.6
    endloop
  endfacet
  facet normal 0 0 1
    outer loop
      vertex 19.8 2.75 25.6
      vertex 20.3261 3.27656 25.6
      vertex 20.3111 3.2808 25.6
    endloop
  endfacet
  facet normal 0 0 1
    outer loop
      vertex 19.8 2.75 25.6
      vertex 20.3111 3.2808 25.6
      vertex 20.2959 3.28474 25.6
    endloop
  endfacet
  facet normal 0 0 1
    outer loop
      vertex 19.8 2.75 25.6
      vertex 20.2959 3.28474 25.6
      vertex 20.2806 3.2884 25.6
    endloop
  endfacet
  facet normal 0 0 1
    outer loop
      vertex 19.8 2.75 25.6
      vertex 20.2806 3.2884 25.6
      vertex 20.2652 3.29178 25.6
    endloop
  endfacet
  facet normal 0 0 1
    outer loop
      vertex 19.8 2.75 25.6
      vertex 20.2652 3.29178 25.6
      vertex 20.2496 3.29486 25.6
    endloop
  endfacet
  facet normal 0 0 1
    outer loop
      vertex 19.8 2.75 25.6
      vertex 20.2496 3.29486 25.6
      vertex 20.2338 3.29767 25.6
    endloop
  endfacet
  facet normal 0 0 1
    outer loop
      vertex 19.8 2.75 25.6
      vertex 20.2338 3.29767 25.6
      vertex 20.218 3.30018 25.6
    endloop
  endfacet
  facet normal 0 0 1
    outer loop
      vertex 19.8 2.75 25.6
      vertex 20.218 3.30018 25.6
      vertex 20.2021 3.30247 25.6
    endloop
  endfacet
  facet normal 0 0 1
    outer loop
      vertex 19.8 2.75 25.6
      vertex 20.2021 3.30247 25.6
      vertex 20.1863 3.30462 25.6
    endloop
  endfacet
  facet normal 0 0 1
    outer loop
      vertex 19.8 2.75 25.6
      vertex 20.1863 3.30462 25.6
      vertex 20.1707 3.30664 25.6
    endloop
  endfacet
  facet normal 0 0 1
    outer loop
      vertex 19.8 2.75 25.6
      vertex 20.1707 3.30664 25.6
      vertex 20.1551 3.30848 25.6
    endloop
  endfacet
  facet normal 0 0 1
    outer loop
      vertex 19.8 2.75 25.6
      vertex 20.1551 3.30848 25.6
      vertex 20.1396 3.31019 25.6
    endloop
  endfacet
  facet normal 0 0 1
    outer loop
      vertex 19.8 2.75 25.6
      vertex 20.1396 3.31019 25.6
      vertex 20.1243 3.31175 25.6
    endloop
  endfacet
  facet normal 0 0 1
    outer loop
      vertex 19.8 2.75 25.6
      vertex 20.1243 3.31175 25.6
      vertex 20.109 3.31317 25.6
    endloop
  endfacet
  facet normal 0 0 1
    outer loop
      vertex 19.8 2.75 25.6
      vertex 20.109 3.31317 25.6
      vertex 20.0939 3.31444 25.6
    endloop
  endfacet
  facet normal 0 0 1
    outer loop
      vertex 19.8 2.75 25.6
      vertex 20.0939 3.31444 25.6
      vertex 20.0789 3.31553 25.6
    endloop
  endfacet
  facet normal 0 0 1
    outer loop
      vertex 19.8 2.75 25.6
      vertex 20.0789 3.31553 25.6
      vertex 20.0639 3.31651 25.6
    endloop
  endfacet
  facet normal 0 0 1
    outer loop
      vertex 19.8 2.75 25.6
      vertex 20.0639 3.31651 25.6
      vertex 20.0491 3.31732 25.6
    endloop
  endfacet
  facet normal 0 0 1
    outer loop
      vertex 19.8 2.75 25.6
      vertex 20.0491 3.31732 25.6
      vertex 20.0344 3.31799 25.6
    endloop
  endfacet
  facet normal 0 0 1
    outer loop
      vertex 19.8 2.75 25.6
      vertex 20.0344 3.31799 25.6
      vertex 20.0198 3.31851 25.6
    endloop
  endfacet
  facet normal 0 0 1
    outer loop
      vertex 19.8 2.75 25.6
      vertex 20.0198 3.31851 25.6
      vertex 20.0053 3.31888 25.6
    endloop
  endfacet
  facet normal 0 0 1
    outer loop
      vertex 19.8 2.75 25.6
      vertex 20.0053 3.31888 25.6
      vertex 19.9909 3.3191 25.6
    endloop
  endfacet
  facet normal 0 0 1
    outer loop
      vertex 19.8 2.75 25.6
      vertex 19.9909 3.3191 25.6
      vertex 19.9766 3.31918 25.6
    endloop
  endfacet
  facet normal 0 0 1
    outer loop
      vertex 20.7083 2.75862 25.6
      vertex 19.8 2.75 25.6
      vertex 20.7079 2.75 25.6
    endloop
  endfacet
  facet normal 0 0 1
    outer loop
      vertex 19.8 2.75 25.6
      vertex 19.7945 2.31592 25.6
      vertex 19.8 2.31308 25.6
    endloop
  endfacet
  facet normal 0 0 1
    outer loop
      vertex 19.8 2.75 25.6
      vertex 19.7825 2.32255 25.6
      vertex 19.7945 2.31592 25.6
    endloop
  endfacet
  facet normal 0 0 1
    outer loop
      vertex 19.8 2.75 25.6
      vertex 19.7708 2.32946 25.6
      vertex 19.7825 2.32255 25.6
    endloop
  endfacet
  facet normal 0 0 1
    outer loop
      vertex 19.8 2.75 25.6
      vertex 19.7593 2.33662 25.6
      vertex 19.7708 2.32946 25.6
    endloop
  endfacet
  facet normal 0 0 1
    outer loop
      vertex 19.8 2.75 25.6
      vertex 19.7481 2.34405 25.6
      vertex 19.7593 2.33662 25.6
    endloop
  endfacet
  facet normal 0 0 1
    outer loop
      vertex 19.8 2.75 25.6
      vertex 19.7371 2.35176 25.6
      vertex 19.7481 2.34405 25.6
    endloop
  endfacet
  facet normal 0 0 1
    outer loop
      vertex 19.8 2.75 25.6
      vertex 19.7264 2.35972 25.6
      vertex 19.7371 2.35176 25.6
    endloop
  endfacet
  facet normal 0 0 1
    outer loop
      vertex 19.8 2.75 25.6
      vertex 19.716 2.36795 25.6
      vertex 19.7264 2.35972 25.6
    endloop
  endfacet
  facet normal -0 0 1
    outer loop
      vertex 19.7107 3.31918 25.6
      vertex 19.8 2.75 25.6
      vertex 19.9766 3.31918 25.6
    endloop
  endfacet
  facet normal 0 0 1
    outer loop
      vertex 19.7059 2.37643 25.6
      vertex 19.8 2.75 25.6
      vertex 19.7107 3.31918 25.6
    endloop
  endfacet
  facet normal 0 0 1
    outer loop
      vertex 19.8 2.75 25.6
      vertex 19.7059 2.37643 25.6
      vertex 19.716 2.36795 25.6
    endloop
  endfacet
  facet normal 0 0 1
    outer loop
      vertex 19.7891 1.6476 25.6
      vertex 19.8 1.35 25.6
      vertex 19.8 1.64607 25.6
    endloop
  endfacet
  facet normal 0 0 1
    outer loop
      vertex 19.7501 1.6539 25.6
      vertex 19.8 1.35 25.6
      vertex 19.7891 1.6476 25.6
    endloop
  endfacet
  facet normal 0 0 1
    outer loop
      vertex 19.7121 1.66093 25.6
      vertex 19.8 1.35 25.6
      vertex 19.7501 1.6539 25.6
    endloop
  endfacet
  facet normal 0 0 1
    outer loop
      vertex 19.675 1.66873 25.6
      vertex 19.8 1.35 25.6
      vertex 19.7121 1.66093 25.6
    endloop
  endfacet
  facet normal 0 0 1
    outer loop
      vertex 19.6388 1.67724 25.6
      vertex 19.8 1.35 25.6
      vertex 19.675 1.66873 25.6
    endloop
  endfacet
  facet normal 0 0 1
    outer loop
      vertex 19.6035 1.68652 25.6
      vertex 19.8 1.35 25.6
      vertex 19.6388 1.67724 25.6
    endloop
  endfacet
  facet normal 0 0 1
    outer loop
      vertex 19.5692 1.69653 25.6
      vertex 19.8 1.35 25.6
      vertex 19.6035 1.68652 25.6
    endloop
  endfacet
  facet normal 0 0 1
    outer loop
      vertex 19.5357 1.70729 25.6
      vertex 19.8 1.35 25.6
      vertex 19.5692 1.69653 25.6
    endloop
  endfacet
  facet normal 0 0 1
    outer loop
      vertex 19.5032 1.71878 25.6
      vertex 19.8 1.35 25.6
      vertex 19.5357 1.70729 25.6
    endloop
  endfacet
  facet normal 0 0 1
    outer loop
      vertex 19.4715 1.73089 25.6
      vertex 19.8 1.35 25.6
      vertex 19.5032 1.71878 25.6
    endloop
  endfacet
  facet normal 0 0 1
    outer loop
      vertex 19.4406 1.74347 25.6
      vertex 19.8 1.35 25.6
      vertex 19.4715 1.73089 25.6
    endloop
  endfacet
  facet normal 0 0 1
    outer loop
      vertex 18.6 1.35 25.6
      vertex 19.4406 1.74347 25.6
      vertex 19.4103 1.75653 25.6
    endloop
  endfacet
  facet normal 0 0 1
    outer loop
      vertex 18.6 1.35 25.6
      vertex 19.4103 1.75653 25.6
      vertex 19.3808 1.77008 25.6
    endloop
  endfacet
  facet normal 0 0 1
    outer loop
      vertex 18.6 1.35 25.6
      vertex 19.3808 1.77008 25.6
      vertex 19.352 1.78409 25.6
    endloop
  endfacet
  facet normal 0 0 1
    outer loop
      vertex 18.6 1.35 25.6
      vertex 19.352 1.78409 25.6
      vertex 19.3239 1.79858 25.6
    endloop
  endfacet
  facet normal 0 0 1
    outer loop
      vertex 18.6 1.35 25.6
      vertex 19.3239 1.79858 25.6
      vertex 19.2966 1.81355 25.6
    endloop
  endfacet
  facet normal 0 0 1
    outer loop
      vertex 18.6 1.35 25.6
      vertex 19.2966 1.81355 25.6
      vertex 19.2699 1.82899 25.6
    endloop
  endfacet
  facet normal 0 0 1
    outer loop
      vertex 18.6 1.35 25.6
      vertex 19.2699 1.82899 25.6
      vertex 19.244 1.84491 25.6
    endloop
  endfacet
  facet normal 0 0 1
    outer loop
      vertex 18.6 1.35 25.6
      vertex 19.244 1.84491 25.6
      vertex 19.2188 1.86131 25.6
    endloop
  endfacet
  facet normal 0 0 1
    outer loop
      vertex 18.6 1.35 25.6
      vertex 19.2188 1.86131 25.6
      vertex 19.1944 1.87819 25.6
    endloop
  endfacet
  facet normal 0 0 1
    outer loop
      vertex 18.6 1.35 25.6
      vertex 19.1944 1.87819 25.6
      vertex 19.1706 1.89554 25.6
    endloop
  endfacet
  facet normal 0 0 1
    outer loop
      vertex 18.6 1.35 25.6
      vertex 19.1706 1.89554 25.6
      vertex 19.1476 1.91336 25.6
    endloop
  endfacet
  facet normal 0 0 1
    outer loop
      vertex 18.6 1.35 25.6
      vertex 19.1476 1.91336 25.6
      vertex 19.1252 1.93167 25.6
    endloop
  endfacet
  facet normal 0 0 1
    outer loop
      vertex 19.7107 3.31918 25.6
      vertex 18.3579 3.70164 25.6
      vertex 18.7288 2.72514 25.6
    endloop
  endfacet
  facet normal 0 0 1
    outer loop
      vertex 18.6 2.75 25.6
      vertex 18.7321 2.69973 25.6
      vertex 18.7288 2.72514 25.6
    endloop
  endfacet
  facet normal 0 0 1
    outer loop
      vertex 18.6 2.75 25.6
      vertex 18.7358 2.67436 25.6
      vertex 18.7321 2.69973 25.6
    endloop
  endfacet
  facet normal 0 0 1
    outer loop
      vertex 18.6 2.75 25.6
      vertex 18.74 2.64904 25.6
      vertex 18.7358 2.67436 25.6
    endloop
  endfacet
  facet normal 0 0 1
    outer loop
      vertex 18.6 2.75 25.6
      vertex 18.7447 2.62376 25.6
      vertex 18.74 2.64904 25.6
    endloop
  endfacet
  facet normal 0 0 1
    outer loop
      vertex 18.6 2.75 25.6
      vertex 18.7498 2.59852 25.6
      vertex 18.7447 2.62376 25.6
    endloop
  endfacet
  facet normal 0 0 1
    outer loop
      vertex 18.6 2.75 25.6
      vertex 18.7553 2.57332 25.6
      vertex 18.7498 2.59852 25.6
    endloop
  endfacet
  facet normal 0 0 1
    outer loop
      vertex 18.6 2.75 25.6
      vertex 18.7614 2.54817 25.6
      vertex 18.7553 2.57332 25.6
    endloop
  endfacet
  facet normal 0 0 1
    outer loop
      vertex 18.6 2.75 25.6
      vertex 18.7678 2.52305 25.6
      vertex 18.7614 2.54817 25.6
    endloop
  endfacet
  facet normal 0 0 1
    outer loop
      vertex 18.6 2.75 25.6
      vertex 18.7747 2.49798 25.6
      vertex 18.7678 2.52305 25.6
    endloop
  endfacet
  facet normal 0 0 1
    outer loop
      vertex 18.6 2.75 25.6
      vertex 18.7821 2.47296 25.6
      vertex 18.7747 2.49798 25.6
    endloop
  endfacet
  facet normal 0 0 1
    outer loop
      vertex 18.6 2.75 25.6
      vertex 18.79 2.44798 25.6
      vertex 18.7821 2.47296 25.6
    endloop
  endfacet
  facet normal 0 0 1
    outer loop
      vertex 18.6 2.75 25.6
      vertex 18.7983 2.42303 25.6
      vertex 18.79 2.44798 25.6
    endloop
  endfacet
  facet normal 0 0 1
    outer loop
      vertex 18.6 2.75 25.6
      vertex 18.807 2.39814 25.6
      vertex 18.7983 2.42303 25.6
    endloop
  endfacet
  facet normal 0 0 1
    outer loop
      vertex 18.6 1.35 25.6
      vertex 18.807 2.39814 25.6
      vertex 18.6 2.75 25.6
    endloop
  endfacet
  facet normal 0 0 1
    outer loop
      vertex 18.807 2.39814 25.6
      vertex 18.6 1.35 25.6
      vertex 18.8162 2.37329 25.6
    endloop
  endfacet
  facet normal 0 0 1
    outer loop
      vertex 18.8162 2.37329 25.6
      vertex 18.6 1.35 25.6
      vertex 18.8259 2.34846 25.6
    endloop
  endfacet
  facet normal 0 0 1
    outer loop
      vertex 18.8259 2.34846 25.6
      vertex 18.6 1.35 25.6
      vertex 18.836 2.3237 25.6
    endloop
  endfacet
  facet normal 0 0 1
    outer loop
      vertex 18.836 2.3237 25.6
      vertex 18.6 1.35 25.6
      vertex 18.8466 2.29912 25.6
    endloop
  endfacet
  facet normal 0 0 1
    outer loop
      vertex 18.8466 2.29912 25.6
      vertex 18.6 1.35 25.6
      vertex 18.8579 2.27485 25.6
    endloop
  endfacet
  facet normal 0 0 1
    outer loop
      vertex 18.8579 2.27485 25.6
      vertex 18.6 1.35 25.6
      vertex 18.8699 2.25093 25.6
    endloop
  endfacet
  facet normal 0 0 1
    outer loop
      vertex 19.4406 1.74347 25.6
      vertex 18.6 1.35 25.6
      vertex 19.8 1.35 25.6
    endloop
  endfacet
  facet normal 0 0 1
    outer loop
      vertex 19.1037 1.95044 25.6
      vertex 18.6 1.35 25.6
      vertex 19.1252 1.93167 25.6
    endloop
  endfacet
  facet normal 0 0 1
    outer loop
      vertex 19.0828 1.96969 25.6
      vertex 18.6 1.35 25.6
      vertex 19.1037 1.95044 25.6
    endloop
  endfacet
  facet normal 0 0 1
    outer loop
      vertex 19.0626 1.98936 25.6
      vertex 18.6 1.35 25.6
      vertex 19.0828 1.96969 25.6
    endloop
  endfacet
  facet normal 0 0 1
    outer loop
      vertex 19.043 2.00935 25.6
      vertex 18.6 1.35 25.6
      vertex 19.0626 1.98936 25.6
    endloop
  endfacet
  facet normal 0 0 1
    outer loop
      vertex 19.0241 2.02968 25.6
      vertex 18.6 1.35 25.6
      vertex 19.043 2.00935 25.6
    endloop
  endfacet
  facet normal 0 0 1
    outer loop
      vertex 19.0058 2.05032 25.6
      vertex 18.6 1.35 25.6
      vertex 19.0241 2.02968 25.6
    endloop
  endfacet
  facet normal 0 0 1
    outer loop
      vertex 18.9882 2.0713 25.6
      vertex 18.6 1.35 25.6
      vertex 19.0058 2.05032 25.6
    endloop
  endfacet
  facet normal 0 0 1
    outer loop
      vertex 18.9712 2.0926 25.6
      vertex 18.6 1.35 25.6
      vertex 18.9882 2.0713 25.6
    endloop
  endfacet
  facet normal 0 0 1
    outer loop
      vertex 18.9548 2.11424 25.6
      vertex 18.6 1.35 25.6
      vertex 18.9712 2.0926 25.6
    endloop
  endfacet
  facet normal 0 0 1
    outer loop
      vertex 18.939 2.1362 25.6
      vertex 18.6 1.35 25.6
      vertex 18.9548 2.11424 25.6
    endloop
  endfacet
  facet normal 0 0 1
    outer loop
      vertex 18.9239 2.15849 25.6
      vertex 18.6 1.35 25.6
      vertex 18.939 2.1362 25.6
    endloop
  endfacet
  facet normal 0 0 1
    outer loop
      vertex 18.9095 2.1811 25.6
      vertex 18.6 1.35 25.6
      vertex 18.9239 2.15849 25.6
    endloop
  endfacet
  facet normal 0 0 1
    outer loop
      vertex 18.8956 2.20405 25.6
      vertex 18.6 1.35 25.6
      vertex 18.9095 2.1811 25.6
    endloop
  endfacet
  facet normal 0 0 1
    outer loop
      vertex 18.8824 2.22732 25.6
      vertex 18.6 1.35 25.6
      vertex 18.8956 2.20405 25.6
    endloop
  endfacet
  facet normal 0 0 1
    outer loop
      vertex 18.8699 2.25093 25.6
      vertex 18.6 1.35 25.6
      vertex 18.8824 2.22732 25.6
    endloop
  endfacet
  facet normal 0 0 1
    outer loop
      vertex 17.6255 3.11033 25.6
      vertex 17.4 2.75 25.6
      vertex 17.6255 2.75 25.6
    endloop
  endfacet
  facet normal 0 0 1
    outer loop
      vertex 17.4 2.75 25.6
      vertex 17.3885 2.43237 25.6
      vertex 17.4 2.43786 25.6
    endloop
  endfacet
  facet normal 0 0 1
    outer loop
      vertex 17.4 2.75 25.6
      vertex 17.3738 2.42555 25.6
      vertex 17.3885 2.43237 25.6
    endloop
  endfacet
  facet normal 0 0 1
    outer loop
      vertex 17.4 2.75 25.6
      vertex 17.3589 2.41885 25.6
      vertex 17.3738 2.42555 25.6
    endloop
  endfacet
  facet normal 0 0 1
    outer loop
      vertex 17.4 2.75 25.6
      vertex 17.3438 2.41224 25.6
      vertex 17.3589 2.41885 25.6
    endloop
  endfacet
  facet normal 0 0 1
    outer loop
      vertex 17.4 2.75 25.6
      vertex 17.3285 2.40576 25.6
      vertex 17.3438 2.41224 25.6
    endloop
  endfacet
  facet normal 0 0 1
    outer loop
      vertex 17.4 2.75 25.6
      vertex 17.313 2.39937 25.6
      vertex 17.3285 2.40576 25.6
    endloop
  endfacet
  facet normal 0 0 1
    outer loop
      vertex 17.4 2.75 25.6
      vertex 17.2972 2.39309 25.6
      vertex 17.313 2.39937 25.6
    endloop
  endfacet
  facet normal 0 0 1
    outer loop
      vertex 17.4 2.75 25.6
      vertex 17.2812 2.38691 25.6
      vertex 17.2972 2.39309 25.6
    endloop
  endfacet
  facet normal 0 0 1
    outer loop
      vertex 17.4 2.75 25.6
      vertex 17.2651 2.38084 25.6
      vertex 17.2812 2.38691 25.6
    endloop
  endfacet
  facet normal 0 0 1
    outer loop
      vertex 17.4 2.75 25.6
      vertex 17.2487 2.37488 25.6
      vertex 17.2651 2.38084 25.6
    endloop
  endfacet
  facet normal 0 0 1
    outer loop
      vertex 17.4 2.75 25.6
      vertex 17.2321 2.36902 25.6
      vertex 17.2487 2.37488 25.6
    endloop
  endfacet
  facet normal 0 0 1
    outer loop
      vertex 17.4 2.75 25.6
      vertex 17.2153 2.36326 25.6
      vertex 17.2321 2.36902 25.6
    endloop
  endfacet
  facet normal 0 0 1
    outer loop
      vertex 17.4 2.75 25.6
      vertex 17.1983 2.35762 25.6
      vertex 17.2153 2.36326 25.6
    endloop
  endfacet
  facet normal 0 0 1
    outer loop
      vertex 17.4 2.75 25.6
      vertex 17.1811 2.35209 25.6
      vertex 17.1983 2.35762 25.6
    endloop
  endfacet
  facet normal 0 0 1
    outer loop
      vertex 17.4 2.75 25.6
      vertex 17.1637 2.34671 25.6
      vertex 17.1811 2.35209 25.6
    endloop
  endfacet
  facet normal 0 0 1
    outer loop
      vertex 17.4 2.75 25.6
      vertex 17.1461 2.34146 25.6
      vertex 17.1637 2.34671 25.6
    endloop
  endfacet
  facet normal 0 0 1
    outer loop
      vertex 17.4 2.75 25.6
      vertex 17.1284 2.33633 25.6
      vertex 17.1461 2.34146 25.6
    endloop
  endfacet
  facet normal -0 0 1
    outer loop
      vertex 16.6924 3.11033 25.6
      vertex 17.4 2.75 25.6
      vertex 17.6255 3.11033 25.6
    endloop
  endfacet
  facet normal 0 -0 1
    outer loop
      vertex 17.074 2.32182 25.6
      vertex 17.4 2.75 25.6
      vertex 16.6924 3.11033 25.6
    endloop
  endfacet
  facet normal 0 0 1
    outer loop
      vertex 17.4 2.75 25.6
      vertex 17.1104 2.33136 25.6
      vertex 17.1284 2.33633 25.6
    endloop
  endfacet
  facet normal 0 0 1
    outer loop
      vertex 17.4 2.75 25.6
      vertex 17.0923 2.32652 25.6
      vertex 17.1104 2.33136 25.6
    endloop
  endfacet
  facet normal 0 0 1
    outer loop
      vertex 17.4 2.75 25.6
      vertex 17.074 2.32182 25.6
      vertex 17.0923 2.32652 25.6
    endloop
  endfacet
  facet normal 0 0 1
    outer loop
      vertex 17.074 2.32182 25.6
      vertex 16.6924 3.11033 25.6
      vertex 17.0555 2.31726 25.6
    endloop
  endfacet
  facet normal 0 0 1
    outer loop
      vertex 17.0555 2.31726 25.6
      vertex 16.6924 3.11033 25.6
      vertex 17.0369 2.31283 25.6
    endloop
  endfacet
  facet normal 0 0 1
    outer loop
      vertex 17.0369 2.31283 25.6
      vertex 16.6924 3.11033 25.6
      vertex 17.0181 2.30855 25.6
    endloop
  endfacet
  facet normal 0 0 1
    outer loop
      vertex 17.0181 2.30855 25.6
      vertex 16.6924 3.11033 25.6
      vertex 16.9991 2.30439 25.6
    endloop
  endfacet
  facet normal 0 0 1
    outer loop
      vertex 16.9991 2.30439 25.6
      vertex 16.6924 3.11033 25.6
      vertex 16.9799 2.30038 25.6
    endloop
  endfacet
  facet normal 0 0 1
    outer loop
      vertex 16.9799 2.30038 25.6
      vertex 16.6924 3.11033 25.6
      vertex 16.9605 2.29651 25.6
    endloop
  endfacet
  facet normal 0 0 1
    outer loop
      vertex 16.9605 2.29651 25.6
      vertex 16.6924 3.11033 25.6
      vertex 16.9409 2.29277 25.6
    endloop
  endfacet
  facet normal 0 0 1
    outer loop
      vertex 16.9409 2.29277 25.6
      vertex 16.6924 3.11033 25.6
      vertex 16.9212 2.28917 25.6
    endloop
  endfacet
  facet normal 0 0 1
    outer loop
      vertex 16.9212 2.28917 25.6
      vertex 16.6924 3.11033 25.6
      vertex 16.9013 2.2857 25.6
    endloop
  endfacet
  facet normal 0 0 1
    outer loop
      vertex 16.9013 2.2857 25.6
      vertex 16.6924 3.11033 25.6
      vertex 16.8812 2.28241 25.6
    endloop
  endfacet
  facet normal 0 0 1
    outer loop
      vertex 16.8812 2.28241 25.6
      vertex 16.6924 3.11033 25.6
      vertex 16.8611 2.27934 25.6
    endloop
  endfacet
  facet normal 0 0 1
    outer loop
      vertex 16.8611 2.27934 25.6
      vertex 16.6924 3.11033 25.6
      vertex 16.8408 2.27649 25.6
    endloop
  endfacet
  facet normal 0 0 1
    outer loop
      vertex 16.8408 2.27649 25.6
      vertex 16.6924 3.11033 25.6
      vertex 16.8204 2.27383 25.6
    endloop
  endfacet
  facet normal 0 0 1
    outer loop
      vertex 16.8204 2.27383 25.6
      vertex 16.6924 3.11033 25.6
      vertex 16.7999 2.27139 25.6
    endloop
  endfacet
  facet normal 0 0 1
    outer loop
      vertex 16.7999 2.27139 25.6
      vertex 16.6924 3.11033 25.6
      vertex 16.7793 2.26918 25.6
    endloop
  endfacet
  facet normal 0 0 1
    outer loop
      vertex 16.7793 2.26918 25.6
      vertex 16.6924 3.11033 25.6
      vertex 16.7587 2.26716 25.6
    endloop
  endfacet
  facet normal 0 0 1
    outer loop
      vertex 16.7587 2.26716 25.6
      vertex 16.6924 3.11033 25.6
      vertex 16.7378 2.26536 25.6
    endloop
  endfacet
  facet normal 0 0 1
    outer loop
      vertex 16.7378 2.26536 25.6
      vertex 16.6924 3.11033 25.6
      vertex 16.7169 2.26378 25.6
    endloop
  endfacet
  facet normal 0 0 1
    outer loop
      vertex 16.7169 2.26378 25.6
      vertex 16.6924 3.11033 25.6
      vertex 16.6959 2.26239 25.6
    endloop
  endfacet
  facet normal 0 0 1
    outer loop
      vertex 16.6924 3.11033 25.6
      vertex 16.6748 2.26123 25.6
      vertex 16.6959 2.26239 25.6
    endloop
  endfacet
  facet normal 0 0 1
    outer loop
      vertex 16.6396 4.93414 25.6
      vertex 16.6924 3.70164 25.6
      vertex 16.6638 4.93283 25.6
    endloop
  endfacet
  facet normal 0 0 1
    outer loop
      vertex 16.6151 4.93506 25.6
      vertex 16.6924 3.70164 25.6
      vertex 16.6396 4.93414 25.6
    endloop
  endfacet
  facet normal 0 -0 1
    outer loop
      vertex 16.6323 2.25953 25.6
      vertex 16.6924 3.11033 25.6
      vertex 16.2 2.75 25.6
    endloop
  endfacet
  facet normal 0 0 1
    outer loop
      vertex 16.5902 4.93562 25.6
      vertex 16.6924 3.70164 25.6
      vertex 16.6151 4.93506 25.6
    endloop
  endfacet
  facet normal 0 0 1
    outer loop
      vertex 16.6924 3.11033 25.6
      vertex 16.6536 2.26027 25.6
      vertex 16.6748 2.26123 25.6
    endloop
  endfacet
  facet normal 0 0 1
    outer loop
      vertex 16.5649 4.9358 25.6
      vertex 16.6924 3.70164 25.6
      vertex 16.5902 4.93562 25.6
    endloop
  endfacet
  facet normal 0 0 1
    outer loop
      vertex 16.6924 3.11033 25.6
      vertex 16.6323 2.25953 25.6
      vertex 16.6536 2.26027 25.6
    endloop
  endfacet
  facet normal -0 0 1
    outer loop
      vertex 16.5279 4.93544 25.6
      vertex 16.6924 3.70164 25.6
      vertex 16.5649 4.9358 25.6
    endloop
  endfacet
  facet normal 0 0 1
    outer loop
      vertex 16.6323 2.25953 25.6
      vertex 16.2 2.75 25.6
      vertex 16.6108 2.259 25.6
    endloop
  endfacet
  facet normal 0 0 1
    outer loop
      vertex 16.6108 2.259 25.6
      vertex 16.2 2.75 25.6
      vertex 16.5893 2.25868 25.6
    endloop
  endfacet
  facet normal -0 0 1
    outer loop
      vertex 16.4916 4.93434 25.6
      vertex 16.6924 3.70164 25.6
      vertex 16.5279 4.93544 25.6
    endloop
  endfacet
  facet normal 0 0 1
    outer loop
      vertex 16.5893 2.25868 25.6
      vertex 16.2 2.75 25.6
      vertex 16.5676 2.25857 25.6
    endloop
  endfacet
  facet normal -0 0 1
    outer loop
      vertex 16.4559 4.93251 25.6
      vertex 16.6924 3.70164 25.6
      vertex 16.4916 4.93434 25.6
    endloop
  endfacet
  facet normal 0 0 1
    outer loop
      vertex 16.5676 2.25857 25.6
      vertex 16.2 2.75 25.6
      vertex 16.531 2.25897 25.6
    endloop
  endfacet
  facet normal -0 0 1
    outer loop
      vertex 16.4208 4.92996 25.6
      vertex 16.6924 3.70164 25.6
      vertex 16.4559 4.93251 25.6
    endloop
  endfacet
  facet normal 0 0 1
    outer loop
      vertex 16.531 2.25897 25.6
      vertex 16.2 2.75 25.6
      vertex 16.4949 2.26014 25.6
    endloop
  endfacet
  facet normal -0 0 1
    outer loop
      vertex 16.3864 4.92666 25.6
      vertex 16.6924 3.70164 25.6
      vertex 16.4208 4.92996 25.6
    endloop
  endfacet
  facet normal 0 0 1
    outer loop
      vertex 16.4949 2.26014 25.6
      vertex 16.2 2.75 25.6
      vertex 16.4595 2.26211 25.6
    endloop
  endfacet
  facet normal -0 0 1
    outer loop
      vertex 16.3526 4.92264 25.6
      vertex 16.6924 3.70164 25.6
      vertex 16.3864 4.92666 25.6
    endloop
  endfacet
  facet normal 0 0 1
    outer loop
      vertex 16.4595 2.26211 25.6
      vertex 16.2 2.75 25.6
      vertex 16.4247 2.26484 25.6
    endloop
  endfacet
  facet normal -0 0 1
    outer loop
      vertex 16.3194 4.91789 25.6
      vertex 16.6924 3.70164 25.6
      vertex 16.3526 4.92264 25.6
    endloop
  endfacet
  facet normal 0 0 1
    outer loop
      vertex 16.4247 2.26484 25.6
      vertex 16.2 2.75 25.6
      vertex 16.3905 2.26838 25.6
    endloop
  endfacet
  facet normal -0 0 1
    outer loop
      vertex 16.2869 4.9124 25.6
      vertex 16.6924 3.70164 25.6
      vertex 16.3194 4.91789 25.6
    endloop
  endfacet
  facet normal 0 0 1
    outer loop
      vertex 16.3905 2.26838 25.6
      vertex 16.2 2.75 25.6
      vertex 16.3569 2.27269 25.6
    endloop
  endfacet
  facet normal -0 0 1
    outer loop
      vertex 16.255 4.90619 25.6
      vertex 16.6924 3.70164 25.6
      vertex 16.2869 4.9124 25.6
    endloop
  endfacet
  facet normal 0 0 1
    outer loop
      vertex 16.3569 2.27269 25.6
      vertex 16.2 2.75 25.6
      vertex 16.324 2.27778 25.6
    endloop
  endfacet
  facet normal -0 0 1
    outer loop
      vertex 16.2237 4.89924 25.6
      vertex 16.6924 3.70164 25.6
      vertex 16.255 4.90619 25.6
    endloop
  endfacet
  facet normal 0 0 1
    outer loop
      vertex 16.324 2.27778 25.6
      vertex 16.2 2.75 25.6
      vertex 16.2916 2.28367 25.6
    endloop
  endfacet
  facet normal -0 0 1
    outer loop
      vertex 16.1931 4.89157 25.6
      vertex 16.6924 3.70164 25.6
      vertex 16.2237 4.89924 25.6
    endloop
  endfacet
  facet normal 0 0 1
    outer loop
      vertex 16.2916 2.28367 25.6
      vertex 16.2 2.75 25.6
      vertex 16.2599 2.29033 25.6
    endloop
  endfacet
  facet normal 0 0 1
    outer loop
      vertex 16.6924 3.70164 25.6
      vertex 16.2 2.75 25.6
      vertex 16.6924 3.11033 25.6
    endloop
  endfacet
  facet normal 0 0 1
    outer loop
      vertex 16.2599 2.29033 25.6
      vertex 16.2 2.75 25.6
      vertex 16.2288 2.29779 25.6
    endloop
  endfacet
  facet normal 0 0 1
    outer loop
      vertex 16.2288 2.29779 25.6
      vertex 16.2 2.75 25.6
      vertex 16.2 2.30554 25.6
    endloop
  endfacet
  facet normal 0 0 1
    outer loop
      vertex 14.9862 2.2948 25.6
      vertex 15 1.35 25.6
      vertex 15 2.27693 25.6
    endloop
  endfacet
  facet normal 0 0 1
    outer loop
      vertex 14.9601 2.33056 25.6
      vertex 15 1.35 25.6
      vertex 14.9862 2.2948 25.6
    endloop
  endfacet
  facet normal 0 0 1
    outer loop
      vertex 14.9349 2.36711 25.6
      vertex 15 1.35 25.6
      vertex 14.9601 2.33056 25.6
    endloop
  endfacet
  facet normal 0 0 1
    outer loop
      vertex 14.9107 2.40442 25.6
      vertex 15 1.35 25.6
      vertex 14.9349 2.36711 25.6
    endloop
  endfacet
  facet normal 0 0 1
    outer loop
      vertex 14.8875 2.4425 25.6
      vertex 15 1.35 25.6
      vertex 14.9107 2.40442 25.6
    endloop
  endfacet
  facet normal 0 0 1
    outer loop
      vertex 14.8652 2.48137 25.6
      vertex 15 1.35 25.6
      vertex 14.8875 2.4425 25.6
    endloop
  endfacet
  facet normal 0 0 1
    outer loop
      vertex 12 1.35 25.6
      vertex 14.8652 2.48137 25.6
      vertex 14.8439 2.52101 25.6
    endloop
  endfacet
  facet normal 0 0 1
    outer loop
      vertex 12 1.35 25.6
      vertex 14.8439 2.52101 25.6
      vertex 14.8235 2.56141 25.6
    endloop
  endfacet
  facet normal 0 0 1
    outer loop
      vertex 12 1.35 25.6
      vertex 14.8235 2.56141 25.6
      vertex 14.8042 2.6026 25.6
    endloop
  endfacet
  facet normal 0 0 1
    outer loop
      vertex 12 1.35 25.6
      vertex 14.8042 2.6026 25.6
      vertex 14.7858 2.64454 25.6
    endloop
  endfacet
  facet normal 0 0 1
    outer loop
      vertex 12 1.35 25.6
      vertex 14.7858 2.64454 25.6
      vertex 14.7683 2.68727 25.6
    endloop
  endfacet
  facet normal 0 0 1
    outer loop
      vertex 12 1.35 25.6
      vertex 14.7683 2.68727 25.6
      vertex 14.7518 2.73077 25.6
    endloop
  endfacet
  facet normal 0 0 1
    outer loop
      vertex 12 1.35 25.6
      vertex 14.7518 2.73077 25.6
      vertex 14.7363 2.77505 25.6
    endloop
  endfacet
  facet normal 0 0 1
    outer loop
      vertex 12 1.35 25.6
      vertex 14.7363 2.77505 25.6
      vertex 14.7218 2.8201 25.6
    endloop
  endfacet
  facet normal 0 0 1
    outer loop
      vertex 12 1.35 25.6
      vertex 14.7218 2.8201 25.6
      vertex 14.7081 2.8658 25.6
    endloop
  endfacet
  facet normal 0 0 1
    outer loop
      vertex 12 1.35 25.6
      vertex 14.7081 2.8658 25.6
      vertex 14.6954 2.91203 25.6
    endloop
  endfacet
  facet normal 0 0 1
    outer loop
      vertex 12 1.35 25.6
      vertex 14.6954 2.91203 25.6
      vertex 14.6835 2.95878 25.6
    endloop
  endfacet
  facet normal 0 0 1
    outer loop
      vertex 12 1.35 25.6
      vertex 14.6835 2.95878 25.6
      vertex 14.6725 3.00607 25.6
    endloop
  endfacet
  facet normal 0 0 1
    outer loop
      vertex 12 1.35 25.6
      vertex 14.6725 3.00607 25.6
      vertex 14.6624 3.05389 25.6
    endloop
  endfacet
  facet normal 0 0 1
    outer loop
      vertex 14.6167 3.8332 25.6
      vertex 12 1.35 25.6
      vertex 14.6134 3.77963 25.6
    endloop
  endfacet
  facet normal 0 0 1
    outer loop
      vertex 14.6134 3.77963 25.6
      vertex 12 1.35 25.6
      vertex 14.6111 3.72537 25.6
    endloop
  endfacet
  facet normal 0 0 1
    outer loop
      vertex 14.6111 3.72537 25.6
      vertex 12 1.35 25.6
      vertex 14.6097 3.67045 25.6
    endloop
  endfacet
  facet normal 0 0 1
    outer loop
      vertex 14.6097 3.67045 25.6
      vertex 12 1.35 25.6
      vertex 14.6092 3.61485 25.6
    endloop
  endfacet
  facet normal 0 0 1
    outer loop
      vertex 14.6092 3.61485 25.6
      vertex 12 1.35 25.6
      vertex 14.6096 3.5612 25.6
    endloop
  endfacet
  facet normal 0 0 1
    outer loop
      vertex 14.6096 3.5612 25.6
      vertex 12 1.35 25.6
      vertex 14.6109 3.5081 25.6
    endloop
  endfacet
  facet normal 0 0 1
    outer loop
      vertex 14.6109 3.5081 25.6
      vertex 12 1.35 25.6
      vertex 14.6132 3.45552 25.6
    endloop
  endfacet
  facet normal 0 0 1
    outer loop
      vertex 14.6132 3.45552 25.6
      vertex 12 1.35 25.6
      vertex 14.6162 3.40345 25.6
    endloop
  endfacet
  facet normal 0 0 1
    outer loop
      vertex 14.6162 3.40345 25.6
      vertex 12 1.35 25.6
      vertex 14.6202 3.35193 25.6
    endloop
  endfacet
  facet normal 0 0 1
    outer loop
      vertex 14.6202 3.35193 25.6
      vertex 12 1.35 25.6
      vertex 14.625 3.30093 25.6
    endloop
  endfacet
  facet normal 0 0 1
    outer loop
      vertex 14.625 3.30093 25.6
      vertex 12 1.35 25.6
      vertex 14.6307 3.25047 25.6
    endloop
  endfacet
  facet normal 0 0 1
    outer loop
      vertex 14.6307 3.25047 25.6
      vertex 12 1.35 25.6
      vertex 14.6373 3.20053 25.6
    endloop
  endfacet
  facet normal 0 0 1
    outer loop
      vertex 14.6373 3.20053 25.6
      vertex 12 1.35 25.6
      vertex 14.6448 3.15112 25.6
    endloop
  endfacet
  facet normal 0 0 1
    outer loop
      vertex 14.6448 3.15112 25.6
      vertex 12 1.35 25.6
      vertex 14.6532 3.10225 25.6
    endloop
  endfacet
  facet normal -0 0 1
    outer loop
      vertex 12 7 25.6
      vertex 13.0378 6.85475 25.6
      vertex 12.7333 7 25.6
    endloop
  endfacet
  facet normal 0 0 1
    outer loop
      vertex 14.6532 3.10225 25.6
      vertex 12 1.35 25.6
      vertex 14.6624 3.05389 25.6
    endloop
  endfacet
  facet normal 0 0 1
    outer loop
      vertex 14.8652 2.48137 25.6
      vertex 12 1.35 25.6
      vertex 15 1.35 25.6
    endloop
  endfacet
  facet normal -0 0 1
    outer loop
      vertex 17.3872 1.74966 25.6
      vertex 17.4 1.35 25.6
      vertex 17.4 1.75344 25.6
    endloop
  endfacet
  facet normal -0 0 1
    outer loop
      vertex 17.3555 1.74074 25.6
      vertex 17.4 1.35 25.6
      vertex 17.3872 1.74966 25.6
    endloop
  endfacet
  facet normal -0 0 1
    outer loop
      vertex 17.3236 1.73208 25.6
      vertex 17.4 1.35 25.6
      vertex 17.3555 1.74074 25.6
    endloop
  endfacet
  facet normal -0 0 1
    outer loop
      vertex 17.2913 1.72374 25.6
      vertex 17.4 1.35 25.6
      vertex 17.3236 1.73208 25.6
    endloop
  endfacet
  facet normal -0 0 1
    outer loop
      vertex 17.2587 1.71566 25.6
      vertex 17.4 1.35 25.6
      vertex 17.2913 1.72374 25.6
    endloop
  endfacet
  facet normal -0 0 1
    outer loop
      vertex 17.2258 1.70788 25.6
      vertex 17.4 1.35 25.6
      vertex 17.2587 1.71566 25.6
    endloop
  endfacet
  facet normal -0 0 1
    outer loop
      vertex 17.1925 1.70039 25.6
      vertex 17.4 1.35 25.6
      vertex 17.2258 1.70788 25.6
    endloop
  endfacet
  facet normal -0 0 1
    outer loop
      vertex 17.159 1.69317 25.6
      vertex 17.4 1.35 25.6
      vertex 17.1925 1.70039 25.6
    endloop
  endfacet
  facet normal -0 0 1
    outer loop
      vertex 17.125 1.68626 25.6
      vertex 17.4 1.35 25.6
      vertex 17.159 1.69317 25.6
    endloop
  endfacet
  facet normal -0 0 1
    outer loop
      vertex 17.0908 1.67968 25.6
      vertex 17.4 1.35 25.6
      vertex 17.125 1.68626 25.6
    endloop
  endfacet
  facet normal -0 0 1
    outer loop
      vertex 17.0564 1.67355 25.6
      vertex 17.4 1.35 25.6
      vertex 17.0908 1.67968 25.6
    endloop
  endfacet
  facet normal -0 0 1
    outer loop
      vertex 17.0216 1.66783 25.6
      vertex 17.4 1.35 25.6
      vertex 17.0564 1.67355 25.6
    endloop
  endfacet
  facet normal -0 0 1
    outer loop
      vertex 16.9866 1.66253 25.6
      vertex 17.4 1.35 25.6
      vertex 17.0216 1.66783 25.6
    endloop
  endfacet
  facet normal -0 0 1
    outer loop
      vertex 16.9514 1.65765 25.6
      vertex 17.4 1.35 25.6
      vertex 16.9866 1.66253 25.6
    endloop
  endfacet
  facet normal -0 0 1
    outer loop
      vertex 16.9158 1.65321 25.6
      vertex 17.4 1.35 25.6
      vertex 16.9514 1.65765 25.6
    endloop
  endfacet
  facet normal -0 0 1
    outer loop
      vertex 16.88 1.64918 25.6
      vertex 17.4 1.35 25.6
      vertex 16.9158 1.65321 25.6
    endloop
  endfacet
  facet normal -0 0 1
    outer loop
      vertex 16.8439 1.64558 25.6
      vertex 17.4 1.35 25.6
      vertex 16.88 1.64918 25.6
    endloop
  endfacet
  facet normal -0 0 1
    outer loop
      vertex 16.8076 1.64239 25.6
      vertex 17.4 1.35 25.6
      vertex 16.8439 1.64558 25.6
    endloop
  endfacet
  facet normal -0 0 1
    outer loop
      vertex 16.771 1.63965 25.6
      vertex 17.4 1.35 25.6
      vertex 16.8076 1.64239 25.6
    endloop
  endfacet
  facet normal -0 0 1
    outer loop
      vertex 16.7342 1.63731 25.6
      vertex 17.4 1.35 25.6
      vertex 16.771 1.63965 25.6
    endloop
  endfacet
  facet normal 0 0 1
    outer loop
      vertex 16.2 1.35 25.6
      vertex 16.7342 1.63731 25.6
      vertex 16.6971 1.6354 25.6
    endloop
  endfacet
  facet normal 0 0 1
    outer loop
      vertex 16.2 1.35 25.6
      vertex 16.6971 1.6354 25.6
      vertex 16.6597 1.63392 25.6
    endloop
  endfacet
  facet normal 0 0 1
    outer loop
      vertex 16.2 1.35 25.6
      vertex 16.6597 1.63392 25.6
      vertex 16.622 1.63287 25.6
    endloop
  endfacet
  facet normal 0 0 1
    outer loop
      vertex 16.2 1.35 25.6
      vertex 16.622 1.63287 25.6
      vertex 16.5841 1.63223 25.6
    endloop
  endfacet
  facet normal 0 0 1
    outer loop
      vertex 16.2 1.35 25.6
      vertex 16.5841 1.63223 25.6
      vertex 16.5459 1.63202 25.6
    endloop
  endfacet
  facet normal 0 0 1
    outer loop
      vertex 16.2 1.35 25.6
      vertex 16.5459 1.63202 25.6
      vertex 16.4831 1.6326 25.6
    endloop
  endfacet
  facet normal 0 0 1
    outer loop
      vertex 16.2 1.35 25.6
      vertex 16.4831 1.6326 25.6
      vertex 16.4213 1.63432 25.6
    endloop
  endfacet
  facet normal 0 0 1
    outer loop
      vertex 16.2 1.35 25.6
      vertex 16.4213 1.63432 25.6
      vertex 16.3607 1.63722 25.6
    endloop
  endfacet
  facet normal 0 0 1
    outer loop
      vertex 16.2 1.35 25.6
      vertex 16.3607 1.63722 25.6
      vertex 16.3011 1.64125 25.6
    endloop
  endfacet
  facet normal 0 0 1
    outer loop
      vertex 16.2 1.35 25.6
      vertex 16.3011 1.64125 25.6
      vertex 16.2427 1.64645 25.6
    endloop
  endfacet
  facet normal 0 0 1
    outer loop
      vertex 16.2 1.35 25.6
      vertex 16.2427 1.64645 25.6
      vertex 16.2 1.65117 25.6
    endloop
  endfacet
  facet normal 0 0 1
    outer loop
      vertex 16.7342 1.63731 25.6
      vertex 16.2 1.35 25.6
      vertex 17.4 1.35 25.6
    endloop
  endfacet
  facet normal 0 0 -1
    outer loop
      vertex 24 5.6 21.4
      vertex 23.743 6.72877 21.4
      vertex 24 6.86832 21.4
    endloop
  endfacet
  facet normal 0 0 -1
    outer loop
      vertex 24 5.6 21.4
      vertex 23.1452 6.44365 21.4
      vertex 23.743 6.72877 21.4
    endloop
  endfacet
  facet normal 0 0 -1
    outer loop
      vertex 24 5.6 21.4
      vertex 22.5334 6.19021 21.4
      vertex 23.1452 6.44365 21.4
    endloop
  endfacet
  facet normal 0 0 -1
    outer loop
      vertex 24 5.6 21.4
      vertex 21.9091 5.96914 21.4
      vertex 22.5334 6.19021 21.4
    endloop
  endfacet
  facet normal 0 0 -1
    outer loop
      vertex 24 5.6 21.4
      vertex 21.2741 5.78104 21.4
      vertex 21.9091 5.96914 21.4
    endloop
  endfacet
  facet normal 0 0 -1
    outer loop
      vertex 24 5.6 21.4
      vertex 20.6301 5.62643 21.4
      vertex 21.2741 5.78104 21.4
    endloop
  endfacet
  facet normal 0 -0 -1
    outer loop
      vertex 20.6301 5.62643 21.4
      vertex 24 5.6 21.4
      vertex 20.4875 5.6 21.4
    endloop
  endfacet
  facet normal 0 0 -1
    outer loop
      vertex 12 5.6 21.4
      vertex 15.3699 5.62643 21.4
      vertex 15.5125 5.6 21.4
    endloop
  endfacet
  facet normal 0 0 -1
    outer loop
      vertex 12 5.6 21.4
      vertex 14.7259 5.78104 21.4
      vertex 15.3699 5.62643 21.4
    endloop
  endfacet
  facet normal 0 0 -1
    outer loop
      vertex 12 5.6 21.4
      vertex 14.0909 5.96914 21.4
      vertex 14.7259 5.78104 21.4
    endloop
  endfacet
  facet normal 0 0 -1
    outer loop
      vertex 12 5.6 21.4
      vertex 13.4666 6.19021 21.4
      vertex 14.0909 5.96914 21.4
    endloop
  endfacet
  facet normal 0 0 -1
    outer loop
      vertex 12 5.6 21.4
      vertex 12.8548 6.44365 21.4
      vertex 13.4666 6.19021 21.4
    endloop
  endfacet
  facet normal 0 0 -1
    outer loop
      vertex 12 5.6 21.4
      vertex 12.257 6.72877 21.4
      vertex 12.8548 6.44365 21.4
    endloop
  endfacet
  facet normal -0 0 -1
    outer loop
      vertex 12.257 6.72877 21.4
      vertex 12 5.6 21.4
      vertex 12 6.86832 21.4
    endloop
  endfacet
  facet normal -1 0 0
    outer loop
      vertex 12 6.86832 21.4
      vertex 12 5.6 21.4
      vertex 12 6.86832 24
    endloop
  endfacet
  facet normal -1 0 0
    outer loop
      vertex 12 6.86832 24
      vertex 12 7 25.6
      vertex 12 7 24
    endloop
  endfacet
  facet normal -1 0 0
    outer loop
      vertex 12 5.6 24
      vertex 12 6.86832 24
      vertex 12 5.6 21.4
    endloop
  endfacet
  facet normal -1 0 0
    outer loop
      vertex 12 6.86832 24
      vertex 12 5.6 24
      vertex 12 7 25.6
    endloop
  endfacet
  facet normal -1 0 0
    outer loop
      vertex 12 1.35 25.6
      vertex 12 5.6 24
      vertex 12 1.35 24
    endloop
  endfacet
  facet normal -1 0 0
    outer loop
      vertex 12 5.6 24
      vertex 12 1.35 25.6
      vertex 12 7 25.6
    endloop
  endfacet
  facet normal 0 1 -0
    outer loop
      vertex 12.7333 7 24
      vertex 12 7 25.6
      vertex 12.7333 7 25.6
    endloop
  endfacet
  facet normal 0 1 0
    outer loop
      vertex 12 7 25.6
      vertex 12.7333 7 24
      vertex 12 7 24
    endloop
  endfacet
  facet normal 0 1 -0
    outer loop
      vertex 24 7 24
      vertex 23.2667 7 25.6
      vertex 24 7 25.6
    endloop
  endfacet
  facet normal 0 1 0
    outer loop
      vertex 23.2667 7 25.6
      vertex 24 7 24
      vertex 23.2667 7 24
    endloop
  endfacet
  facet normal 0 -1 0
    outer loop
      vertex 20.4875 5.6 21.4
      vertex 24 5.6 24
      vertex 20.4875 5.6 24
    endloop
  endfacet
  facet normal 0 -1 -0
    outer loop
      vertex 24 5.6 24
      vertex 20.4875 5.6 21.4
      vertex 24 5.6 21.4
    endloop
  endfacet
  facet normal 0 -1 0
    outer loop
      vertex 12 5.6 21.4
      vertex 15.5125 5.6 24
      vertex 12 5.6 24
    endloop
  endfacet
  facet normal 0 -1 -0
    outer loop
      vertex 15.5125 5.6 24
      vertex 12 5.6 21.4
      vertex 15.5125 5.6 21.4
    endloop
  endfacet
  facet normal 0 -1 0
    outer loop
      vertex 12 1.35 25.6
      vertex 15 1.35 24.3
      vertex 15 1.35 25.6
    endloop
  endfacet
  facet normal 0 -1 0
    outer loop
      vertex 12 1.35 24
      vertex 16.2 1.35 24.3
      vertex 15 1.35 24.3
    endloop
  endfacet
  facet normal 0 -1 -0
    outer loop
      vertex 16.2 1.35 24.3
      vertex 12 1.35 24
      vertex 17.4 1.35 24.3
    endloop
  endfacet
  facet normal 0 -1 -0
    outer loop
      vertex 17.4 1.35 24.3
      vertex 12 1.35 24
      vertex 18.6 1.35 24.3
    endloop
  endfacet
  facet normal 0 -1 0
    outer loop
      vertex 24 1.35 24
      vertex 18.6 1.35 24.3
      vertex 12 1.35 24
    endloop
  endfacet
  facet normal 0 -1 0
    outer loop
      vertex 18.6 1.35 24.3
      vertex 24 1.35 24
      vertex 19.8 1.35 24.3
    endloop
  endfacet
  facet normal 0 -1 0
    outer loop
      vertex 12 1.35 24
      vertex 15 1.35 24.3
      vertex 12 1.35 25.6
    endloop
  endfacet
  facet normal 0 -1 0
    outer loop
      vertex 16.2 1.35 24.3
      vertex 17.4 1.35 25.6
      vertex 16.2 1.35 25.6
    endloop
  endfacet
  facet normal 0 -1 -0
    outer loop
      vertex 17.4 1.35 25.6
      vertex 16.2 1.35 24.3
      vertex 17.4 1.35 24.3
    endloop
  endfacet
  facet normal 0 -1 0
    outer loop
      vertex 18.6 1.35 24.3
      vertex 19.8 1.35 25.6
      vertex 18.6 1.35 25.6
    endloop
  endfacet
  facet normal 0 -1 -0
    outer loop
      vertex 19.8 1.35 25.6
      vertex 18.6 1.35 24.3
      vertex 19.8 1.35 24.3
    endloop
  endfacet
  facet normal 0 -1 0
    outer loop
      vertex 21 1.35 24.3
      vertex 24 1.35 25.6
      vertex 21 1.35 25.6
    endloop
  endfacet
  facet normal 0 -1 0
    outer loop
      vertex 21 1.35 24.3
      vertex 24 1.35 24
      vertex 24 1.35 25.6
    endloop
  endfacet
  facet normal 0 -1 0
    outer loop
      vertex 19.8 1.35 24.3
      vertex 24 1.35 24
      vertex 21 1.35 24.3
    endloop
  endfacet
  facet normal -1 0 0
    outer loop
      vertex 16.2 2.75 24.3
      vertex 16.2 2.30554 25.15
      vertex 16.2 2.75 25.6
    endloop
  endfacet
  facet normal -1 0 0
    outer loop
      vertex 16.2 1.35 24.3
      vertex 16.2 2.30554 25.15
      vertex 16.2 2.75 24.3
    endloop
  endfacet
  facet normal -1 -0 0
    outer loop
      vertex 16.2 2.30554 25.15
      vertex 16.2 1.35 24.3
      vertex 16.2 1.65117 25.15
    endloop
  endfacet
  facet normal -1 0 0
    outer loop
      vertex 16.2 1.35 25.6
      vertex 16.2 1.65117 25.15
      vertex 16.2 1.35 24.3
    endloop
  endfacet
  facet normal -1 0 0
    outer loop
      vertex 16.2 1.65117 25.15
      vertex 16.2 1.35 25.6
      vertex 16.2 1.65117 25.6
    endloop
  endfacet
  facet normal -1 -0 0
    outer loop
      vertex 16.2 2.75 25.6
      vertex 16.2 2.30554 25.15
      vertex 16.2 2.30554 25.6
    endloop
  endfacet
  facet normal -0 0 1
    outer loop
      vertex 15 2.75 24.3
      vertex 16.2 1.35 24.3
      vertex 16.2 2.75 24.3
    endloop
  endfacet
  facet normal 0 0 1
    outer loop
      vertex 16.2 1.35 24.3
      vertex 15 2.75 24.3
      vertex 15 1.35 24.3
    endloop
  endfacet
  facet normal 1 0 0
    outer loop
      vertex 15 2.27693 25.6
      vertex 15 1.35 25.6
      vertex 15 2.27693 25.15
    endloop
  endfacet
  facet normal 1 -0 0
    outer loop
      vertex 15 2.27693 25.15
      vertex 15 2.75 24.3
      vertex 15 2.75 25.15
    endloop
  endfacet
  facet normal 1 0 0
    outer loop
      vertex 15 1.35 24.3
      vertex 15 2.27693 25.15
      vertex 15 1.35 25.6
    endloop
  endfacet
  facet normal 1 0 0
    outer loop
      vertex 15 2.27693 25.15
      vertex 15 1.35 24.3
      vertex 15 2.75 24.3
    endloop
  endfacet
  facet normal 0 -1 0
    outer loop
      vertex 15 2.75 25.15
      vertex 15 2.75 24.3
      vertex 15.6181 2.75 25.15
    endloop
  endfacet
  facet normal 0 -1 0
    outer loop
      vertex 15.6181 2.75 25.15
      vertex 16.2 2.75 25.6
      vertex 15.6181 2.75 25.6
    endloop
  endfacet
  facet normal 0 -1 0
    outer loop
      vertex 16.2 2.75 24.3
      vertex 15.6181 2.75 25.15
      vertex 15 2.75 24.3
    endloop
  endfacet
  facet normal 0 -1 0
    outer loop
      vertex 15.6181 2.75 25.15
      vertex 16.2 2.75 24.3
      vertex 16.2 2.75 25.6
    endloop
  endfacet
  facet normal -1 0 0
    outer loop
      vertex 18.6 1.35 24.3
      vertex 18.6 2.75 25.6
      vertex 18.6 2.75 24.3
    endloop
  endfacet
  facet normal -1 -0 0
    outer loop
      vertex 18.6 2.75 25.6
      vertex 18.6 1.35 24.3
      vertex 18.6 1.35 25.6
    endloop
  endfacet
  facet normal -0 0 1
    outer loop
      vertex 17.4 2.75 24.3
      vertex 18.6 1.35 24.3
      vertex 18.6 2.75 24.3
    endloop
  endfacet
  facet normal 0 0 1
    outer loop
      vertex 18.6 1.35 24.3
      vertex 17.4 2.75 24.3
      vertex 17.4 1.35 24.3
    endloop
  endfacet
  facet normal 1 0 0
    outer loop
      vertex 17.4 1.75344 25.6
      vertex 17.4 1.35 25.6
      vertex 17.4 1.75344 25.15
    endloop
  endfacet
  facet normal 1 0 0
    outer loop
      vertex 17.4 2.43786 25.15
      vertex 17.4 2.75 25.6
      vertex 17.4 2.43786 25.6
    endloop
  endfacet
  facet normal 1 0 0
    outer loop
      vertex 17.4 2.75 25.6
      vertex 17.4 2.43786 25.15
      vertex 17.4 2.75 24.3
    endloop
  endfacet
  facet normal 1 -0 0
    outer loop
      vertex 17.4 1.75344 25.15
      vertex 17.4 2.75 24.3
      vertex 17.4 2.43786 25.15
    endloop
  endfacet
  facet normal 1 0 0
    outer loop
      vertex 17.4 1.75344 25.15
      vertex 17.4 1.35 24.3
      vertex 17.4 2.75 24.3
    endloop
  endfacet
  facet normal 1 0 0
    outer loop
      vertex 17.4 1.35 24.3
      vertex 17.4 1.75344 25.15
      vertex 17.4 1.35 25.6
    endloop
  endfacet
  facet normal 0 -1 0
    outer loop
      vertex 17.4 2.75 25.6
      vertex 17.6255 2.75 25.15
      vertex 17.6255 2.75 25.6
    endloop
  endfacet
  facet normal 0 -1 -0
    outer loop
      vertex 17.6255 2.75 25.15
      vertex 17.4 2.75 24.3
      vertex 18.3579 2.75 25.15
    endloop
  endfacet
  facet normal 0 -1 0
    outer loop
      vertex 17.4 2.75 24.3
      vertex 17.6255 2.75 25.15
      vertex 17.4 2.75 25.6
    endloop
  endfacet
  facet normal 0 -1 0
    outer loop
      vertex 18.3579 2.75 25.15
      vertex 18.6 2.75 25.6
      vertex 18.3579 2.75 25.6
    endloop
  endfacet
  facet normal 0 -1 0
    outer loop
      vertex 18.3579 2.75 25.15
      vertex 18.6 2.75 24.3
      vertex 18.6 2.75 25.6
    endloop
  endfacet
  facet normal 0 -1 0
    outer loop
      vertex 18.6 2.75 24.3
      vertex 18.3579 2.75 25.15
      vertex 17.4 2.75 24.3
    endloop
  endfacet
  facet normal -1 0 0
    outer loop
      vertex 21 2.75 24.3
      vertex 21 1.81986 25.15
      vertex 21 2.75 25.15
    endloop
  endfacet
  facet normal -1 0 0
    outer loop
      vertex 21 1.35 24.3
      vertex 21 1.81986 25.15
      vertex 21 2.75 24.3
    endloop
  endfacet
  facet normal -1 0 0
    outer loop
      vertex 21 1.35 25.6
      vertex 21 1.81986 25.15
      vertex 21 1.35 24.3
    endloop
  endfacet
  facet normal -1 0 0
    outer loop
      vertex 21 1.81986 25.15
      vertex 21 1.35 25.6
      vertex 21 1.81986 25.6
    endloop
  endfacet
  facet normal -0 0 1
    outer loop
      vertex 19.8 2.75 24.3
      vertex 21 1.35 24.3
      vertex 21 2.75 24.3
    endloop
  endfacet
  facet normal 0 0 1
    outer loop
      vertex 21 1.35 24.3
      vertex 19.8 2.75 24.3
      vertex 19.8 1.35 24.3
    endloop
  endfacet
  facet normal 1 0 0
    outer loop
      vertex 19.8 1.64607 25.6
      vertex 19.8 1.35 25.6
      vertex 19.8 1.64607 25.15
    endloop
  endfacet
  facet normal 1 0 0
    outer loop
      vertex 19.8 2.31308 25.15
      vertex 19.8 2.75 25.6
      vertex 19.8 2.31308 25.6
    endloop
  endfacet
  facet normal 1 0 0
    outer loop
      vertex 19.8 2.75 25.6
      vertex 19.8 2.31308 25.15
      vertex 19.8 2.75 24.3
    endloop
  endfacet
  facet normal 1 0 0
    outer loop
      vertex 19.8 1.35 24.3
      vertex 19.8 2.31308 25.15
      vertex 19.8 1.64607 25.15
    endloop
  endfacet
  facet normal 1 0 0
    outer loop
      vertex 19.8 2.31308 25.15
      vertex 19.8 1.35 24.3
      vertex 19.8 2.75 24.3
    endloop
  endfacet
  facet normal 1 0 0
    outer loop
      vertex 19.8 1.35 24.3
      vertex 19.8 1.64607 25.15
      vertex 19.8 1.35 25.6
    endloop
  endfacet
  facet normal 0 -1 0
    outer loop
      vertex 19.8 2.75 25.6
      vertex 20.7079 2.75 25.15
      vertex 20.7079 2.75 25.6
    endloop
  endfacet
  facet normal 0 -1 0
    outer loop
      vertex 19.8 2.75 24.3
      vertex 20.7079 2.75 25.15
      vertex 19.8 2.75 25.6
    endloop
  endfacet
  facet normal 0 -1 0
    outer loop
      vertex 21 2.75 24.3
      vertex 20.7079 2.75 25.15
      vertex 19.8 2.75 24.3
    endloop
  endfacet
  facet normal 0 -1 0
    outer loop
      vertex 20.7079 2.75 25.15
      vertex 21 2.75 24.3
      vertex 21 2.75 25.15
    endloop
  endfacet
  facet normal -1 0 0
    outer loop
      vertex 18.7 30.1784 0
      vertex 18.7 30.6297 24
      vertex 18.7 30.6297 0
    endloop
  endfacet
  facet normal -1 -0 0
    outer loop
      vertex 18.7 30.6297 24
      vertex 18.7 30.1784 0
      vertex 18.7 30.1784 24
    endloop
  endfacet
  facet normal 1 -0 0
    outer loop
      vertex 17.3 30.1784 24
      vertex 17.3 30.6297 0
      vertex 17.3 30.6297 24
    endloop
  endfacet
  facet normal 1 0 0
    outer loop
      vertex 17.3 30.6297 0
      vertex 17.3 30.1784 24
      vertex 17.3 30.1784 0
    endloop
  endfacet
  facet normal -0.500138 0.865946 0
    outer loop
      vertex 7.80316 11.3046 2
      vertex 7.41238 11.0789 24
      vertex 7.80316 11.3046 24
    endloop
  endfacet
  facet normal -0.500138 0.865946 0
    outer loop
      vertex 7.41238 11.0789 24
      vertex 7.80316 11.3046 2
      vertex 7.41238 11.0789 2
    endloop
  endfacet
  facet normal 0 0 1
    outer loop
      vertex 7.76822 11.3554 2
      vertex 7.41238 11.0789 2
      vertex 7.80316 11.3046 2
    endloop
  endfacet
  facet normal 0 0 1
    outer loop
      vertex 7.39082 11.1103 2
      vertex 7.76822 11.3554 2
      vertex 7.43449 11.9 2
    endloop
  endfacet
  facet normal 0 0 1
    outer loop
      vertex 7.76822 11.3554 2
      vertex 7.39082 11.1103 2
      vertex 7.41238 11.0789 2
    endloop
  endfacet
  facet normal 0 0 1
    outer loop
      vertex 7.04478 11.675 2
      vertex 7.43449 11.9 2
      vertex 7.12972 12.4613 2
    endloop
  endfacet
  facet normal 0 0 1
    outer loop
      vertex 6.71238 12.2914 2
      vertex 7.12972 12.4613 2
      vertex 7.10316 12.517 2
    endloop
  endfacet
  facet normal 0 0 1
    outer loop
      vertex 7.43449 11.9 2
      vertex 7.04478 11.675 2
      vertex 7.39082 11.1103 2
    endloop
  endfacet
  facet normal 0 0 1
    outer loop
      vertex 7.12972 12.4613 2
      vertex 6.72877 12.257 2
      vertex 7.04478 11.675 2
    endloop
  endfacet
  facet normal 0 0 1
    outer loop
      vertex 7.12972 12.4613 2
      vertex 6.71238 12.2914 2
      vertex 6.72877 12.257 2
    endloop
  endfacet
  facet normal 0.499972 -0.866042 0
    outer loop
      vertex 6.71238 12.2914 2
      vertex 7.10316 12.517 24
      vertex 6.71238 12.2914 24
    endloop
  endfacet
  facet normal 0.499972 -0.866042 0
    outer loop
      vertex 7.10316 12.517 24
      vertex 6.71238 12.2914 2
      vertex 7.10316 12.517 2
    endloop
  endfacet
  facet normal 0.500119 0.865957 -0
    outer loop
      vertex 28.5876 11.0789 2
      vertex 28.1968 11.3046 24
      vertex 28.5876 11.0789 24
    endloop
  endfacet
  facet normal 0.500119 0.865957 0
    outer loop
      vertex 28.1968 11.3046 24
      vertex 28.5876 11.0789 2
      vertex 28.1968 11.3046 2
    endloop
  endfacet
  facet normal 0 0 1
    outer loop
      vertex 28.8703 12.4613 2
      vertex 29.2712 12.257 2
      vertex 29.2876 12.2914 2
    endloop
  endfacet
  facet normal -0 0 1
    outer loop
      vertex 28.8703 12.4613 2
      vertex 29.2876 12.2914 2
      vertex 28.8968 12.517 2
    endloop
  endfacet
  facet normal 0 0 1
    outer loop
      vertex 29.2712 12.257 2
      vertex 28.8703 12.4613 2
      vertex 28.9552 11.675 2
    endloop
  endfacet
  facet normal -0 0 1
    outer loop
      vertex 28.5655 11.9 2
      vertex 28.9552 11.675 2
      vertex 28.8703 12.4613 2
    endloop
  endfacet
  facet normal 0 0 1
    outer loop
      vertex 28.9552 11.675 2
      vertex 28.5655 11.9 2
      vertex 28.6092 11.1103 2
    endloop
  endfacet
  facet normal -0 0 1
    outer loop
      vertex 28.2318 11.3554 2
      vertex 28.6092 11.1103 2
      vertex 28.5655 11.9 2
    endloop
  endfacet
  facet normal 0 0 1
    outer loop
      vertex 28.6092 11.1103 2
      vertex 28.2318 11.3554 2
      vertex 28.5876 11.0789 2
    endloop
  endfacet
  facet normal 0 0 1
    outer loop
      vertex 28.5876 11.0789 2
      vertex 28.2318 11.3554 2
      vertex 28.1968 11.3046 2
    endloop
  endfacet
  facet normal -0.499953 -0.866053 0
    outer loop
      vertex 28.8968 12.517 2
      vertex 29.2876 12.2914 24
      vertex 28.8968 12.517 24
    endloop
  endfacet
  facet normal -0.499953 -0.866053 -0
    outer loop
      vertex 29.2876 12.2914 24
      vertex 28.8968 12.517 2
      vertex 29.2876 12.2914 2
    endloop
  endfacet
  facet normal 0 0 1
    outer loop
      vertex 18.3579 3.70164 25.15
      vertex 17.6255 3.11033 25.15
      vertex 18.3579 2.75 25.15
    endloop
  endfacet
  facet normal -0 0 1
    outer loop
      vertex 16.6924 3.70164 25.15
      vertex 17.6255 3.11033 25.15
      vertex 18.3579 3.70164 25.15
    endloop
  endfacet
  facet normal 0 0 1
    outer loop
      vertex 17.6255 3.11033 25.15
      vertex 16.6924 3.70164 25.15
      vertex 16.6924 3.11033 25.15
    endloop
  endfacet
  facet normal 0 0 1
    outer loop
      vertex 18.3579 2.75 25.15
      vertex 17.6255 3.11033 25.15
      vertex 17.6255 2.75 25.15
    endloop
  endfacet
  facet normal -0 0 1
    outer loop
      vertex 17.3885 2.43237 25.15
      vertex 17.4 1.75344 25.15
      vertex 17.4 2.43786 25.15
    endloop
  endfacet
  facet normal -0 0 1
    outer loop
      vertex 17.3738 2.42555 25.15
      vertex 17.4 1.75344 25.15
      vertex 17.3885 2.43237 25.15
    endloop
  endfacet
  facet normal -0 0 1
    outer loop
      vertex 17.3589 2.41885 25.15
      vertex 17.4 1.75344 25.15
      vertex 17.3738 2.42555 25.15
    endloop
  endfacet
  facet normal -0 0 1
    outer loop
      vertex 17.3438 2.41224 25.15
      vertex 17.4 1.75344 25.15
      vertex 17.3589 2.41885 25.15
    endloop
  endfacet
  facet normal -0 0 1
    outer loop
      vertex 17.3285 2.40576 25.15
      vertex 17.4 1.75344 25.15
      vertex 17.3438 2.41224 25.15
    endloop
  endfacet
  facet normal -0 0 1
    outer loop
      vertex 17.313 2.39937 25.15
      vertex 17.4 1.75344 25.15
      vertex 17.3285 2.40576 25.15
    endloop
  endfacet
  facet normal -0 0 1
    outer loop
      vertex 17.2972 2.39309 25.15
      vertex 17.4 1.75344 25.15
      vertex 17.313 2.39937 25.15
    endloop
  endfacet
  facet normal -0 0 1
    outer loop
      vertex 17.2812 2.38691 25.15
      vertex 17.4 1.75344 25.15
      vertex 17.2972 2.39309 25.15
    endloop
  endfacet
  facet normal -0 0 1
    outer loop
      vertex 17.2651 2.38084 25.15
      vertex 17.4 1.75344 25.15
      vertex 17.2812 2.38691 25.15
    endloop
  endfacet
  facet normal -0 0 1
    outer loop
      vertex 17.2487 2.37488 25.15
      vertex 17.4 1.75344 25.15
      vertex 17.2651 2.38084 25.15
    endloop
  endfacet
  facet normal -0 0 1
    outer loop
      vertex 17.2321 2.36902 25.15
      vertex 17.4 1.75344 25.15
      vertex 17.2487 2.37488 25.15
    endloop
  endfacet
  facet normal -0 0 1
    outer loop
      vertex 17.2153 2.36326 25.15
      vertex 17.4 1.75344 25.15
      vertex 17.2321 2.36902 25.15
    endloop
  endfacet
  facet normal -0 0 1
    outer loop
      vertex 17.1983 2.35762 25.15
      vertex 17.4 1.75344 25.15
      vertex 17.2153 2.36326 25.15
    endloop
  endfacet
  facet normal 0 0 1
    outer loop
      vertex 17.4 1.75344 25.15
      vertex 17.1983 2.35762 25.15
      vertex 17.3872 1.74966 25.15
    endloop
  endfacet
  facet normal 0 0 1
    outer loop
      vertex 17.3872 1.74966 25.15
      vertex 17.1983 2.35762 25.15
      vertex 17.3555 1.74074 25.15
    endloop
  endfacet
  facet normal -0 0 1
    outer loop
      vertex 17.1811 2.35209 25.15
      vertex 17.3555 1.74074 25.15
      vertex 17.1983 2.35762 25.15
    endloop
  endfacet
  facet normal -0 0 1
    outer loop
      vertex 17.1637 2.34671 25.15
      vertex 17.3555 1.74074 25.15
      vertex 17.1811 2.35209 25.15
    endloop
  endfacet
  facet normal 0 0 1
    outer loop
      vertex 17.3555 1.74074 25.15
      vertex 17.1637 2.34671 25.15
      vertex 17.3236 1.73208 25.15
    endloop
  endfacet
  facet normal -0 0 1
    outer loop
      vertex 17.1461 2.34146 25.15
      vertex 17.3236 1.73208 25.15
      vertex 17.1637 2.34671 25.15
    endloop
  endfacet
  facet normal 0 0 1
    outer loop
      vertex 17.3236 1.73208 25.15
      vertex 17.1461 2.34146 25.15
      vertex 17.2913 1.72374 25.15
    endloop
  endfacet
  facet normal -0 0 1
    outer loop
      vertex 17.1284 2.33633 25.15
      vertex 17.2913 1.72374 25.15
      vertex 17.1461 2.34146 25.15
    endloop
  endfacet
  facet normal -0 0 1
    outer loop
      vertex 17.1104 2.33136 25.15
      vertex 17.2913 1.72374 25.15
      vertex 17.1284 2.33633 25.15
    endloop
  endfacet
  facet normal 0 0 1
    outer loop
      vertex 17.2913 1.72374 25.15
      vertex 17.1104 2.33136 25.15
      vertex 17.2587 1.71566 25.15
    endloop
  endfacet
  facet normal -0 0 1
    outer loop
      vertex 17.0923 2.32652 25.15
      vertex 17.2587 1.71566 25.15
      vertex 17.1104 2.33136 25.15
    endloop
  endfacet
  facet normal 0 0 1
    outer loop
      vertex 17.2587 1.71566 25.15
      vertex 17.0923 2.32652 25.15
      vertex 17.2258 1.70788 25.15
    endloop
  endfacet
  facet normal -0 0 1
    outer loop
      vertex 17.074 2.32182 25.15
      vertex 17.2258 1.70788 25.15
      vertex 17.0923 2.32652 25.15
    endloop
  endfacet
  facet normal 0 0 1
    outer loop
      vertex 17.2258 1.70788 25.15
      vertex 17.074 2.32182 25.15
      vertex 17.1925 1.70039 25.15
    endloop
  endfacet
  facet normal -0 0 1
    outer loop
      vertex 17.0555 2.31726 25.15
      vertex 17.1925 1.70039 25.15
      vertex 17.074 2.32182 25.15
    endloop
  endfacet
  facet normal -0 0 1
    outer loop
      vertex 17.0369 2.31283 25.15
      vertex 17.1925 1.70039 25.15
      vertex 17.0555 2.31726 25.15
    endloop
  endfacet
  facet normal 0 0 1
    outer loop
      vertex 17.1925 1.70039 25.15
      vertex 17.0369 2.31283 25.15
      vertex 17.159 1.69317 25.15
    endloop
  endfacet
  facet normal -0 0 1
    outer loop
      vertex 17.0181 2.30855 25.15
      vertex 17.159 1.69317 25.15
      vertex 17.0369 2.31283 25.15
    endloop
  endfacet
  facet normal 0 0 1
    outer loop
      vertex 17.159 1.69317 25.15
      vertex 17.0181 2.30855 25.15
      vertex 17.125 1.68626 25.15
    endloop
  endfacet
  facet normal -0 0 1
    outer loop
      vertex 16.9991 2.30439 25.15
      vertex 17.125 1.68626 25.15
      vertex 17.0181 2.30855 25.15
    endloop
  endfacet
  facet normal -0 0 1
    outer loop
      vertex 16.9799 2.30038 25.15
      vertex 17.125 1.68626 25.15
      vertex 16.9991 2.30439 25.15
    endloop
  endfacet
  facet normal 0 0 1
    outer loop
      vertex 17.125 1.68626 25.15
      vertex 16.9799 2.30038 25.15
      vertex 17.0908 1.67968 25.15
    endloop
  endfacet
  facet normal -0 0 1
    outer loop
      vertex 16.9605 2.29651 25.15
      vertex 17.0908 1.67968 25.15
      vertex 16.9799 2.30038 25.15
    endloop
  endfacet
  facet normal 0 0 1
    outer loop
      vertex 17.0908 1.67968 25.15
      vertex 16.9605 2.29651 25.15
      vertex 17.0564 1.67355 25.15
    endloop
  endfacet
  facet normal -0 0 1
    outer loop
      vertex 16.9409 2.29277 25.15
      vertex 17.0564 1.67355 25.15
      vertex 16.9605 2.29651 25.15
    endloop
  endfacet
  facet normal 0 0 1
    outer loop
      vertex 17.0564 1.67355 25.15
      vertex 16.9409 2.29277 25.15
      vertex 17.0216 1.66783 25.15
    endloop
  endfacet
  facet normal -0 0 1
    outer loop
      vertex 16.9212 2.28917 25.15
      vertex 17.0216 1.66783 25.15
      vertex 16.9409 2.29277 25.15
    endloop
  endfacet
  facet normal -0 0 1
    outer loop
      vertex 16.9013 2.2857 25.15
      vertex 17.0216 1.66783 25.15
      vertex 16.9212 2.28917 25.15
    endloop
  endfacet
  facet normal 0 0 1
    outer loop
      vertex 17.0216 1.66783 25.15
      vertex 16.9013 2.2857 25.15
      vertex 16.9866 1.66253 25.15
    endloop
  endfacet
  facet normal -0 0 1
    outer loop
      vertex 16.8812 2.28241 25.15
      vertex 16.9866 1.66253 25.15
      vertex 16.9013 2.2857 25.15
    endloop
  endfacet
  facet normal 0 0 1
    outer loop
      vertex 16.9866 1.66253 25.15
      vertex 16.8812 2.28241 25.15
      vertex 16.9514 1.65765 25.15
    endloop
  endfacet
  facet normal -0 0 1
    outer loop
      vertex 16.8611 2.27934 25.15
      vertex 16.9514 1.65765 25.15
      vertex 16.8812 2.28241 25.15
    endloop
  endfacet
  facet normal 0 0 1
    outer loop
      vertex 16.9514 1.65765 25.15
      vertex 16.8611 2.27934 25.15
      vertex 16.9158 1.65321 25.15
    endloop
  endfacet
  facet normal -0 0 1
    outer loop
      vertex 16.8408 2.27649 25.15
      vertex 16.9158 1.65321 25.15
      vertex 16.8611 2.27934 25.15
    endloop
  endfacet
  facet normal -0 0 1
    outer loop
      vertex 16.8204 2.27383 25.15
      vertex 16.9158 1.65321 25.15
      vertex 16.8408 2.27649 25.15
    endloop
  endfacet
  facet normal 0 0 1
    outer loop
      vertex 16.9158 1.65321 25.15
      vertex 16.8204 2.27383 25.15
      vertex 16.88 1.64918 25.15
    endloop
  endfacet
  facet normal -0 0 1
    outer loop
      vertex 16.7999 2.27139 25.15
      vertex 16.88 1.64918 25.15
      vertex 16.8204 2.27383 25.15
    endloop
  endfacet
  facet normal 0 0 1
    outer loop
      vertex 16.88 1.64918 25.15
      vertex 16.7999 2.27139 25.15
      vertex 16.8439 1.64558 25.15
    endloop
  endfacet
  facet normal -0 0 1
    outer loop
      vertex 16.7793 2.26918 25.15
      vertex 16.8439 1.64558 25.15
      vertex 16.7999 2.27139 25.15
    endloop
  endfacet
  facet normal 0 0 1
    outer loop
      vertex 16.8439 1.64558 25.15
      vertex 16.7793 2.26918 25.15
      vertex 16.8076 1.64239 25.15
    endloop
  endfacet
  facet normal -0 0 1
    outer loop
      vertex 16.7587 2.26716 25.15
      vertex 16.8076 1.64239 25.15
      vertex 16.7793 2.26918 25.15
    endloop
  endfacet
  facet normal -0 0 1
    outer loop
      vertex 16.7378 2.26536 25.15
      vertex 16.8076 1.64239 25.15
      vertex 16.7587 2.26716 25.15
    endloop
  endfacet
  facet normal 0 0 1
    outer loop
      vertex 16.8076 1.64239 25.15
      vertex 16.7378 2.26536 25.15
      vertex 16.771 1.63965 25.15
    endloop
  endfacet
  facet normal -0 0 1
    outer loop
      vertex 16.7169 2.26378 25.15
      vertex 16.771 1.63965 25.15
      vertex 16.7378 2.26536 25.15
    endloop
  endfacet
  facet normal 0 0 1
    outer loop
      vertex 16.771 1.63965 25.15
      vertex 16.7169 2.26378 25.15
      vertex 16.7342 1.63731 25.15
    endloop
  endfacet
  facet normal -0 0 1
    outer loop
      vertex 16.6959 2.26239 25.15
      vertex 16.7342 1.63731 25.15
      vertex 16.7169 2.26378 25.15
    endloop
  endfacet
  facet normal 0 0 1
    outer loop
      vertex 16.7342 1.63731 25.15
      vertex 16.6959 2.26239 25.15
      vertex 16.6971 1.6354 25.15
    endloop
  endfacet
  facet normal -0 0 1
    outer loop
      vertex 16.6748 2.26123 25.15
      vertex 16.6971 1.6354 25.15
      vertex 16.6959 2.26239 25.15
    endloop
  endfacet
  facet normal -0 0 1
    outer loop
      vertex 16.6536 2.26027 25.15
      vertex 16.6971 1.6354 25.15
      vertex 16.6748 2.26123 25.15
    endloop
  endfacet
  facet normal 0 0 1
    outer loop
      vertex 16.6971 1.6354 25.15
      vertex 16.6536 2.26027 25.15
      vertex 16.6597 1.63392 25.15
    endloop
  endfacet
  facet normal -0 0 1
    outer loop
      vertex 16.6323 2.25953 25.15
      vertex 16.6597 1.63392 25.15
      vertex 16.6536 2.26027 25.15
    endloop
  endfacet
  facet normal 0 0 1
    outer loop
      vertex 16.6323 2.25953 25.15
      vertex 16.622 1.63287 25.15
      vertex 16.6597 1.63392 25.15
    endloop
  endfacet
  facet normal -0 0 1
    outer loop
      vertex 16.6108 2.259 25.15
      vertex 16.622 1.63287 25.15
      vertex 16.6323 2.25953 25.15
    endloop
  endfacet
  facet normal -0 0 1
    outer loop
      vertex 16.5893 2.25868 25.15
      vertex 16.622 1.63287 25.15
      vertex 16.6108 2.259 25.15
    endloop
  endfacet
  facet normal 0 0 1
    outer loop
      vertex 16.5893 2.25868 25.15
      vertex 16.5841 1.63223 25.15
      vertex 16.622 1.63287 25.15
    endloop
  endfacet
  facet normal -0 0 1
    outer loop
      vertex 16.5676 2.25857 25.15
      vertex 16.5841 1.63223 25.15
      vertex 16.5893 2.25868 25.15
    endloop
  endfacet
  facet normal 0 0 1
    outer loop
      vertex 16.5676 2.25857 25.15
      vertex 16.5459 1.63202 25.15
      vertex 16.5841 1.63223 25.15
    endloop
  endfacet
  facet normal 0 0 1
    outer loop
      vertex 16.531 2.25897 25.15
      vertex 16.5459 1.63202 25.15
      vertex 16.5676 2.25857 25.15
    endloop
  endfacet
  facet normal 0 0 1
    outer loop
      vertex 16.4831 1.6326 25.15
      vertex 16.531 2.25897 25.15
      vertex 16.4949 2.26014 25.15
    endloop
  endfacet
  facet normal 0 0 1
    outer loop
      vertex 16.531 2.25897 25.15
      vertex 16.4831 1.6326 25.15
      vertex 16.5459 1.63202 25.15
    endloop
  endfacet
  facet normal 0 0 1
    outer loop
      vertex 16.4595 2.26211 25.15
      vertex 16.4831 1.6326 25.15
      vertex 16.4949 2.26014 25.15
    endloop
  endfacet
  facet normal 0 0 1
    outer loop
      vertex 16.4213 1.63432 25.15
      vertex 16.4595 2.26211 25.15
      vertex 16.4247 2.26484 25.15
    endloop
  endfacet
  facet normal 0 0 1
    outer loop
      vertex 16.4595 2.26211 25.15
      vertex 16.4213 1.63432 25.15
      vertex 16.4831 1.6326 25.15
    endloop
  endfacet
  facet normal 0 0 1
    outer loop
      vertex 16.3607 1.63722 25.15
      vertex 16.4247 2.26484 25.15
      vertex 16.3905 2.26838 25.15
    endloop
  endfacet
  facet normal 0 0 1
    outer loop
      vertex 16.4247 2.26484 25.15
      vertex 16.3607 1.63722 25.15
      vertex 16.4213 1.63432 25.15
    endloop
  endfacet
  facet normal 0 0 1
    outer loop
      vertex 16.3011 1.64125 25.15
      vertex 16.3905 2.26838 25.15
      vertex 16.3569 2.27269 25.15
    endloop
  endfacet
  facet normal 0 0 1
    outer loop
      vertex 16.2427 1.64645 25.15
      vertex 16.3569 2.27269 25.15
      vertex 16.324 2.27778 25.15
    endloop
  endfacet
  facet normal 0 0 1
    outer loop
      vertex 16.3905 2.26838 25.15
      vertex 16.3011 1.64125 25.15
      vertex 16.3607 1.63722 25.15
    endloop
  endfacet
  facet normal 0 0 1
    outer loop
      vertex 16.2 1.65117 25.15
      vertex 16.324 2.27778 25.15
      vertex 16.2916 2.28367 25.15
    endloop
  endfacet
  facet normal 0 0 1
    outer loop
      vertex 16.2 1.65117 25.15
      vertex 16.2916 2.28367 25.15
      vertex 16.2599 2.29033 25.15
    endloop
  endfacet
  facet normal 0 0 1
    outer loop
      vertex 16.3569 2.27269 25.15
      vertex 16.2427 1.64645 25.15
      vertex 16.3011 1.64125 25.15
    endloop
  endfacet
  facet normal 0 0 1
    outer loop
      vertex 16.2 1.65117 25.15
      vertex 16.2599 2.29033 25.15
      vertex 16.2288 2.29779 25.15
    endloop
  endfacet
  facet normal 0 0 1
    outer loop
      vertex 16.2 1.65117 25.15
      vertex 16.2288 2.29779 25.15
      vertex 16.2 2.30554 25.15
    endloop
  endfacet
  facet normal 0 0 1
    outer loop
      vertex 16.324 2.27778 25.15
      vertex 16.2 1.65117 25.15
      vertex 16.2427 1.64645 25.15
    endloop
  endfacet
  facet normal 0 0 1
    outer loop
      vertex 17.5387 4.3472 25.15
      vertex 18.2658 4.59794 25.15
      vertex 18.2546 4.6259 25.15
    endloop
  endfacet
  facet normal 0 0 1
    outer loop
      vertex 17.5387 4.3472 25.15
      vertex 18.2546 4.6259 25.15
      vertex 18.2429 4.65352 25.15
    endloop
  endfacet
  facet normal 0 0 1
    outer loop
      vertex 17.5325 4.36207 25.15
      vertex 18.2429 4.65352 25.15
      vertex 18.2308 4.68077 25.15
    endloop
  endfacet
  facet normal 0 0 1
    outer loop
      vertex 17.526 4.37686 25.15
      vertex 18.2308 4.68077 25.15
      vertex 18.2182 4.70767 25.15
    endloop
  endfacet
  facet normal 0 0 1
    outer loop
      vertex 17.5193 4.39154 25.15
      vertex 18.2182 4.70767 25.15
      vertex 18.2052 4.73423 25.15
    endloop
  endfacet
  facet normal 0 0 1
    outer loop
      vertex 17.5123 4.40613 25.15
      vertex 18.2052 4.73423 25.15
      vertex 18.1918 4.76043 25.15
    endloop
  endfacet
  facet normal 0 0 1
    outer loop
      vertex 17.505 4.42061 25.15
      vertex 18.1918 4.76043 25.15
      vertex 18.1778 4.7863 25.15
    endloop
  endfacet
  facet normal 0 0 1
    outer loop
      vertex 17.4975 4.43499 25.15
      vertex 18.1778 4.7863 25.15
      vertex 18.1635 4.8118 25.15
    endloop
  endfacet
  facet normal 0 0 1
    outer loop
      vertex 17.4897 4.44929 25.15
      vertex 18.1635 4.8118 25.15
      vertex 18.1486 4.83696 25.15
    endloop
  endfacet
  facet normal 0 0 1
    outer loop
      vertex 17.4817 4.4635 25.15
      vertex 18.1486 4.83696 25.15
      vertex 18.1333 4.86177 25.15
    endloop
  endfacet
  facet normal 0 0 1
    outer loop
      vertex 17.4735 4.47761 25.15
      vertex 18.1333 4.86177 25.15
      vertex 18.1176 4.88623 25.15
    endloop
  endfacet
  facet normal 0 0 1
    outer loop
      vertex 17.4735 4.47761 25.15
      vertex 18.1176 4.88623 25.15
      vertex 18.1013 4.91034 25.15
    endloop
  endfacet
  facet normal 0 0 1
    outer loop
      vertex 17.465 4.49162 25.15
      vertex 18.1013 4.91034 25.15
      vertex 18.0847 4.93409 25.15
    endloop
  endfacet
  facet normal 0 0 1
    outer loop
      vertex 17.4562 4.50554 25.15
      vertex 18.0847 4.93409 25.15
      vertex 18.0676 4.9575 25.15
    endloop
  endfacet
  facet normal 0 0 1
    outer loop
      vertex 17.4471 4.51936 25.15
      vertex 18.0676 4.9575 25.15
      vertex 18.05 4.98056 25.15
    endloop
  endfacet
  facet normal 0 0 1
    outer loop
      vertex 17.4379 4.53308 25.15
      vertex 18.05 4.98056 25.15
      vertex 18.0319 5.00325 25.15
    endloop
  endfacet
  facet normal 0 0 1
    outer loop
      vertex 17.4283 4.5467 25.15
      vertex 18.0319 5.00325 25.15
      vertex 18.0133 5.02551 25.15
    endloop
  endfacet
  facet normal 0 0 1
    outer loop
      vertex 17.4185 4.56024 25.15
      vertex 18.0133 5.02551 25.15
      vertex 17.9942 5.04738 25.15
    endloop
  endfacet
  facet normal 0 0 1
    outer loop
      vertex 17.4085 4.57368 25.15
      vertex 17.9942 5.04738 25.15
      vertex 17.9745 5.06881 25.15
    endloop
  endfacet
  facet normal 0 0 1
    outer loop
      vertex 17.3981 4.58697 25.15
      vertex 17.9745 5.06881 25.15
      vertex 17.9544 5.08984 25.15
    endloop
  endfacet
  facet normal 0 0 1
    outer loop
      vertex 17.3875 4.60005 25.15
      vertex 17.9544 5.08984 25.15
      vertex 17.9337 5.11046 25.15
    endloop
  endfacet
  facet normal 0 0 1
    outer loop
      vertex 17.3875 4.60005 25.15
      vertex 17.9337 5.11046 25.15
      vertex 17.9124 5.13066 25.15
    endloop
  endfacet
  facet normal 0 0 1
    outer loop
      vertex 17.3766 4.61291 25.15
      vertex 17.9124 5.13066 25.15
      vertex 17.8906 5.15045 25.15
    endloop
  endfacet
  facet normal 0 0 1
    outer loop
      vertex 17.3653 4.62556 25.15
      vertex 17.8906 5.15045 25.15
      vertex 17.8683 5.16983 25.15
    endloop
  endfacet
  facet normal 0 0 1
    outer loop
      vertex 17.3538 4.638 25.15
      vertex 17.8683 5.16983 25.15
      vertex 17.8455 5.18879 25.15
    endloop
  endfacet
  facet normal 0 0 1
    outer loop
      vertex 17.3419 4.65024 25.15
      vertex 17.8455 5.18879 25.15
      vertex 17.8221 5.20733 25.15
    endloop
  endfacet
  facet normal 0 0 1
    outer loop
      vertex 17.3298 4.66224 25.15
      vertex 17.8221 5.20733 25.15
      vertex 17.7982 5.22548 25.15
    endloop
  endfacet
  facet normal 0 0 1
    outer loop
      vertex 17.3173 4.67405 25.15
      vertex 17.7982 5.22548 25.15
      vertex 17.7738 5.24319 25.15
    endloop
  endfacet
  facet normal 0 0 1
    outer loop
      vertex 17.3173 4.67405 25.15
      vertex 17.7738 5.24319 25.15
      vertex 17.7489 5.26051 25.15
    endloop
  endfacet
  facet normal 0 0 1
    outer loop
      vertex 17.3045 4.68565 25.15
      vertex 17.7489 5.26051 25.15
      vertex 17.7234 5.2774 25.15
    endloop
  endfacet
  facet normal 0 0 1
    outer loop
      vertex 17.2914 4.69702 25.15
      vertex 17.7234 5.2774 25.15
      vertex 17.6974 5.29388 25.15
    endloop
  endfacet
  facet normal 0 0 1
    outer loop
      vertex 17.278 4.70819 25.15
      vertex 17.6974 5.29388 25.15
      vertex 17.6708 5.30992 25.15
    endloop
  endfacet
  facet normal 0 0 1
    outer loop
      vertex 17.2643 4.71914 25.15
      vertex 17.6708 5.30992 25.15
      vertex 17.6437 5.3255 25.15
    endloop
  endfacet
  facet normal 0 0 1
    outer loop
      vertex 17.2503 4.72989 25.15
      vertex 17.6437 5.3255 25.15
      vertex 17.616 5.3406 25.15
    endloop
  endfacet
  facet normal 0 0 1
    outer loop
      vertex 17.236 4.74041 25.15
      vertex 17.616 5.3406 25.15
      vertex 17.5878 5.35525 25.15
    endloop
  endfacet
  facet normal 0 0 1
    outer loop
      vertex 17.2213 4.75073 25.15
      vertex 17.5878 5.35525 25.15
      vertex 17.5591 5.36943 25.15
    endloop
  endfacet
  facet normal 0 0 1
    outer loop
      vertex 17.9942 5.04738 25.15
      vertex 17.4085 4.57368 25.15
      vertex 17.4185 4.56024 25.15
    endloop
  endfacet
  facet normal 0 0 1
    outer loop
      vertex 18.2658 4.59794 25.15
      vertex 17.5387 4.3472 25.15
      vertex 18.2765 4.56964 25.15
    endloop
  endfacet
  facet normal 0 0 1
    outer loop
      vertex 17.2064 4.76085 25.15
      vertex 17.5591 5.36943 25.15
      vertex 17.5298 5.38315 25.15
    endloop
  endfacet
  facet normal 0 0 1
    outer loop
      vertex 18.2429 4.65352 25.15
      vertex 17.5325 4.36207 25.15
      vertex 17.5387 4.3472 25.15
    endloop
  endfacet
  facet normal 0 0 1
    outer loop
      vertex 18.2308 4.68077 25.15
      vertex 17.526 4.37686 25.15
      vertex 17.5325 4.36207 25.15
    endloop
  endfacet
  facet normal 0 0 1
    outer loop
      vertex 18.2182 4.70767 25.15
      vertex 17.5193 4.39154 25.15
      vertex 17.526 4.37686 25.15
    endloop
  endfacet
  facet normal 0 0 1
    outer loop
      vertex 18.2052 4.73423 25.15
      vertex 17.5123 4.40613 25.15
      vertex 17.5193 4.39154 25.15
    endloop
  endfacet
  facet normal 0 0 1
    outer loop
      vertex 17.1912 4.77072 25.15
      vertex 17.5298 5.38315 25.15
      vertex 17.4999 5.39639 25.15
    endloop
  endfacet
  facet normal 0 0 1
    outer loop
      vertex 18.1918 4.76043 25.15
      vertex 17.505 4.42061 25.15
      vertex 17.5123 4.40613 25.15
    endloop
  endfacet
  facet normal 0 0 1
    outer loop
      vertex 18.1778 4.7863 25.15
      vertex 17.4975 4.43499 25.15
      vertex 17.505 4.42061 25.15
    endloop
  endfacet
  facet normal 0 0 1
    outer loop
      vertex 18.1635 4.8118 25.15
      vertex 17.4897 4.44929 25.15
      vertex 17.4975 4.43499 25.15
    endloop
  endfacet
  facet normal 0 0 1
    outer loop
      vertex 18.1486 4.83696 25.15
      vertex 17.4817 4.4635 25.15
      vertex 17.4897 4.44929 25.15
    endloop
  endfacet
  facet normal 0 0 1
    outer loop
      vertex 17.1756 4.78035 25.15
      vertex 17.4999 5.39639 25.15
      vertex 17.4695 5.40916 25.15
    endloop
  endfacet
  facet normal 0 0 1
    outer loop
      vertex 18.1333 4.86177 25.15
      vertex 17.4735 4.47761 25.15
      vertex 17.4817 4.4635 25.15
    endloop
  endfacet
  facet normal 0 0 1
    outer loop
      vertex 18.1013 4.91034 25.15
      vertex 17.465 4.49162 25.15
      vertex 17.4735 4.47761 25.15
    endloop
  endfacet
  facet normal 0 0 1
    outer loop
      vertex 18.0847 4.93409 25.15
      vertex 17.4562 4.50554 25.15
      vertex 17.465 4.49162 25.15
    endloop
  endfacet
  facet normal 0 0 1
    outer loop
      vertex 17.1598 4.78972 25.15
      vertex 17.4695 5.40916 25.15
      vertex 17.4386 5.42148 25.15
    endloop
  endfacet
  facet normal 0 0 1
    outer loop
      vertex 18.0676 4.9575 25.15
      vertex 17.4471 4.51936 25.15
      vertex 17.4562 4.50554 25.15
    endloop
  endfacet
  facet normal 0 0 1
    outer loop
      vertex 18.05 4.98056 25.15
      vertex 17.4379 4.53308 25.15
      vertex 17.4471 4.51936 25.15
    endloop
  endfacet
  facet normal 0 0 1
    outer loop
      vertex 18.0319 5.00325 25.15
      vertex 17.4283 4.5467 25.15
      vertex 17.4379 4.53308 25.15
    endloop
  endfacet
  facet normal 0 0 1
    outer loop
      vertex 18.0133 5.02551 25.15
      vertex 17.4185 4.56024 25.15
      vertex 17.4283 4.5467 25.15
    endloop
  endfacet
  facet normal 0 0 1
    outer loop
      vertex 17.1437 4.79883 25.15
      vertex 17.4386 5.42148 25.15
      vertex 17.407 5.43332 25.15
    endloop
  endfacet
  facet normal 0 0 1
    outer loop
      vertex 17.9745 5.06881 25.15
      vertex 17.3981 4.58697 25.15
      vertex 17.4085 4.57368 25.15
    endloop
  endfacet
  facet normal 0 0 1
    outer loop
      vertex 17.9544 5.08984 25.15
      vertex 17.3875 4.60005 25.15
      vertex 17.3981 4.58697 25.15
    endloop
  endfacet
  facet normal 0 0 1
    outer loop
      vertex 17.9124 5.13066 25.15
      vertex 17.3766 4.61291 25.15
      vertex 17.3875 4.60005 25.15
    endloop
  endfacet
  facet normal 0 0 1
    outer loop
      vertex 17.1273 4.80769 25.15
      vertex 17.407 5.43332 25.15
      vertex 17.375 5.4447 25.15
    endloop
  endfacet
  facet normal 0 0 1
    outer loop
      vertex 17.8906 5.15045 25.15
      vertex 17.3653 4.62556 25.15
      vertex 17.3766 4.61291 25.15
    endloop
  endfacet
  facet normal 0 0 1
    outer loop
      vertex 17.8683 5.16983 25.15
      vertex 17.3538 4.638 25.15
      vertex 17.3653 4.62556 25.15
    endloop
  endfacet
  facet normal 0 0 1
    outer loop
      vertex 17.1105 4.81628 25.15
      vertex 17.375 5.4447 25.15
      vertex 17.3424 5.45561 25.15
    endloop
  endfacet
  facet normal 0 0 1
    outer loop
      vertex 17.8455 5.18879 25.15
      vertex 17.3419 4.65024 25.15
      vertex 17.3538 4.638 25.15
    endloop
  endfacet
  facet normal 0 0 1
    outer loop
      vertex 17.8221 5.20733 25.15
      vertex 17.3298 4.66224 25.15
      vertex 17.3419 4.65024 25.15
    endloop
  endfacet
  facet normal 0 0 1
    outer loop
      vertex 17.7982 5.22548 25.15
      vertex 17.3173 4.67405 25.15
      vertex 17.3298 4.66224 25.15
    endloop
  endfacet
  facet normal 0 0 1
    outer loop
      vertex 17.0762 4.83273 25.15
      vertex 17.3424 5.45561 25.15
      vertex 17.3092 5.46606 25.15
    endloop
  endfacet
  facet normal 0 0 1
    outer loop
      vertex 17.7489 5.26051 25.15
      vertex 17.3045 4.68565 25.15
      vertex 17.3173 4.67405 25.15
    endloop
  endfacet
  facet normal 0 0 1
    outer loop
      vertex 17.7234 5.2774 25.15
      vertex 17.2914 4.69702 25.15
      vertex 17.3045 4.68565 25.15
    endloop
  endfacet
  facet normal 0 0 1
    outer loop
      vertex 17.6974 5.29388 25.15
      vertex 17.278 4.70819 25.15
      vertex 17.2914 4.69702 25.15
    endloop
  endfacet
  facet normal 0 0 1
    outer loop
      vertex 17.0586 4.84057 25.15
      vertex 17.3092 5.46606 25.15
      vertex 17.2755 5.47604 25.15
    endloop
  endfacet
  facet normal 0 0 1
    outer loop
      vertex 17.6708 5.30992 25.15
      vertex 17.2643 4.71914 25.15
      vertex 17.278 4.70819 25.15
    endloop
  endfacet
  facet normal 0 0 1
    outer loop
      vertex 17.6437 5.3255 25.15
      vertex 17.2503 4.72989 25.15
      vertex 17.2643 4.71914 25.15
    endloop
  endfacet
  facet normal 0 0 1
    outer loop
      vertex 17.0407 4.84816 25.15
      vertex 17.2755 5.47604 25.15
      vertex 17.2412 5.48555 25.15
    endloop
  endfacet
  facet normal 0 0 1
    outer loop
      vertex 17.616 5.3406 25.15
      vertex 17.236 4.74041 25.15
      vertex 17.2503 4.72989 25.15
    endloop
  endfacet
  facet normal 0 0 1
    outer loop
      vertex 17.5878 5.35525 25.15
      vertex 17.2213 4.75073 25.15
      vertex 17.236 4.74041 25.15
    endloop
  endfacet
  facet normal 0 0 1
    outer loop
      vertex 17.0225 4.8555 25.15
      vertex 17.2412 5.48555 25.15
      vertex 17.2064 5.4946 25.15
    endloop
  endfacet
  facet normal 0 0 1
    outer loop
      vertex 17.5591 5.36943 25.15
      vertex 17.2064 4.76085 25.15
      vertex 17.2213 4.75073 25.15
    endloop
  endfacet
  facet normal 0 0 1
    outer loop
      vertex 17.5298 5.38315 25.15
      vertex 17.1912 4.77072 25.15
      vertex 17.2064 4.76085 25.15
    endloop
  endfacet
  facet normal 0 0 1
    outer loop
      vertex 17.4999 5.39639 25.15
      vertex 17.1756 4.78035 25.15
      vertex 17.1912 4.77072 25.15
    endloop
  endfacet
  facet normal 0 0 1
    outer loop
      vertex 17.004 4.86256 25.15
      vertex 17.2064 5.4946 25.15
      vertex 17.171 5.50314 25.15
    endloop
  endfacet
  facet normal 0 0 1
    outer loop
      vertex 17.4695 5.40916 25.15
      vertex 17.1598 4.78972 25.15
      vertex 17.1756 4.78035 25.15
    endloop
  endfacet
  facet normal 0 0 1
    outer loop
      vertex 17.4386 5.42148 25.15
      vertex 17.1437 4.79883 25.15
      vertex 17.1598 4.78972 25.15
    endloop
  endfacet
  facet normal 0 0 1
    outer loop
      vertex 16.9852 4.86938 25.15
      vertex 17.171 5.50314 25.15
      vertex 17.135 5.51114 25.15
    endloop
  endfacet
  facet normal 0 0 1
    outer loop
      vertex 17.407 5.43332 25.15
      vertex 17.1273 4.80769 25.15
      vertex 17.1437 4.79883 25.15
    endloop
  endfacet
  facet normal 0 0 1
    outer loop
      vertex 17.375 5.4447 25.15
      vertex 17.1105 4.81628 25.15
      vertex 17.1273 4.80769 25.15
    endloop
  endfacet
  facet normal 0 0 1
    outer loop
      vertex 16.9467 4.88226 25.15
      vertex 17.135 5.51114 25.15
      vertex 17.0983 5.51857 25.15
    endloop
  endfacet
  facet normal 0 0 1
    outer loop
      vertex 17.3424 5.45561 25.15
      vertex 17.0935 4.82464 25.15
      vertex 17.1105 4.81628 25.15
    endloop
  endfacet
  facet normal 0 0 1
    outer loop
      vertex 17.3424 5.45561 25.15
      vertex 17.0762 4.83273 25.15
      vertex 17.0935 4.82464 25.15
    endloop
  endfacet
  facet normal 0 0 1
    outer loop
      vertex 16.927 4.88832 25.15
      vertex 17.0983 5.51857 25.15
      vertex 17.061 5.52545 25.15
    endloop
  endfacet
  facet normal 0 0 1
    outer loop
      vertex 17.3092 5.46606 25.15
      vertex 17.0586 4.84057 25.15
      vertex 17.0762 4.83273 25.15
    endloop
  endfacet
  facet normal 0 0 1
    outer loop
      vertex 17.2755 5.47604 25.15
      vertex 17.0407 4.84816 25.15
      vertex 17.0586 4.84057 25.15
    endloop
  endfacet
  facet normal 0 0 1
    outer loop
      vertex 16.907 4.89407 25.15
      vertex 17.061 5.52545 25.15
      vertex 17.0231 5.5318 25.15
    endloop
  endfacet
  facet normal 0 0 1
    outer loop
      vertex 17.2412 5.48555 25.15
      vertex 17.0225 4.8555 25.15
      vertex 17.0407 4.84816 25.15
    endloop
  endfacet
  facet normal 0 0 1
    outer loop
      vertex 17.2064 5.4946 25.15
      vertex 17.004 4.86256 25.15
      vertex 17.0225 4.8555 25.15
    endloop
  endfacet
  facet normal 0 0 1
    outer loop
      vertex 17.171 5.50314 25.15
      vertex 16.9852 4.86938 25.15
      vertex 17.004 4.86256 25.15
    endloop
  endfacet
  facet normal 0 0 1
    outer loop
      vertex 16.8867 4.89946 25.15
      vertex 17.0231 5.5318 25.15
      vertex 16.9846 5.53758 25.15
    endloop
  endfacet
  facet normal 0 0 1
    outer loop
      vertex 17.135 5.51114 25.15
      vertex 16.9661 4.87596 25.15
      vertex 16.9852 4.86938 25.15
    endloop
  endfacet
  facet normal 0 0 1
    outer loop
      vertex 17.135 5.51114 25.15
      vertex 16.9467 4.88226 25.15
      vertex 16.9661 4.87596 25.15
    endloop
  endfacet
  facet normal 0 0 1
    outer loop
      vertex 16.866 4.90446 25.15
      vertex 16.9846 5.53758 25.15
      vertex 16.9454 5.54281 25.15
    endloop
  endfacet
  facet normal 0 0 1
    outer loop
      vertex 17.0983 5.51857 25.15
      vertex 16.927 4.88832 25.15
      vertex 16.9467 4.88226 25.15
    endloop
  endfacet
  facet normal 0 0 1
    outer loop
      vertex 17.061 5.52545 25.15
      vertex 16.907 4.89407 25.15
      vertex 16.927 4.88832 25.15
    endloop
  endfacet
  facet normal 0 0 1
    outer loop
      vertex 16.8235 4.91336 25.15
      vertex 16.9454 5.54281 25.15
      vertex 16.9057 5.5475 25.15
    endloop
  endfacet
  facet normal 0 0 1
    outer loop
      vertex 17.0231 5.5318 25.15
      vertex 16.8867 4.89946 25.15
      vertex 16.907 4.89407 25.15
    endloop
  endfacet
  facet normal 0 0 1
    outer loop
      vertex 16.9846 5.53758 25.15
      vertex 16.866 4.90446 25.15
      vertex 16.8867 4.89946 25.15
    endloop
  endfacet
  facet normal 0 0 1
    outer loop
      vertex 16.8017 4.91725 25.15
      vertex 16.9057 5.5475 25.15
      vertex 16.8653 5.55162 25.15
    endloop
  endfacet
  facet normal 0 0 1
    outer loop
      vertex 16.9454 5.54281 25.15
      vertex 16.8449 4.9091 25.15
      vertex 16.866 4.90446 25.15
    endloop
  endfacet
  facet normal 0 0 1
    outer loop
      vertex 16.7796 4.92077 25.15
      vertex 16.8653 5.55162 25.15
      vertex 16.8242 5.5552 25.15
    endloop
  endfacet
  facet normal 0 0 1
    outer loop
      vertex 16.9454 5.54281 25.15
      vertex 16.8235 4.91336 25.15
      vertex 16.8449 4.9091 25.15
    endloop
  endfacet
  facet normal 0 0 1
    outer loop
      vertex 16.9057 5.5475 25.15
      vertex 16.8017 4.91725 25.15
      vertex 16.8235 4.91336 25.15
    endloop
  endfacet
  facet normal 0 0 1
    outer loop
      vertex 16.7344 4.92671 25.15
      vertex 16.8242 5.5552 25.15
      vertex 16.7826 5.55824 25.15
    endloop
  endfacet
  facet normal 0 0 1
    outer loop
      vertex 16.8653 5.55162 25.15
      vertex 16.7796 4.92077 25.15
      vertex 16.8017 4.91725 25.15
    endloop
  endfacet
  facet normal 0 0 1
    outer loop
      vertex 16.8242 5.5552 25.15
      vertex 16.7572 4.92393 25.15
      vertex 16.7796 4.92077 25.15
    endloop
  endfacet
  facet normal 0 0 1
    outer loop
      vertex 16.7112 4.92912 25.15
      vertex 16.7826 5.55824 25.15
      vertex 16.7403 5.56071 25.15
    endloop
  endfacet
  facet normal 0 0 1
    outer loop
      vertex 16.8242 5.5552 25.15
      vertex 16.7344 4.92671 25.15
      vertex 16.7572 4.92393 25.15
    endloop
  endfacet
  facet normal 0 0 1
    outer loop
      vertex 16.7826 5.55824 25.15
      vertex 16.7112 4.92912 25.15
      vertex 16.7344 4.92671 25.15
    endloop
  endfacet
  facet normal 0 0 1
    outer loop
      vertex 16.6877 4.93116 25.15
      vertex 16.7403 5.56071 25.15
      vertex 16.6974 5.56265 25.15
    endloop
  endfacet
  facet normal 0 0 1
    outer loop
      vertex 16.7403 5.56071 25.15
      vertex 16.6877 4.93116 25.15
      vertex 16.7112 4.92912 25.15
    endloop
  endfacet
  facet normal 0 0 1
    outer loop
      vertex 16.6974 5.56265 25.15
      vertex 16.6638 4.93283 25.15
      vertex 16.6877 4.93116 25.15
    endloop
  endfacet
  facet normal 0 0 1
    outer loop
      vertex 16.6539 5.56402 25.15
      vertex 16.6638 4.93283 25.15
      vertex 16.6974 5.56265 25.15
    endloop
  endfacet
  facet normal 0 0 1
    outer loop
      vertex 16.6539 5.56402 25.15
      vertex 16.6396 4.93414 25.15
      vertex 16.6638 4.93283 25.15
    endloop
  endfacet
  facet normal 0 0 1
    outer loop
      vertex 16.6539 5.56402 25.15
      vertex 16.6151 4.93506 25.15
      vertex 16.6396 4.93414 25.15
    endloop
  endfacet
  facet normal 0 0 1
    outer loop
      vertex 16.6097 5.56485 25.15
      vertex 16.6151 4.93506 25.15
      vertex 16.6539 5.56402 25.15
    endloop
  endfacet
  facet normal 0 0 1
    outer loop
      vertex 16.6097 5.56485 25.15
      vertex 16.5902 4.93562 25.15
      vertex 16.6151 4.93506 25.15
    endloop
  endfacet
  facet normal 0 0 1
    outer loop
      vertex 16.5649 5.56512 25.15
      vertex 16.5902 4.93562 25.15
      vertex 16.6097 5.56485 25.15
    endloop
  endfacet
  facet normal 0 0 1
    outer loop
      vertex 16.5649 5.56512 25.15
      vertex 16.5649 4.9358 25.15
      vertex 16.5902 4.93562 25.15
    endloop
  endfacet
  facet normal 0 0 1
    outer loop
      vertex 16.5649 5.56512 25.15
      vertex 16.5279 4.93544 25.15
      vertex 16.5649 4.9358 25.15
    endloop
  endfacet
  facet normal -0 0 1
    outer loop
      vertex 16.5034 5.56459 25.15
      vertex 16.5279 4.93544 25.15
      vertex 16.5649 5.56512 25.15
    endloop
  endfacet
  facet normal 0 0 1
    outer loop
      vertex 16.5034 5.56459 25.15
      vertex 16.4916 4.93434 25.15
      vertex 16.5279 4.93544 25.15
    endloop
  endfacet
  facet normal -0 0 1
    outer loop
      vertex 16.4428 5.56299 25.15
      vertex 16.4916 4.93434 25.15
      vertex 16.5034 5.56459 25.15
    endloop
  endfacet
  facet normal 0 0 1
    outer loop
      vertex 16.4916 4.93434 25.15
      vertex 16.4428 5.56299 25.15
      vertex 16.4559 4.93251 25.15
    endloop
  endfacet
  facet normal -0 0 1
    outer loop
      vertex 16.3833 5.5603 25.15
      vertex 16.4559 4.93251 25.15
      vertex 16.4428 5.56299 25.15
    endloop
  endfacet
  facet normal 0 0 1
    outer loop
      vertex 16.4559 4.93251 25.15
      vertex 16.3833 5.5603 25.15
      vertex 16.4208 4.92996 25.15
    endloop
  endfacet
  facet normal 0 0 1
    outer loop
      vertex 16.4208 4.92996 25.15
      vertex 16.3833 5.5603 25.15
      vertex 16.3864 4.92666 25.15
    endloop
  endfacet
  facet normal -0 0 1
    outer loop
      vertex 16.3248 5.55656 25.15
      vertex 16.3864 4.92666 25.15
      vertex 16.3833 5.5603 25.15
    endloop
  endfacet
  facet normal 0 0 1
    outer loop
      vertex 16.3864 4.92666 25.15
      vertex 16.3248 5.55656 25.15
      vertex 16.3526 4.92264 25.15
    endloop
  endfacet
  facet normal -0 0 1
    outer loop
      vertex 16.2672 5.55174 25.15
      vertex 16.3526 4.92264 25.15
      vertex 16.3248 5.55656 25.15
    endloop
  endfacet
  facet normal 0 0 1
    outer loop
      vertex 16.3526 4.92264 25.15
      vertex 16.2672 5.55174 25.15
      vertex 16.3194 4.91789 25.15
    endloop
  endfacet
  facet normal -0 0 1
    outer loop
      vertex 16.2107 5.54585 25.15
      vertex 16.3194 4.91789 25.15
      vertex 16.2672 5.55174 25.15
    endloop
  endfacet
  facet normal 0 0 1
    outer loop
      vertex 16.3194 4.91789 25.15
      vertex 16.2107 5.54585 25.15
      vertex 16.2869 4.9124 25.15
    endloop
  endfacet
  facet normal -0 0 1
    outer loop
      vertex 16.1552 5.53891 25.15
      vertex 16.2869 4.9124 25.15
      vertex 16.2107 5.54585 25.15
    endloop
  endfacet
  facet normal 0 0 1
    outer loop
      vertex 16.2869 4.9124 25.15
      vertex 16.1552 5.53891 25.15
      vertex 16.255 4.90619 25.15
    endloop
  endfacet
  facet normal -0 0 1
    outer loop
      vertex 16.1007 5.53087 25.15
      vertex 16.255 4.90619 25.15
      vertex 16.1552 5.53891 25.15
    endloop
  endfacet
  facet normal 0 0 1
    outer loop
      vertex 16.255 4.90619 25.15
      vertex 16.1007 5.53087 25.15
      vertex 16.2237 4.89924 25.15
    endloop
  endfacet
  facet normal 0 0 1
    outer loop
      vertex 16.2237 4.89924 25.15
      vertex 16.1007 5.53087 25.15
      vertex 16.1931 4.89157 25.15
    endloop
  endfacet
  facet normal -0 0 1
    outer loop
      vertex 16.0472 5.52177 25.15
      vertex 16.1931 4.89157 25.15
      vertex 16.1007 5.53087 25.15
    endloop
  endfacet
  facet normal 0 0 1
    outer loop
      vertex 16.1931 4.89157 25.15
      vertex 16.0472 5.52177 25.15
      vertex 16.1631 4.88315 25.15
    endloop
  endfacet
  facet normal -0 0 1
    outer loop
      vertex 15.9948 5.51161 25.15
      vertex 16.1631 4.88315 25.15
      vertex 16.0472 5.52177 25.15
    endloop
  endfacet
  facet normal 0 0 1
    outer loop
      vertex 16.1631 4.88315 25.15
      vertex 15.9948 5.51161 25.15
      vertex 16.1338 4.87401 25.15
    endloop
  endfacet
  facet normal -0 0 1
    outer loop
      vertex 15.9433 5.50036 25.15
      vertex 16.1338 4.87401 25.15
      vertex 15.9948 5.51161 25.15
    endloop
  endfacet
  facet normal 0 0 1
    outer loop
      vertex 16.1338 4.87401 25.15
      vertex 15.9433 5.50036 25.15
      vertex 16.1051 4.86413 25.15
    endloop
  endfacet
  facet normal -0 0 1
    outer loop
      vertex 15.8928 5.48806 25.15
      vertex 16.1051 4.86413 25.15
      vertex 15.9433 5.50036 25.15
    endloop
  endfacet
  facet normal 0 0 1
    outer loop
      vertex 16.1051 4.86413 25.15
      vertex 15.8928 5.48806 25.15
      vertex 16.077 4.85354 25.15
    endloop
  endfacet
  facet normal -0 0 1
    outer loop
      vertex 15.8433 5.47468 25.15
      vertex 16.077 4.85354 25.15
      vertex 15.8928 5.48806 25.15
    endloop
  endfacet
  facet normal 0 0 1
    outer loop
      vertex 16.077 4.85354 25.15
      vertex 15.8433 5.47468 25.15
      vertex 16.0496 4.84221 25.15
    endloop
  endfacet
  facet normal -0 0 1
    outer loop
      vertex 15.7949 5.46023 25.15
      vertex 16.0496 4.84221 25.15
      vertex 15.8433 5.47468 25.15
    endloop
  endfacet
  facet normal 0 0 1
    outer loop
      vertex 16.0496 4.84221 25.15
      vertex 15.7949 5.46023 25.15
      vertex 16.0227 4.8302 25.15
    endloop
  endfacet
  facet normal -0 0 1
    outer loop
      vertex 15.7474 5.44471 25.15
      vertex 16.0227 4.8302 25.15
      vertex 15.7949 5.46023 25.15
    endloop
  endfacet
  facet normal 0 0 1
    outer loop
      vertex 16.0227 4.8302 25.15
      vertex 15.7474 5.44471 25.15
      vertex 15.9965 4.81756 25.15
    endloop
  endfacet
  facet normal -0 0 1
    outer loop
      vertex 15.701 5.42813 25.15
      vertex 15.9965 4.81756 25.15
      vertex 15.7474 5.44471 25.15
    endloop
  endfacet
  facet normal 0 0 1
    outer loop
      vertex 15.9965 4.81756 25.15
      vertex 15.701 5.42813 25.15
      vertex 15.9709 4.8043 25.15
    endloop
  endfacet
  facet normal -0 0 1
    outer loop
      vertex 15.6555 5.41055 25.15
      vertex 15.9709 4.8043 25.15
      vertex 15.701 5.42813 25.15
    endloop
  endfacet
  facet normal 0 0 1
    outer loop
      vertex 15.9709 4.8043 25.15
      vertex 15.6555 5.41055 25.15
      vertex 15.9458 4.79042 25.15
    endloop
  endfacet
  facet normal -0 0 1
    outer loop
      vertex 15.611 5.39206 25.15
      vertex 15.9458 4.79042 25.15
      vertex 15.6555 5.41055 25.15
    endloop
  endfacet
  facet normal 0 0 1
    outer loop
      vertex 15.9458 4.79042 25.15
      vertex 15.611 5.39206 25.15
      vertex 15.9213 4.77591 25.15
    endloop
  endfacet
  facet normal -0 0 1
    outer loop
      vertex 15.5675 5.37266 25.15
      vertex 15.9213 4.77591 25.15
      vertex 15.611 5.39206 25.15
    endloop
  endfacet
  facet normal 0 0 1
    outer loop
      vertex 15.9213 4.77591 25.15
      vertex 15.5675 5.37266 25.15
      vertex 15.8975 4.76077 25.15
    endloop
  endfacet
  facet normal -0 0 1
    outer loop
      vertex 15.525 5.35235 25.15
      vertex 15.8975 4.76077 25.15
      vertex 15.5675 5.37266 25.15
    endloop
  endfacet
  facet normal 0 0 1
    outer loop
      vertex 15.8975 4.76077 25.15
      vertex 15.525 5.35235 25.15
      vertex 15.8742 4.74502 25.15
    endloop
  endfacet
  facet normal -0 0 1
    outer loop
      vertex 15.4834 5.33113 25.15
      vertex 15.8742 4.74502 25.15
      vertex 15.525 5.35235 25.15
    endloop
  endfacet
  facet normal 0 0 1
    outer loop
      vertex 15.8742 4.74502 25.15
      vertex 15.4834 5.33113 25.15
      vertex 15.8515 4.72863 25.15
    endloop
  endfacet
  facet normal -0 0 1
    outer loop
      vertex 15.4429 5.30899 25.15
      vertex 15.8515 4.72863 25.15
      vertex 15.4834 5.33113 25.15
    endloop
  endfacet
  facet normal 0 0 1
    outer loop
      vertex 15.8515 4.72863 25.15
      vertex 15.4429 5.30899 25.15
      vertex 15.8295 4.71162 25.15
    endloop
  endfacet
  facet normal -0 0 1
    outer loop
      vertex 15.4033 5.28595 25.15
      vertex 15.8295 4.71162 25.15
      vertex 15.4429 5.30899 25.15
    endloop
  endfacet
  facet normal 0 0 1
    outer loop
      vertex 15.8295 4.71162 25.15
      vertex 15.4033 5.28595 25.15
      vertex 15.808 4.69398 25.15
    endloop
  endfacet
  facet normal -0 0 1
    outer loop
      vertex 15.3646 5.26199 25.15
      vertex 15.808 4.69398 25.15
      vertex 15.4033 5.28595 25.15
    endloop
  endfacet
  facet normal 0 0 1
    outer loop
      vertex 15.808 4.69398 25.15
      vertex 15.3646 5.26199 25.15
      vertex 15.7871 4.67573 25.15
    endloop
  endfacet
  facet normal -0 0 1
    outer loop
      vertex 15.327 5.23712 25.15
      vertex 15.7871 4.67573 25.15
      vertex 15.3646 5.26199 25.15
    endloop
  endfacet
  facet normal 0 0 1
    outer loop
      vertex 15.7871 4.67573 25.15
      vertex 15.327 5.23712 25.15
      vertex 15.7668 4.65684 25.15
    endloop
  endfacet
  facet normal -0 0 1
    outer loop
      vertex 15.2903 5.21135 25.15
      vertex 15.7668 4.65684 25.15
      vertex 15.327 5.23712 25.15
    endloop
  endfacet
  facet normal 0 0 1
    outer loop
      vertex 15.7668 4.65684 25.15
      vertex 15.2903 5.21135 25.15
      vertex 15.7471 4.63733 25.15
    endloop
  endfacet
  facet normal -0 0 1
    outer loop
      vertex 15.2546 5.18466 25.15
      vertex 15.7471 4.63733 25.15
      vertex 15.2903 5.21135 25.15
    endloop
  endfacet
  facet normal 0 0 1
    outer loop
      vertex 15.7471 4.63733 25.15
      vertex 15.2546 5.18466 25.15
      vertex 15.7279 4.61718 25.15
    endloop
  endfacet
  facet normal -0 0 1
    outer loop
      vertex 15.2198 5.15706 25.15
      vertex 15.7279 4.61718 25.15
      vertex 15.2546 5.18466 25.15
    endloop
  endfacet
  facet normal -0 0 1
    outer loop
      vertex 15.1861 5.12854 25.15
      vertex 15.7279 4.61718 25.15
      vertex 15.2198 5.15706 25.15
    endloop
  endfacet
  facet normal 0 0 1
    outer loop
      vertex 15.7279 4.61718 25.15
      vertex 15.1861 5.12854 25.15
      vertex 15.7094 4.59643 25.15
    endloop
  endfacet
  facet normal -0 0 1
    outer loop
      vertex 15.1533 5.0991 25.15
      vertex 15.7094 4.59643 25.15
      vertex 15.1861 5.12854 25.15
    endloop
  endfacet
  facet normal 0 0 1
    outer loop
      vertex 15.7094 4.59643 25.15
      vertex 15.1533 5.0991 25.15
      vertex 15.6915 4.57504 25.15
    endloop
  endfacet
  facet normal -0 0 1
    outer loop
      vertex 15.1215 5.06877 25.15
      vertex 15.6915 4.57504 25.15
      vertex 15.1533 5.0991 25.15
    endloop
  endfacet
  facet normal 0 0 1
    outer loop
      vertex 15.6915 4.57504 25.15
      vertex 15.1215 5.06877 25.15
      vertex 15.6741 4.55307 25.15
    endloop
  endfacet
  facet normal -0 0 1
    outer loop
      vertex 15.0907 5.03752 25.15
      vertex 15.6741 4.55307 25.15
      vertex 15.1215 5.06877 25.15
    endloop
  endfacet
  facet normal 0 0 1
    outer loop
      vertex 15.6741 4.55307 25.15
      vertex 15.0907 5.03752 25.15
      vertex 15.6574 4.53056 25.15
    endloop
  endfacet
  facet normal -0 0 1
    outer loop
      vertex 15.0608 5.0054 25.15
      vertex 15.6574 4.53056 25.15
      vertex 15.0907 5.03752 25.15
    endloop
  endfacet
  facet normal 0 0 1
    outer loop
      vertex 15.6574 4.53056 25.15
      vertex 15.0608 5.0054 25.15
      vertex 15.6412 4.5075 25.15
    endloop
  endfacet
  facet normal -0 0 1
    outer loop
      vertex 15.0319 4.97246 25.15
      vertex 15.6412 4.5075 25.15
      vertex 15.0608 5.0054 25.15
    endloop
  endfacet
  facet normal 0 0 1
    outer loop
      vertex 15.6412 4.5075 25.15
      vertex 15.0319 4.97246 25.15
      vertex 15.6255 4.48391 25.15
    endloop
  endfacet
  facet normal -0 0 1
    outer loop
      vertex 15.004 4.93866 25.15
      vertex 15.6255 4.48391 25.15
      vertex 15.0319 4.97246 25.15
    endloop
  endfacet
  facet normal -0 0 1
    outer loop
      vertex 14.977 4.90402 25.15
      vertex 15.6255 4.48391 25.15
      vertex 15.004 4.93866 25.15
    endloop
  endfacet
  facet normal 0 0 1
    outer loop
      vertex 15.6255 4.48391 25.15
      vertex 14.977 4.90402 25.15
      vertex 15.6105 4.45979 25.15
    endloop
  endfacet
  facet normal -0 0 1
    outer loop
      vertex 14.951 4.86856 25.15
      vertex 15.6105 4.45979 25.15
      vertex 14.977 4.90402 25.15
    endloop
  endfacet
  facet normal 0 0 1
    outer loop
      vertex 15.6105 4.45979 25.15
      vertex 14.951 4.86856 25.15
      vertex 15.596 4.43512 25.15
    endloop
  endfacet
  facet normal -0 0 1
    outer loop
      vertex 14.926 4.83226 25.15
      vertex 15.596 4.43512 25.15
      vertex 14.951 4.86856 25.15
    endloop
  endfacet
  facet normal 0 0 1
    outer loop
      vertex 15.596 4.43512 25.15
      vertex 14.926 4.83226 25.15
      vertex 15.5821 4.40991 25.15
    endloop
  endfacet
  facet normal -0 0 1
    outer loop
      vertex 14.9019 4.79512 25.15
      vertex 15.5821 4.40991 25.15
      vertex 14.926 4.83226 25.15
    endloop
  endfacet
  facet normal 0 0 1
    outer loop
      vertex 15.5821 4.40991 25.15
      vertex 14.9019 4.79512 25.15
      vertex 15.5687 4.38415 25.15
    endloop
  endfacet
  facet normal -0 0 1
    outer loop
      vertex 14.8788 4.75714 25.15
      vertex 15.5687 4.38415 25.15
      vertex 14.9019 4.79512 25.15
    endloop
  endfacet
  facet normal 0 0 1
    outer loop
      vertex 15.5687 4.38415 25.15
      vertex 14.8788 4.75714 25.15
      vertex 15.556 4.35786 25.15
    endloop
  endfacet
  facet normal -0 0 1
    outer loop
      vertex 14.8566 4.71832 25.15
      vertex 15.556 4.35786 25.15
      vertex 14.8788 4.75714 25.15
    endloop
  endfacet
  facet normal -0 0 1
    outer loop
      vertex 14.8354 4.67866 25.15
      vertex 15.556 4.35786 25.15
      vertex 14.8566 4.71832 25.15
    endloop
  endfacet
  facet normal 0 0 1
    outer loop
      vertex 15.556 4.35786 25.15
      vertex 14.8354 4.67866 25.15
      vertex 15.5438 4.33102 25.15
    endloop
  endfacet
  facet normal -0 0 1
    outer loop
      vertex 14.8152 4.63817 25.15
      vertex 15.5438 4.33102 25.15
      vertex 14.8354 4.67866 25.15
    endloop
  endfacet
  facet normal -0 0 1
    outer loop
      vertex 14.7959 4.59684 25.15
      vertex 15.5322 4.30365 25.15
      vertex 14.8152 4.63817 25.15
    endloop
  endfacet
  facet normal 0 0 1
    outer loop
      vertex 15.5438 4.33102 25.15
      vertex 14.8152 4.63817 25.15
      vertex 15.5322 4.30365 25.15
    endloop
  endfacet
  facet normal 0 0 1
    outer loop
      vertex 15.5322 4.30365 25.15
      vertex 14.7959 4.59684 25.15
      vertex 15.5211 4.27574 25.15
    endloop
  endfacet
  facet normal -0 0 1
    outer loop
      vertex 14.7776 4.55468 25.15
      vertex 15.5211 4.27574 25.15
      vertex 14.7959 4.59684 25.15
    endloop
  endfacet
  facet normal 0 0 1
    outer loop
      vertex 15.5211 4.27574 25.15
      vertex 14.7776 4.55468 25.15
      vertex 15.5106 4.24728 25.15
    endloop
  endfacet
  facet normal -0 0 1
    outer loop
      vertex 14.7603 4.51169 25.15
      vertex 15.5106 4.24728 25.15
      vertex 14.7776 4.55468 25.15
    endloop
  endfacet
  facet normal 0 0 1
    outer loop
      vertex 15.5106 4.24728 25.15
      vertex 14.7603 4.51169 25.15
      vertex 15.5007 4.21829 25.15
    endloop
  endfacet
  facet normal -0 0 1
    outer loop
      vertex 14.744 4.46783 25.15
      vertex 15.5007 4.21829 25.15
      vertex 14.7603 4.51169 25.15
    endloop
  endfacet
  facet normal 0 0 1
    outer loop
      vertex 15.5007 4.21829 25.15
      vertex 14.744 4.46783 25.15
      vertex 15.4914 4.18876 25.15
    endloop
  endfacet
  facet normal -0 0 1
    outer loop
      vertex 14.7286 4.42317 25.15
      vertex 15.4914 4.18876 25.15
      vertex 14.744 4.46783 25.15
    endloop
  endfacet
  facet normal 0 0 1
    outer loop
      vertex 15.4914 4.18876 25.15
      vertex 14.7286 4.42317 25.15
      vertex 15.4826 4.15869 25.15
    endloop
  endfacet
  facet normal -0 0 1
    outer loop
      vertex 14.7141 4.37773 25.15
      vertex 15.4826 4.15869 25.15
      vertex 14.7286 4.42317 25.15
    endloop
  endfacet
  facet normal 0 0 1
    outer loop
      vertex 15.4826 4.15869 25.15
      vertex 14.7141 4.37773 25.15
      vertex 15.4744 4.12811 25.15
    endloop
  endfacet
  facet normal -0 0 1
    outer loop
      vertex 14.7006 4.33162 25.15
      vertex 15.4744 4.12811 25.15
      vertex 14.7141 4.37773 25.15
    endloop
  endfacet
  facet normal 0 0 1
    outer loop
      vertex 15.4744 4.12811 25.15
      vertex 14.7006 4.33162 25.15
      vertex 15.4668 4.09709 25.15
    endloop
  endfacet
  facet normal -0 0 1
    outer loop
      vertex 14.688 4.28483 25.15
      vertex 15.4668 4.09709 25.15
      vertex 14.7006 4.33162 25.15
    endloop
  endfacet
  facet normal 0 0 1
    outer loop
      vertex 15.4668 4.09709 25.15
      vertex 14.688 4.28483 25.15
      vertex 15.4596 4.06559 25.15
    endloop
  endfacet
  facet normal -0 0 1
    outer loop
      vertex 14.6763 4.23736 25.15
      vertex 15.4596 4.06559 25.15
      vertex 14.688 4.28483 25.15
    endloop
  endfacet
  facet normal 0 0 1
    outer loop
      vertex 15.4596 4.06559 25.15
      vertex 14.6763 4.23736 25.15
      vertex 15.453 4.03366 25.15
    endloop
  endfacet
  facet normal -0 0 1
    outer loop
      vertex 14.6656 4.18921 25.15
      vertex 15.453 4.03366 25.15
      vertex 14.6763 4.23736 25.15
    endloop
  endfacet
  facet normal 0 0 1
    outer loop
      vertex 15.453 4.03366 25.15
      vertex 14.6656 4.18921 25.15
      vertex 15.4469 4.00126 25.15
    endloop
  endfacet
  facet normal -0 0 1
    outer loop
      vertex 14.6558 4.14039 25.15
      vertex 15.4469 4.00126 25.15
      vertex 14.6656 4.18921 25.15
    endloop
  endfacet
  facet normal 0 0 1
    outer loop
      vertex 15.4469 4.00126 25.15
      vertex 14.6558 4.14039 25.15
      vertex 15.4413 3.96841 25.15
    endloop
  endfacet
  facet normal -0 0 1
    outer loop
      vertex 14.647 4.09088 25.15
      vertex 15.4413 3.96841 25.15
      vertex 14.6558 4.14039 25.15
    endloop
  endfacet
  facet normal 0 0 1
    outer loop
      vertex 15.4413 3.96841 25.15
      vertex 14.647 4.09088 25.15
      vertex 15.4363 3.9351 25.15
    endloop
  endfacet
  facet normal -0 0 1
    outer loop
      vertex 14.639 4.04071 25.15
      vertex 15.4363 3.9351 25.15
      vertex 14.647 4.09088 25.15
    endloop
  endfacet
  facet normal 0 0 1
    outer loop
      vertex 15.4363 3.9351 25.15
      vertex 14.639 4.04071 25.15
      vertex 15.4318 3.90135 25.15
    endloop
  endfacet
  facet normal -0 0 1
    outer loop
      vertex 14.632 3.98985 25.15
      vertex 15.4318 3.90135 25.15
      vertex 14.639 4.04071 25.15
    endloop
  endfacet
  facet normal 0 0 1
    outer loop
      vertex 15.4318 3.90135 25.15
      vertex 14.632 3.98985 25.15
      vertex 15.4278 3.86712 25.15
    endloop
  endfacet
  facet normal 0 0 1
    outer loop
      vertex 15.6137 2.75712 25.15
      vertex 15 2.75 25.15
      vertex 15.6181 2.75 25.15
    endloop
  endfacet
  facet normal 0 0 1
    outer loop
      vertex 15.5991 2.78253 25.15
      vertex 15 2.75 25.15
      vertex 15.6137 2.75712 25.15
    endloop
  endfacet
  facet normal 0 0 1
    outer loop
      vertex 15.585 2.80848 25.15
      vertex 15 2.75 25.15
      vertex 15.5991 2.78253 25.15
    endloop
  endfacet
  facet normal 0 0 1
    outer loop
      vertex 15.5715 2.835 25.15
      vertex 15 2.75 25.15
      vertex 15.585 2.80848 25.15
    endloop
  endfacet
  facet normal 0 0 1
    outer loop
      vertex 15.5585 2.86206 25.15
      vertex 15 2.75 25.15
      vertex 15.5715 2.835 25.15
    endloop
  endfacet
  facet normal 0 0 1
    outer loop
      vertex 15.5462 2.88968 25.15
      vertex 15 2.75 25.15
      vertex 15.5585 2.86206 25.15
    endloop
  endfacet
  facet normal 0 0 1
    outer loop
      vertex 15.5344 2.91783 25.15
      vertex 15 2.75 25.15
      vertex 15.5462 2.88968 25.15
    endloop
  endfacet
  facet normal 0 0 1
    outer loop
      vertex 15.5231 2.94655 25.15
      vertex 15 2.75 25.15
      vertex 15.5344 2.91783 25.15
    endloop
  endfacet
  facet normal 0 0 1
    outer loop
      vertex 15.5125 2.97581 25.15
      vertex 15 2.75 25.15
      vertex 15.5231 2.94655 25.15
    endloop
  endfacet
  facet normal 0 0 1
    outer loop
      vertex 15.5024 3.00561 25.15
      vertex 15 2.75 25.15
      vertex 15.5125 2.97581 25.15
    endloop
  endfacet
  facet normal 0 0 1
    outer loop
      vertex 15.4929 3.03598 25.15
      vertex 15 2.75 25.15
      vertex 15.5024 3.00561 25.15
    endloop
  endfacet
  facet normal 0 0 1
    outer loop
      vertex 15.484 3.06689 25.15
      vertex 15 2.75 25.15
      vertex 15.4929 3.03598 25.15
    endloop
  endfacet
  facet normal 0 0 1
    outer loop
      vertex 15.4756 3.09828 25.15
      vertex 15 2.75 25.15
      vertex 15.484 3.06689 25.15
    endloop
  endfacet
  facet normal -0 0 1
    outer loop
      vertex 14.626 3.93831 25.15
      vertex 15.4278 3.86712 25.15
      vertex 14.632 3.98985 25.15
    endloop
  endfacet
  facet normal 0 0 1
    outer loop
      vertex 15 2.75 25.15
      vertex 14.9862 2.2948 25.15
      vertex 15 2.27693 25.15
    endloop
  endfacet
  facet normal 0 0 1
    outer loop
      vertex 15.4278 3.86712 25.15
      vertex 14.626 3.93831 25.15
      vertex 15.4244 3.83246 25.15
    endloop
  endfacet
  facet normal -0 0 1
    outer loop
      vertex 14.6208 3.88609 25.15
      vertex 15.4244 3.83246 25.15
      vertex 14.626 3.93831 25.15
    endloop
  endfacet
  facet normal 0 0 1
    outer loop
      vertex 15 2.75 25.15
      vertex 14.9601 2.33056 25.15
      vertex 14.9862 2.2948 25.15
    endloop
  endfacet
  facet normal 0 0 1
    outer loop
      vertex 15.4244 3.83246 25.15
      vertex 14.6208 3.88609 25.15
      vertex 15.4215 3.79731 25.15
    endloop
  endfacet
  facet normal 0 0 1
    outer loop
      vertex 15 2.75 25.15
      vertex 14.9349 2.36711 25.15
      vertex 14.9601 2.33056 25.15
    endloop
  endfacet
  facet normal -0 0 1
    outer loop
      vertex 14.6167 3.8332 25.15
      vertex 15.4215 3.79731 25.15
      vertex 14.6208 3.88609 25.15
    endloop
  endfacet
  facet normal 0 0 1
    outer loop
      vertex 15 2.75 25.15
      vertex 14.9107 2.40442 25.15
      vertex 14.9349 2.36711 25.15
    endloop
  endfacet
  facet normal 0 0 1
    outer loop
      vertex 15.4215 3.79731 25.15
      vertex 14.6167 3.8332 25.15
      vertex 15.4191 3.76173 25.15
    endloop
  endfacet
  facet normal 0 0 1
    outer loop
      vertex 15 2.75 25.15
      vertex 14.8875 2.4425 25.15
      vertex 14.9107 2.40442 25.15
    endloop
  endfacet
  facet normal -0 0 1
    outer loop
      vertex 14.6134 3.77963 25.15
      vertex 15.4191 3.76173 25.15
      vertex 14.6167 3.8332 25.15
    endloop
  endfacet
  facet normal 0 0 1
    outer loop
      vertex 15 2.75 25.15
      vertex 14.8652 2.48137 25.15
      vertex 14.8875 2.4425 25.15
    endloop
  endfacet
  facet normal 0 0 1
    outer loop
      vertex 15.4191 3.76173 25.15
      vertex 14.6134 3.77963 25.15
      vertex 15.4172 3.72569 25.15
    endloop
  endfacet
  facet normal 0 0 1
    outer loop
      vertex 15 2.75 25.15
      vertex 14.8439 2.52101 25.15
      vertex 14.8652 2.48137 25.15
    endloop
  endfacet
  facet normal 0 0 1
    outer loop
      vertex 14.6111 3.72537 25.15
      vertex 15.4172 3.72569 25.15
      vertex 14.6134 3.77963 25.15
    endloop
  endfacet
  facet normal 0 0 1
    outer loop
      vertex 15 2.75 25.15
      vertex 14.8235 2.56141 25.15
      vertex 14.8439 2.52101 25.15
    endloop
  endfacet
  facet normal 0 0 1
    outer loop
      vertex 15.4172 3.72569 25.15
      vertex 14.6111 3.72537 25.15
      vertex 15.4159 3.68921 25.15
    endloop
  endfacet
  facet normal 0 0 1
    outer loop
      vertex 15 2.75 25.15
      vertex 14.8042 2.6026 25.15
      vertex 14.8235 2.56141 25.15
    endloop
  endfacet
  facet normal 0 0 1
    outer loop
      vertex 14.6097 3.67045 25.15
      vertex 15.4159 3.68921 25.15
      vertex 14.6111 3.72537 25.15
    endloop
  endfacet
  facet normal 0 0 1
    outer loop
      vertex 15 2.75 25.15
      vertex 14.7858 2.64454 25.15
      vertex 14.8042 2.6026 25.15
    endloop
  endfacet
  facet normal 0 0 1
    outer loop
      vertex 15.4159 3.68921 25.15
      vertex 14.6097 3.67045 25.15
      vertex 15.4151 3.65225 25.15
    endloop
  endfacet
  facet normal 0 0 1
    outer loop
      vertex 15 2.75 25.15
      vertex 14.7683 2.68727 25.15
      vertex 14.7858 2.64454 25.15
    endloop
  endfacet
  facet normal 0 0 1
    outer loop
      vertex 15.4151 3.65225 25.15
      vertex 14.6097 3.67045 25.15
      vertex 15.4148 3.61485 25.15
    endloop
  endfacet
  facet normal 0 0 1
    outer loop
      vertex 15 2.75 25.15
      vertex 14.7518 2.73077 25.15
      vertex 14.7683 2.68727 25.15
    endloop
  endfacet
  facet normal 0 0 1
    outer loop
      vertex 14.6092 3.61485 25.15
      vertex 15.4148 3.61485 25.15
      vertex 14.6097 3.67045 25.15
    endloop
  endfacet
  facet normal 0 0 1
    outer loop
      vertex 15 2.75 25.15
      vertex 14.7363 2.77505 25.15
      vertex 14.7518 2.73077 25.15
    endloop
  endfacet
  facet normal 0 0 1
    outer loop
      vertex 15.4148 3.61485 25.15
      vertex 14.6092 3.61485 25.15
      vertex 15.4151 3.57774 25.15
    endloop
  endfacet
  facet normal 0 0 1
    outer loop
      vertex 15 2.75 25.15
      vertex 14.7218 2.8201 25.15
      vertex 14.7363 2.77505 25.15
    endloop
  endfacet
  facet normal 0 -0 1
    outer loop
      vertex 14.6096 3.5612 25.15
      vertex 15.4151 3.57774 25.15
      vertex 14.6092 3.61485 25.15
    endloop
  endfacet
  facet normal 0 0 1
    outer loop
      vertex 15 2.75 25.15
      vertex 14.7081 2.8658 25.15
      vertex 14.7218 2.8201 25.15
    endloop
  endfacet
  facet normal 0 0 1
    outer loop
      vertex 15.4151 3.57774 25.15
      vertex 14.6096 3.5612 25.15
      vertex 15.4159 3.54103 25.15
    endloop
  endfacet
  facet normal 0 0 1
    outer loop
      vertex 15 2.75 25.15
      vertex 14.6954 2.91203 25.15
      vertex 14.7081 2.8658 25.15
    endloop
  endfacet
  facet normal 0 -0 1
    outer loop
      vertex 14.6109 3.5081 25.15
      vertex 15.4159 3.54103 25.15
      vertex 14.6096 3.5612 25.15
    endloop
  endfacet
  facet normal 0 0 1
    outer loop
      vertex 15 2.75 25.15
      vertex 14.6835 2.95878 25.15
      vertex 14.6954 2.91203 25.15
    endloop
  endfacet
  facet normal 0 0 1
    outer loop
      vertex 15.4159 3.54103 25.15
      vertex 14.6109 3.5081 25.15
      vertex 15.4173 3.50468 25.15
    endloop
  endfacet
  facet normal 0 0 1
    outer loop
      vertex 15 2.75 25.15
      vertex 14.6725 3.00607 25.15
      vertex 14.6835 2.95878 25.15
    endloop
  endfacet
  facet normal 0 -0 1
    outer loop
      vertex 14.6132 3.45552 25.15
      vertex 15.4173 3.50468 25.15
      vertex 14.6109 3.5081 25.15
    endloop
  endfacet
  facet normal 0 0 1
    outer loop
      vertex 15 2.75 25.15
      vertex 14.6624 3.05389 25.15
      vertex 14.6725 3.00607 25.15
    endloop
  endfacet
  facet normal 0 0 1
    outer loop
      vertex 15.4173 3.50468 25.15
      vertex 14.6132 3.45552 25.15
      vertex 15.4192 3.46872 25.15
    endloop
  endfacet
  facet normal 0 0 1
    outer loop
      vertex 15.4475 3.22764 25.15
      vertex 15 2.75 25.15
      vertex 15.4537 3.19473 25.15
    endloop
  endfacet
  facet normal 0 -0 1
    outer loop
      vertex 14.6162 3.40345 25.15
      vertex 15.4192 3.46872 25.15
      vertex 14.6132 3.45552 25.15
    endloop
  endfacet
  facet normal 0 0 1
    outer loop
      vertex 15.4678 3.13005 25.15
      vertex 15 2.75 25.15
      vertex 15.4756 3.09828 25.15
    endloop
  endfacet
  facet normal 0 0 1
    outer loop
      vertex 15.4192 3.46872 25.15
      vertex 14.6162 3.40345 25.15
      vertex 15.4216 3.43313 25.15
    endloop
  endfacet
  facet normal 0 0 1
    outer loop
      vertex 15.4605 3.1622 25.15
      vertex 15 2.75 25.15
      vertex 15.4678 3.13005 25.15
    endloop
  endfacet
  facet normal 0 -0 1
    outer loop
      vertex 14.6202 3.35193 25.15
      vertex 15.4216 3.43313 25.15
      vertex 14.6162 3.40345 25.15
    endloop
  endfacet
  facet normal 0 0 1
    outer loop
      vertex 15.4537 3.19473 25.15
      vertex 15 2.75 25.15
      vertex 15.4605 3.1622 25.15
    endloop
  endfacet
  facet normal 0 0 1
    outer loop
      vertex 15.4216 3.43313 25.15
      vertex 14.6202 3.35193 25.15
      vertex 15.4246 3.39793 25.15
    endloop
  endfacet
  facet normal 0 -0 1
    outer loop
      vertex 15 2.75 25.15
      vertex 15.4475 3.22764 25.15
      vertex 14.6624 3.05389 25.15
    endloop
  endfacet
  facet normal 0 -0 1
    outer loop
      vertex 14.625 3.30093 25.15
      vertex 15.4246 3.39793 25.15
      vertex 14.6202 3.35193 25.15
    endloop
  endfacet
  facet normal 0 -0 1
    outer loop
      vertex 14.6624 3.05389 25.15
      vertex 15.4475 3.22764 25.15
      vertex 14.6532 3.10225 25.15
    endloop
  endfacet
  facet normal 0 0 1
    outer loop
      vertex 15.4246 3.39793 25.15
      vertex 14.625 3.30093 25.15
      vertex 15.4281 3.36311 25.15
    endloop
  endfacet
  facet normal 0 0 1
    outer loop
      vertex 15.4418 3.26094 25.15
      vertex 14.6532 3.10225 25.15
      vertex 15.4475 3.22764 25.15
    endloop
  endfacet
  facet normal 0 -0 1
    outer loop
      vertex 14.6307 3.25047 25.15
      vertex 15.4281 3.36311 25.15
      vertex 14.625 3.30093 25.15
    endloop
  endfacet
  facet normal 0 -0 1
    outer loop
      vertex 14.6532 3.10225 25.15
      vertex 15.4418 3.26094 25.15
      vertex 14.6448 3.15112 25.15
    endloop
  endfacet
  facet normal 0 0 1
    outer loop
      vertex 15.4281 3.36311 25.15
      vertex 14.6307 3.25047 25.15
      vertex 15.4321 3.32867 25.15
    endloop
  endfacet
  facet normal 0 0 1
    outer loop
      vertex 15.4367 3.29461 25.15
      vertex 14.6448 3.15112 25.15
      vertex 15.4418 3.26094 25.15
    endloop
  endfacet
  facet normal 0 -0 1
    outer loop
      vertex 14.6373 3.20053 25.15
      vertex 15.4321 3.32867 25.15
      vertex 14.6307 3.25047 25.15
    endloop
  endfacet
  facet normal 0 -0 1
    outer loop
      vertex 14.6448 3.15112 25.15
      vertex 15.4367 3.29461 25.15
      vertex 14.6373 3.20053 25.15
    endloop
  endfacet
  facet normal 0 0 1
    outer loop
      vertex 15.4321 3.32867 25.15
      vertex 14.6373 3.20053 25.15
      vertex 15.4367 3.29461 25.15
    endloop
  endfacet
  facet normal 0 0 1
    outer loop
      vertex 19.5357 1.70729 25.15
      vertex 19.8 2.31308 25.15
      vertex 19.7945 2.31592 25.15
    endloop
  endfacet
  facet normal 0 0 1
    outer loop
      vertex 19.8 2.31308 25.15
      vertex 19.7891 1.6476 25.15
      vertex 19.8 1.64607 25.15
    endloop
  endfacet
  facet normal 0 0 1
    outer loop
      vertex 19.5357 1.70729 25.15
      vertex 19.7945 2.31592 25.15
      vertex 19.7825 2.32255 25.15
    endloop
  endfacet
  facet normal 0 0 1
    outer loop
      vertex 19.5032 1.71878 25.15
      vertex 19.7825 2.32255 25.15
      vertex 19.7708 2.32946 25.15
    endloop
  endfacet
  facet normal 0 0 1
    outer loop
      vertex 19.4715 1.73089 25.15
      vertex 19.7708 2.32946 25.15
      vertex 19.7593 2.33662 25.15
    endloop
  endfacet
  facet normal 0 0 1
    outer loop
      vertex 19.8 2.31308 25.15
      vertex 19.7501 1.6539 25.15
      vertex 19.7891 1.6476 25.15
    endloop
  endfacet
  facet normal 0 0 1
    outer loop
      vertex 19.4406 1.74347 25.15
      vertex 19.7593 2.33662 25.15
      vertex 19.7481 2.34405 25.15
    endloop
  endfacet
  facet normal 0 0 1
    outer loop
      vertex 19.4103 1.75653 25.15
      vertex 19.7481 2.34405 25.15
      vertex 19.7371 2.35176 25.15
    endloop
  endfacet
  facet normal 0 0 1
    outer loop
      vertex 19.3808 1.77008 25.15
      vertex 19.7371 2.35176 25.15
      vertex 19.7264 2.35972 25.15
    endloop
  endfacet
  facet normal 0 0 1
    outer loop
      vertex 19.352 1.78409 25.15
      vertex 19.7264 2.35972 25.15
      vertex 19.716 2.36795 25.15
    endloop
  endfacet
  facet normal 0 0 1
    outer loop
      vertex 19.8 2.31308 25.15
      vertex 19.7121 1.66093 25.15
      vertex 19.7501 1.6539 25.15
    endloop
  endfacet
  facet normal 0 0 1
    outer loop
      vertex 19.3239 1.79858 25.15
      vertex 19.716 2.36795 25.15
      vertex 19.7059 2.37643 25.15
    endloop
  endfacet
  facet normal 0 0 1
    outer loop
      vertex 19.2966 1.81355 25.15
      vertex 19.7059 2.37643 25.15
      vertex 19.696 2.38519 25.15
    endloop
  endfacet
  facet normal 0 0 1
    outer loop
      vertex 19.2699 1.82899 25.15
      vertex 19.696 2.38519 25.15
      vertex 19.6863 2.39422 25.15
    endloop
  endfacet
  facet normal 0 0 1
    outer loop
      vertex 19.244 1.84491 25.15
      vertex 19.6863 2.39422 25.15
      vertex 19.677 2.40349 25.15
    endloop
  endfacet
  facet normal 0 0 1
    outer loop
      vertex 19.8 2.31308 25.15
      vertex 19.675 1.66873 25.15
      vertex 19.7121 1.66093 25.15
    endloop
  endfacet
  facet normal 0 0 1
    outer loop
      vertex 19.2188 1.86131 25.15
      vertex 19.677 2.40349 25.15
      vertex 19.6678 2.41298 25.15
    endloop
  endfacet
  facet normal 0 0 1
    outer loop
      vertex 19.1944 1.87819 25.15
      vertex 19.6678 2.41298 25.15
      vertex 19.659 2.42268 25.15
    endloop
  endfacet
  facet normal 0 0 1
    outer loop
      vertex 19.1706 1.89554 25.15
      vertex 19.659 2.42268 25.15
      vertex 19.6503 2.43261 25.15
    endloop
  endfacet
  facet normal 0 0 1
    outer loop
      vertex 19.1476 1.91336 25.15
      vertex 19.6503 2.43261 25.15
      vertex 19.6419 2.44278 25.15
    endloop
  endfacet
  facet normal 0 0 1
    outer loop
      vertex 19.8 2.31308 25.15
      vertex 19.6388 1.67724 25.15
      vertex 19.675 1.66873 25.15
    endloop
  endfacet
  facet normal 0 0 1
    outer loop
      vertex 19.1037 1.95044 25.15
      vertex 19.6419 2.44278 25.15
      vertex 19.6338 2.45315 25.15
    endloop
  endfacet
  facet normal 0 0 1
    outer loop
      vertex 19.0828 1.96969 25.15
      vertex 19.6338 2.45315 25.15
      vertex 19.6259 2.46376 25.15
    endloop
  endfacet
  facet normal 0 0 1
    outer loop
      vertex 19.0626 1.98936 25.15
      vertex 19.6259 2.46376 25.15
      vertex 19.6182 2.47458 25.15
    endloop
  endfacet
  facet normal 0 0 1
    outer loop
      vertex 19.043 2.00935 25.15
      vertex 19.6182 2.47458 25.15
      vertex 19.6108 2.48562 25.15
    endloop
  endfacet
  facet normal 0 0 1
    outer loop
      vertex 19.0058 2.05032 25.15
      vertex 19.6108 2.48562 25.15
      vertex 19.6036 2.4969 25.15
    endloop
  endfacet
  facet normal 0 0 1
    outer loop
      vertex 19.8 2.31308 25.15
      vertex 19.6035 1.68652 25.15
      vertex 19.6388 1.67724 25.15
    endloop
  endfacet
  facet normal 0 0 1
    outer loop
      vertex 18.9882 2.0713 25.15
      vertex 19.6036 2.4969 25.15
      vertex 19.5966 2.50839 25.15
    endloop
  endfacet
  facet normal 0 0 1
    outer loop
      vertex 18.9712 2.0926 25.15
      vertex 19.5966 2.50839 25.15
      vertex 19.59 2.52009 25.15
    endloop
  endfacet
  facet normal 0 0 1
    outer loop
      vertex 18.9548 2.11424 25.15
      vertex 19.59 2.52009 25.15
      vertex 19.5835 2.53204 25.15
    endloop
  endfacet
  facet normal 0 0 1
    outer loop
      vertex 18.9239 2.15849 25.15
      vertex 19.5835 2.53204 25.15
      vertex 19.5773 2.54419 25.15
    endloop
  endfacet
  facet normal 0 0 1
    outer loop
      vertex 18.9095 2.1811 25.15
      vertex 19.5773 2.54419 25.15
      vertex 19.5713 2.55658 25.15
    endloop
  endfacet
  facet normal 0 0 1
    outer loop
      vertex 19.8 2.31308 25.15
      vertex 19.5692 1.69653 25.15
      vertex 19.6035 1.68652 25.15
    endloop
  endfacet
  facet normal 0 0 1
    outer loop
      vertex 18.8956 2.20405 25.15
      vertex 19.5713 2.55658 25.15
      vertex 19.5656 2.56918 25.15
    endloop
  endfacet
  facet normal 0 0 1
    outer loop
      vertex 18.8699 2.25093 25.15
      vertex 19.5656 2.56918 25.15
      vertex 19.5601 2.58197 25.15
    endloop
  endfacet
  facet normal 0 0 1
    outer loop
      vertex 18.8579 2.27485 25.15
      vertex 19.5601 2.58197 25.15
      vertex 19.5549 2.59492 25.15
    endloop
  endfacet
  facet normal 0 0 1
    outer loop
      vertex 18.8466 2.29912 25.15
      vertex 19.5549 2.59492 25.15
      vertex 19.5498 2.60804 25.15
    endloop
  endfacet
  facet normal 0 0 1
    outer loop
      vertex 18.836 2.3237 25.15
      vertex 19.5498 2.60804 25.15
      vertex 19.545 2.6213 25.15
    endloop
  endfacet
  facet normal 0 0 1
    outer loop
      vertex 18.8259 2.34846 25.15
      vertex 19.545 2.6213 25.15
      vertex 19.5404 2.63475 25.15
    endloop
  endfacet
  facet normal 0 0 1
    outer loop
      vertex 18.807 2.39814 25.15
      vertex 19.5404 2.63475 25.15
      vertex 19.5361 2.64833 25.15
    endloop
  endfacet
  facet normal 0 0 1
    outer loop
      vertex 19.8 2.31308 25.15
      vertex 19.5357 1.70729 25.15
      vertex 19.5692 1.69653 25.15
    endloop
  endfacet
  facet normal 0 0 1
    outer loop
      vertex 18.7983 2.42303 25.15
      vertex 19.5361 2.64833 25.15
      vertex 19.5319 2.66208 25.15
    endloop
  endfacet
  facet normal 0 0 1
    outer loop
      vertex 18.79 2.44798 25.15
      vertex 19.5319 2.66208 25.15
      vertex 19.528 2.67599 25.15
    endloop
  endfacet
  facet normal 0 0 1
    outer loop
      vertex 18.7821 2.47296 25.15
      vertex 19.528 2.67599 25.15
      vertex 19.5243 2.69006 25.15
    endloop
  endfacet
  facet normal 0 0 1
    outer loop
      vertex 18.7747 2.49798 25.15
      vertex 19.5243 2.69006 25.15
      vertex 19.5208 2.70428 25.15
    endloop
  endfacet
  facet normal 0 0 1
    outer loop
      vertex 18.7678 2.52305 25.15
      vertex 19.5208 2.70428 25.15
      vertex 19.5175 2.71867 25.15
    endloop
  endfacet
  facet normal 0 0 1
    outer loop
      vertex 18.7614 2.54817 25.15
      vertex 19.5175 2.71867 25.15
      vertex 19.5145 2.73321 25.15
    endloop
  endfacet
  facet normal 0 0 1
    outer loop
      vertex 18.7553 2.57332 25.15
      vertex 19.5145 2.73321 25.15
      vertex 19.5117 2.74791 25.15
    endloop
  endfacet
  facet normal 0 0 1
    outer loop
      vertex 18.7498 2.59852 25.15
      vertex 19.5117 2.74791 25.15
      vertex 19.5091 2.76277 25.15
    endloop
  endfacet
  facet normal 0 0 1
    outer loop
      vertex 18.7447 2.62376 25.15
      vertex 19.5091 2.76277 25.15
      vertex 19.5068 2.7778 25.15
    endloop
  endfacet
  facet normal 0 0 1
    outer loop
      vertex 18.7358 2.67436 25.15
      vertex 19.5068 2.7778 25.15
      vertex 19.5046 2.79298 25.15
    endloop
  endfacet
  facet normal 0 0 1
    outer loop
      vertex 19.7825 2.32255 25.15
      vertex 19.5032 1.71878 25.15
      vertex 19.5357 1.70729 25.15
    endloop
  endfacet
  facet normal 0 0 1
    outer loop
      vertex 19.7708 2.32946 25.15
      vertex 19.4715 1.73089 25.15
      vertex 19.5032 1.71878 25.15
    endloop
  endfacet
  facet normal 0 0 1
    outer loop
      vertex 19.7593 2.33662 25.15
      vertex 19.4406 1.74347 25.15
      vertex 19.4715 1.73089 25.15
    endloop
  endfacet
  facet normal 0 0 1
    outer loop
      vertex 19.7481 2.34405 25.15
      vertex 19.4103 1.75653 25.15
      vertex 19.4406 1.74347 25.15
    endloop
  endfacet
  facet normal 0 0 1
    outer loop
      vertex 19.7371 2.35176 25.15
      vertex 19.3808 1.77008 25.15
      vertex 19.4103 1.75653 25.15
    endloop
  endfacet
  facet normal 0 0 1
    outer loop
      vertex 19.7264 2.35972 25.15
      vertex 19.352 1.78409 25.15
      vertex 19.3808 1.77008 25.15
    endloop
  endfacet
  facet normal 0 0 1
    outer loop
      vertex 19.716 2.36795 25.15
      vertex 19.3239 1.79858 25.15
      vertex 19.352 1.78409 25.15
    endloop
  endfacet
  facet normal 0 0 1
    outer loop
      vertex 19.7059 2.37643 25.15
      vertex 19.2966 1.81355 25.15
      vertex 19.3239 1.79858 25.15
    endloop
  endfacet
  facet normal 0 0 1
    outer loop
      vertex 19.696 2.38519 25.15
      vertex 19.2699 1.82899 25.15
      vertex 19.2966 1.81355 25.15
    endloop
  endfacet
  facet normal 0 0 1
    outer loop
      vertex 19.6863 2.39422 25.15
      vertex 19.244 1.84491 25.15
      vertex 19.2699 1.82899 25.15
    endloop
  endfacet
  facet normal 0 0 1
    outer loop
      vertex 19.677 2.40349 25.15
      vertex 19.2188 1.86131 25.15
      vertex 19.244 1.84491 25.15
    endloop
  endfacet
  facet normal 0 0 1
    outer loop
      vertex 19.6678 2.41298 25.15
      vertex 19.1944 1.87819 25.15
      vertex 19.2188 1.86131 25.15
    endloop
  endfacet
  facet normal 0 0 1
    outer loop
      vertex 19.659 2.42268 25.15
      vertex 19.1706 1.89554 25.15
      vertex 19.1944 1.87819 25.15
    endloop
  endfacet
  facet normal 0 0 1
    outer loop
      vertex 19.6503 2.43261 25.15
      vertex 19.1476 1.91336 25.15
      vertex 19.1706 1.89554 25.15
    endloop
  endfacet
  facet normal 0 0 1
    outer loop
      vertex 19.6419 2.44278 25.15
      vertex 19.1252 1.93167 25.15
      vertex 19.1476 1.91336 25.15
    endloop
  endfacet
  facet normal 0 0 1
    outer loop
      vertex 19.6419 2.44278 25.15
      vertex 19.1037 1.95044 25.15
      vertex 19.1252 1.93167 25.15
    endloop
  endfacet
  facet normal 0 0 1
    outer loop
      vertex 19.6338 2.45315 25.15
      vertex 19.0828 1.96969 25.15
      vertex 19.1037 1.95044 25.15
    endloop
  endfacet
  facet normal 0 0 1
    outer loop
      vertex 19.6259 2.46376 25.15
      vertex 19.0626 1.98936 25.15
      vertex 19.0828 1.96969 25.15
    endloop
  endfacet
  facet normal 0 0 1
    outer loop
      vertex 19.6182 2.47458 25.15
      vertex 19.043 2.00935 25.15
      vertex 19.0626 1.98936 25.15
    endloop
  endfacet
  facet normal 0 0 1
    outer loop
      vertex 19.6108 2.48562 25.15
      vertex 19.0241 2.02968 25.15
      vertex 19.043 2.00935 25.15
    endloop
  endfacet
  facet normal 0 0 1
    outer loop
      vertex 19.6108 2.48562 25.15
      vertex 19.0058 2.05032 25.15
      vertex 19.0241 2.02968 25.15
    endloop
  endfacet
  facet normal 0 0 1
    outer loop
      vertex 19.6036 2.4969 25.15
      vertex 18.9882 2.0713 25.15
      vertex 19.0058 2.05032 25.15
    endloop
  endfacet
  facet normal 0 0 1
    outer loop
      vertex 19.5966 2.50839 25.15
      vertex 18.9712 2.0926 25.15
      vertex 18.9882 2.0713 25.15
    endloop
  endfacet
  facet normal 0 0 1
    outer loop
      vertex 19.59 2.52009 25.15
      vertex 18.9548 2.11424 25.15
      vertex 18.9712 2.0926 25.15
    endloop
  endfacet
  facet normal 0 0 1
    outer loop
      vertex 19.5835 2.53204 25.15
      vertex 18.939 2.1362 25.15
      vertex 18.9548 2.11424 25.15
    endloop
  endfacet
  facet normal 0 0 1
    outer loop
      vertex 19.5835 2.53204 25.15
      vertex 18.9239 2.15849 25.15
      vertex 18.939 2.1362 25.15
    endloop
  endfacet
  facet normal 0 0 1
    outer loop
      vertex 19.5773 2.54419 25.15
      vertex 18.9095 2.1811 25.15
      vertex 18.9239 2.15849 25.15
    endloop
  endfacet
  facet normal 0 0 1
    outer loop
      vertex 19.5713 2.55658 25.15
      vertex 18.8956 2.20405 25.15
      vertex 18.9095 2.1811 25.15
    endloop
  endfacet
  facet normal 0 0 1
    outer loop
      vertex 19.5656 2.56918 25.15
      vertex 18.8824 2.22732 25.15
      vertex 18.8956 2.20405 25.15
    endloop
  endfacet
  facet normal 0 0 1
    outer loop
      vertex 19.5656 2.56918 25.15
      vertex 18.8699 2.25093 25.15
      vertex 18.8824 2.22732 25.15
    endloop
  endfacet
  facet normal 0 0 1
    outer loop
      vertex 19.5601 2.58197 25.15
      vertex 18.8579 2.27485 25.15
      vertex 18.8699 2.25093 25.15
    endloop
  endfacet
  facet normal 0 0 1
    outer loop
      vertex 19.5549 2.59492 25.15
      vertex 18.8466 2.29912 25.15
      vertex 18.8579 2.27485 25.15
    endloop
  endfacet
  facet normal 0 0 1
    outer loop
      vertex 19.5498 2.60804 25.15
      vertex 18.836 2.3237 25.15
      vertex 18.8466 2.29912 25.15
    endloop
  endfacet
  facet normal 0 0 1
    outer loop
      vertex 19.545 2.6213 25.15
      vertex 18.8259 2.34846 25.15
      vertex 18.836 2.3237 25.15
    endloop
  endfacet
  facet normal 0 0 1
    outer loop
      vertex 19.5404 2.63475 25.15
      vertex 18.8162 2.37329 25.15
      vertex 18.8259 2.34846 25.15
    endloop
  endfacet
  facet normal 0 0 1
    outer loop
      vertex 19.5404 2.63475 25.15
      vertex 18.807 2.39814 25.15
      vertex 18.8162 2.37329 25.15
    endloop
  endfacet
  facet normal 0 0 1
    outer loop
      vertex 19.5361 2.64833 25.15
      vertex 18.7983 2.42303 25.15
      vertex 18.807 2.39814 25.15
    endloop
  endfacet
  facet normal 0 0 1
    outer loop
      vertex 19.5319 2.66208 25.15
      vertex 18.79 2.44798 25.15
      vertex 18.7983 2.42303 25.15
    endloop
  endfacet
  facet normal 0 0 1
    outer loop
      vertex 19.528 2.67599 25.15
      vertex 18.7821 2.47296 25.15
      vertex 18.79 2.44798 25.15
    endloop
  endfacet
  facet normal 0 0 1
    outer loop
      vertex 19.5243 2.69006 25.15
      vertex 18.7747 2.49798 25.15
      vertex 18.7821 2.47296 25.15
    endloop
  endfacet
  facet normal 0 0 1
    outer loop
      vertex 19.5208 2.70428 25.15
      vertex 18.7678 2.52305 25.15
      vertex 18.7747 2.49798 25.15
    endloop
  endfacet
  facet normal 0 0 1
    outer loop
      vertex 19.5175 2.71867 25.15
      vertex 18.7614 2.54817 25.15
      vertex 18.7678 2.52305 25.15
    endloop
  endfacet
  facet normal 0 0 1
    outer loop
      vertex 19.5145 2.73321 25.15
      vertex 18.7553 2.57332 25.15
      vertex 18.7614 2.54817 25.15
    endloop
  endfacet
  facet normal 0 0 1
    outer loop
      vertex 19.5117 2.74791 25.15
      vertex 18.7498 2.59852 25.15
      vertex 18.7553 2.57332 25.15
    endloop
  endfacet
  facet normal 0 0 1
    outer loop
      vertex 19.5091 2.76277 25.15
      vertex 18.7447 2.62376 25.15
      vertex 18.7498 2.59852 25.15
    endloop
  endfacet
  facet normal 0 0 1
    outer loop
      vertex 19.5068 2.7778 25.15
      vertex 18.74 2.64904 25.15
      vertex 18.7447 2.62376 25.15
    endloop
  endfacet
  facet normal 0 0 1
    outer loop
      vertex 19.5068 2.7778 25.15
      vertex 18.7358 2.67436 25.15
      vertex 18.74 2.64904 25.15
    endloop
  endfacet
  facet normal 0 0 1
    outer loop
      vertex 19.5046 2.79298 25.15
      vertex 18.7321 2.69973 25.15
      vertex 18.7358 2.67436 25.15
    endloop
  endfacet
  facet normal 0 -0 1
    outer loop
      vertex 18.7321 2.69973 25.15
      vertex 19.5046 2.79298 25.15
      vertex 18.7288 2.72514 25.15
    endloop
  endfacet
  facet normal 0 0 1
    outer loop
      vertex 20.6174 4.5104 25.15
      vertex 21.3925 4.54792 25.15
      vertex 21.3922 4.57394 25.15
    endloop
  endfacet
  facet normal 0 0 1
    outer loop
      vertex 21.3925 4.54792 25.15
      vertex 20.6174 4.5104 25.15
      vertex 21.3923 4.52699 25.15
    endloop
  endfacet
  facet normal 0 0 1
    outer loop
      vertex 20.6148 4.53792 25.15
      vertex 21.3922 4.57394 25.15
      vertex 21.3914 4.59976 25.15
    endloop
  endfacet
  facet normal 0 0 1
    outer loop
      vertex 21.3923 4.52699 25.15
      vertex 20.6174 4.5104 25.15
      vertex 21.3917 4.50624 25.15
    endloop
  endfacet
  facet normal 0 0 1
    outer loop
      vertex 20.6148 4.53792 25.15
      vertex 21.3914 4.59976 25.15
      vertex 21.3899 4.62539 25.15
    endloop
  endfacet
  facet normal 0 0 1
    outer loop
      vertex 21.3917 4.50624 25.15
      vertex 20.6174 4.5104 25.15
      vertex 21.3908 4.48567 25.15
    endloop
  endfacet
  facet normal 0 0 1
    outer loop
      vertex 20.6112 4.56463 25.15
      vertex 21.3899 4.62539 25.15
      vertex 21.3879 4.65083 25.15
    endloop
  endfacet
  facet normal 0 -0 1
    outer loop
      vertex 20.6189 4.4821 25.15
      vertex 21.3908 4.48567 25.15
      vertex 20.6174 4.5104 25.15
    endloop
  endfacet
  facet normal 0 0 1
    outer loop
      vertex 21.3908 4.48567 25.15
      vertex 20.6189 4.4821 25.15
      vertex 21.3895 4.46528 25.15
    endloop
  endfacet
  facet normal 0 0 1
    outer loop
      vertex 20.6112 4.56463 25.15
      vertex 21.3879 4.65083 25.15
      vertex 21.3853 4.67608 25.15
    endloop
  endfacet
  facet normal 0 0 1
    outer loop
      vertex 21.3895 4.46528 25.15
      vertex 20.6189 4.4821 25.15
      vertex 21.3877 4.44507 25.15
    endloop
  endfacet
  facet normal 0 0 1
    outer loop
      vertex 20.6112 4.56463 25.15
      vertex 21.3853 4.67608 25.15
      vertex 21.3822 4.70114 25.15
    endloop
  endfacet
  facet normal 0 0 1
    outer loop
      vertex 21.3877 4.44507 25.15
      vertex 20.6189 4.4821 25.15
      vertex 21.3856 4.42505 25.15
    endloop
  endfacet
  facet normal 0 0 1
    outer loop
      vertex 20.6066 4.59054 25.15
      vertex 21.3822 4.70114 25.15
      vertex 21.3785 4.72601 25.15
    endloop
  endfacet
  facet normal -0 -0 1
    outer loop
      vertex 20.6195 4.453 25.15
      vertex 21.3856 4.42505 25.15
      vertex 20.6189 4.4821 25.15
    endloop
  endfacet
  facet normal 0 0 1
    outer loop
      vertex 20.6066 4.59054 25.15
      vertex 21.3785 4.72601 25.15
      vertex 21.3742 4.7507 25.15
    endloop
  endfacet
  facet normal 0 0 1
    outer loop
      vertex 21.3856 4.42505 25.15
      vertex 20.6195 4.453 25.15
      vertex 21.3831 4.40519 25.15
    endloop
  endfacet
  facet normal 0 0 1
    outer loop
      vertex 21.3831 4.40519 25.15
      vertex 20.6195 4.453 25.15
      vertex 21.3803 4.38553 25.15
    endloop
  endfacet
  facet normal 0 0 1
    outer loop
      vertex 20.6066 4.59054 25.15
      vertex 21.3742 4.7507 25.15
      vertex 21.3693 4.77517 25.15
    endloop
  endfacet
  facet normal 0 0 1
    outer loop
      vertex 21.3803 4.38553 25.15
      vertex 20.6195 4.453 25.15
      vertex 21.377 4.36602 25.15
    endloop
  endfacet
  facet normal 0 0 1
    outer loop
      vertex 20.601 4.61567 25.15
      vertex 21.3693 4.77517 25.15
      vertex 21.3639 4.79948 25.15
    endloop
  endfacet
  facet normal -0 0 1
    outer loop
      vertex 20.6192 4.43356 25.15
      vertex 21.377 4.36602 25.15
      vertex 20.6195 4.453 25.15
    endloop
  endfacet
  facet normal 0 0 1
    outer loop
      vertex 20.601 4.61567 25.15
      vertex 21.3639 4.79948 25.15
      vertex 21.3579 4.82358 25.15
    endloop
  endfacet
  facet normal 0 0 1
    outer loop
      vertex 21.377 4.36602 25.15
      vertex 20.6192 4.43356 25.15
      vertex 21.3734 4.34672 25.15
    endloop
  endfacet
  facet normal 0 0 1
    outer loop
      vertex 20.601 4.61567 25.15
      vertex 21.3579 4.82358 25.15
      vertex 21.3513 4.8475 25.15
    endloop
  endfacet
  facet normal 0 0 1
    outer loop
      vertex 21.3734 4.34672 25.15
      vertex 20.6192 4.43356 25.15
      vertex 21.3694 4.32759 25.15
    endloop
  endfacet
  facet normal 0 0 1
    outer loop
      vertex 20.5943 4.64001 25.15
      vertex 21.3513 4.8475 25.15
      vertex 21.3441 4.87121 25.15
    endloop
  endfacet
  facet normal -0 0 1
    outer loop
      vertex 20.6185 4.41455 25.15
      vertex 21.3694 4.32759 25.15
      vertex 20.6192 4.43356 25.15
    endloop
  endfacet
  facet normal 0 0 1
    outer loop
      vertex 21.3694 4.32759 25.15
      vertex 20.6185 4.41455 25.15
      vertex 21.365 4.30864 25.15
    endloop
  endfacet
  facet normal 0 0 1
    outer loop
      vertex 20.5943 4.64001 25.15
      vertex 21.3441 4.87121 25.15
      vertex 21.3364 4.89476 25.15
    endloop
  endfacet
  facet normal 0 0 1
    outer loop
      vertex 21.365 4.30864 25.15
      vertex 20.6185 4.41455 25.15
      vertex 21.3603 4.28987 25.15
    endloop
  endfacet
  facet normal 0 0 1
    outer loop
      vertex 20.5943 4.64001 25.15
      vertex 21.3364 4.89476 25.15
      vertex 21.3281 4.91809 25.15
    endloop
  endfacet
  facet normal 0 0 1
    outer loop
      vertex 21.3603 4.28987 25.15
      vertex 20.6185 4.41455 25.15
      vertex 21.3551 4.27128 25.15
    endloop
  endfacet
  facet normal 0 0 1
    outer loop
      vertex 20.5866 4.66354 25.15
      vertex 21.3281 4.91809 25.15
      vertex 21.3193 4.94124 25.15
    endloop
  endfacet
  facet normal -0 0 1
    outer loop
      vertex 20.6174 4.39596 25.15
      vertex 21.3551 4.27128 25.15
      vertex 20.6185 4.41455 25.15
    endloop
  endfacet
  facet normal 0 0 1
    outer loop
      vertex 20.5866 4.66354 25.15
      vertex 21.3193 4.94124 25.15
      vertex 21.3098 4.96412 25.15
    endloop
  endfacet
  facet normal 0 0 1
    outer loop
      vertex 21.3551 4.27128 25.15
      vertex 20.6174 4.39596 25.15
      vertex 21.3496 4.25287 25.15
    endloop
  endfacet
  facet normal 0 0 1
    outer loop
      vertex 21.3496 4.25287 25.15
      vertex 20.6174 4.39596 25.15
      vertex 21.3437 4.23465 25.15
    endloop
  endfacet
  facet normal 0 0 1
    outer loop
      vertex 20.5866 4.66354 25.15
      vertex 21.3098 4.96412 25.15
      vertex 21.2997 4.98663 25.15
    endloop
  endfacet
  facet normal -0 0 1
    outer loop
      vertex 20.6157 4.37782 25.15
      vertex 21.3437 4.23465 25.15
      vertex 20.6174 4.39596 25.15
    endloop
  endfacet
  facet normal 0 0 1
    outer loop
      vertex 20.5778 4.68629 25.15
      vertex 21.2997 4.98663 25.15
      vertex 21.2889 5.00879 25.15
    endloop
  endfacet
  facet normal 0 0 1
    outer loop
      vertex 21.3437 4.23465 25.15
      vertex 20.6157 4.37782 25.15
      vertex 21.3374 4.21663 25.15
    endloop
  endfacet
  facet normal 0 0 1
    outer loop
      vertex 20.5778 4.68629 25.15
      vertex 21.2889 5.00879 25.15
      vertex 21.2776 5.03058 25.15
    endloop
  endfacet
  facet normal 0 0 1
    outer loop
      vertex 21.3374 4.21663 25.15
      vertex 20.6157 4.37782 25.15
      vertex 21.3307 4.19883 25.15
    endloop
  endfacet
  facet normal 0 0 1
    outer loop
      vertex 20.5778 4.68629 25.15
      vertex 21.2776 5.03058 25.15
      vertex 21.2655 5.05201 25.15
    endloop
  endfacet
  facet normal 0 0 1
    outer loop
      vertex 21.3307 4.19883 25.15
      vertex 20.6157 4.37782 25.15
      vertex 21.3236 4.18127 25.15
    endloop
  endfacet
  facet normal 0 0 1
    outer loop
      vertex 20.5681 4.70823 25.15
      vertex 21.2655 5.05201 25.15
      vertex 21.2529 5.07309 25.15
    endloop
  endfacet
  facet normal -0 0 1
    outer loop
      vertex 20.6136 4.3601 25.15
      vertex 21.3236 4.18127 25.15
      vertex 20.6157 4.37782 25.15
    endloop
  endfacet
  facet normal 0 0 1
    outer loop
      vertex 21.3236 4.18127 25.15
      vertex 20.6136 4.3601 25.15
      vertex 21.3161 4.16395 25.15
    endloop
  endfacet
  facet normal 0 0 1
    outer loop
      vertex 20.5681 4.70823 25.15
      vertex 21.2529 5.07309 25.15
      vertex 21.2396 5.09379 25.15
    endloop
  endfacet
  facet normal 0 0 1
    outer loop
      vertex 21.3161 4.16395 25.15
      vertex 20.6136 4.3601 25.15
      vertex 21.3083 4.14686 25.15
    endloop
  endfacet
  facet normal 0 0 1
    outer loop
      vertex 20.5681 4.70823 25.15
      vertex 21.2396 5.09379 25.15
      vertex 21.2257 5.11415 25.15
    endloop
  endfacet
  facet normal 0 0 1
    outer loop
      vertex 21.3083 4.14686 25.15
      vertex 20.6136 4.3601 25.15
      vertex 21.3 4.13 25.15
    endloop
  endfacet
  facet normal 0 0 1
    outer loop
      vertex 20.5681 4.70823 25.15
      vertex 21.2257 5.11415 25.15
      vertex 21.2111 5.13415 25.15
    endloop
  endfacet
  facet normal -0 0 1
    outer loop
      vertex 20.6111 4.34283 25.15
      vertex 21.3 4.13 25.15
      vertex 20.6136 4.3601 25.15
    endloop
  endfacet
  facet normal 0 0 1
    outer loop
      vertex 20.5573 4.72938 25.15
      vertex 21.2111 5.13415 25.15
      vertex 21.1959 5.15378 25.15
    endloop
  endfacet
  facet normal 0 0 1
    outer loop
      vertex 21.3 4.13 25.15
      vertex 20.6111 4.34283 25.15
      vertex 21.2914 4.11337 25.15
    endloop
  endfacet
  facet normal 0 0 1
    outer loop
      vertex 21.2914 4.11337 25.15
      vertex 20.6111 4.34283 25.15
      vertex 21.2823 4.09698 25.15
    endloop
  endfacet
  facet normal 0 0 1
    outer loop
      vertex 20.5573 4.72938 25.15
      vertex 21.1959 5.15378 25.15
      vertex 21.1801 5.17305 25.15
    endloop
  endfacet
  facet normal 0 0 1
    outer loop
      vertex 21.2823 4.09698 25.15
      vertex 20.6111 4.34283 25.15
      vertex 21.2729 4.08082 25.15
    endloop
  endfacet
  facet normal 0 0 1
    outer loop
      vertex 20.5573 4.72938 25.15
      vertex 21.1801 5.17305 25.15
      vertex 21.1636 5.19195 25.15
    endloop
  endfacet
  facet normal -0 0 1
    outer loop
      vertex 20.608 4.32599 25.15
      vertex 21.2729 4.08082 25.15
      vertex 20.6111 4.34283 25.15
    endloop
  endfacet
  facet normal 0 0 1
    outer loop
      vertex 20.5455 4.74975 25.15
      vertex 21.1636 5.19195 25.15
      vertex 21.1465 5.21051 25.15
    endloop
  endfacet
  facet normal 0 0 1
    outer loop
      vertex 21.2729 4.08082 25.15
      vertex 20.608 4.32599 25.15
      vertex 21.263 4.06489 25.15
    endloop
  endfacet
  facet normal 0 0 1
    outer loop
      vertex 20.5455 4.74975 25.15
      vertex 21.1465 5.21051 25.15
      vertex 21.1288 5.2287 25.15
    endloop
  endfacet
  facet normal 0 0 1
    outer loop
      vertex 21.263 4.06489 25.15
      vertex 20.608 4.32599 25.15
      vertex 21.2528 4.04921 25.15
    endloop
  endfacet
  facet normal 0 0 1
    outer loop
      vertex 21.2528 4.04921 25.15
      vertex 20.608 4.32599 25.15
      vertex 21.2422 4.03375 25.15
    endloop
  endfacet
  facet normal 0 0 1
    outer loop
      vertex 20.5455 4.74975 25.15
      vertex 21.1288 5.2287 25.15
      vertex 21.1104 5.24653 25.15
    endloop
  endfacet
  facet normal -0 0 1
    outer loop
      vertex 20.6045 4.30958 25.15
      vertex 21.2422 4.03375 25.15
      vertex 20.608 4.32599 25.15
    endloop
  endfacet
  facet normal 0 0 1
    outer loop
      vertex 20.5326 4.76931 25.15
      vertex 21.1104 5.24653 25.15
      vertex 21.0914 5.264 25.15
    endloop
  endfacet
  facet normal 0 0 1
    outer loop
      vertex 21.2422 4.03375 25.15
      vertex 20.6045 4.30958 25.15
      vertex 21.2312 4.01852 25.15
    endloop
  endfacet
  facet normal 0 0 1
    outer loop
      vertex 20.5326 4.76931 25.15
      vertex 21.0914 5.264 25.15
      vertex 21.0718 5.28108 25.15
    endloop
  endfacet
  facet normal 0 0 1
    outer loop
      vertex 21.2312 4.01852 25.15
      vertex 20.6045 4.30958 25.15
      vertex 21.2198 4.00352 25.15
    endloop
  endfacet
  facet normal 0 0 1
    outer loop
      vertex 20.5326 4.76931 25.15
      vertex 21.0718 5.28108 25.15
      vertex 21.0514 5.2977 25.15
    endloop
  endfacet
  facet normal 0 0 1
    outer loop
      vertex 21.2198 4.00352 25.15
      vertex 20.6045 4.30958 25.15
      vertex 21.208 3.98877 25.15
    endloop
  endfacet
  facet normal -0 0 1
    outer loop
      vertex 20.6006 4.29361 25.15
      vertex 21.208 3.98877 25.15
      vertex 20.6045 4.30958 25.15
    endloop
  endfacet
  facet normal 0 0 1
    outer loop
      vertex 20.5187 4.78808 25.15
      vertex 21.0514 5.2977 25.15
      vertex 21.0304 5.31389 25.15
    endloop
  endfacet
  facet normal 0 0 1
    outer loop
      vertex 21.208 3.98877 25.15
      vertex 20.6006 4.29361 25.15
      vertex 21.1959 3.97424 25.15
    endloop
  endfacet
  facet normal 0 0 1
    outer loop
      vertex 20.5187 4.78808 25.15
      vertex 21.0304 5.31389 25.15
      vertex 21.0087 5.32962 25.15
    endloop
  endfacet
  facet normal 0 0 1
    outer loop
      vertex 21.1959 3.97424 25.15
      vertex 20.6006 4.29361 25.15
      vertex 21.1833 3.95996 25.15
    endloop
  endfacet
  facet normal 0 0 1
    outer loop
      vertex 20.5038 4.80606 25.15
      vertex 21.0087 5.32962 25.15
      vertex 20.9863 5.34491 25.15
    endloop
  endfacet
  facet normal -0 0 1
    outer loop
      vertex 20.5961 4.27807 25.15
      vertex 21.1833 3.95996 25.15
      vertex 20.6006 4.29361 25.15
    endloop
  endfacet
  facet normal 0 0 1
    outer loop
      vertex 20.5038 4.80606 25.15
      vertex 20.9863 5.34491 25.15
      vertex 20.9633 5.35975 25.15
    endloop
  endfacet
  facet normal 0 0 1
    outer loop
      vertex 21.1833 3.95996 25.15
      vertex 20.5961 4.27807 25.15
      vertex 21.1702 3.94594 25.15
    endloop
  endfacet
  facet normal 0 0 1
    outer loop
      vertex 21.1702 3.94594 25.15
      vertex 20.5961 4.27807 25.15
      vertex 21.1568 3.93216 25.15
    endloop
  endfacet
  facet normal 0 0 1
    outer loop
      vertex 20.5038 4.80606 25.15
      vertex 20.9633 5.35975 25.15
      vertex 20.9395 5.37416 25.15
    endloop
  endfacet
  facet normal 0 0 1
    outer loop
      vertex 21.1568 3.93216 25.15
      vertex 20.5961 4.27807 25.15
      vertex 21.1429 3.91864 25.15
    endloop
  endfacet
  facet normal 0 0 1
    outer loop
      vertex 20.4879 4.82324 25.15
      vertex 20.9395 5.37416 25.15
      vertex 20.9151 5.38812 25.15
    endloop
  endfacet
  facet normal -0 0 1
    outer loop
      vertex 20.5912 4.26297 25.15
      vertex 21.1429 3.91864 25.15
      vertex 20.5961 4.27807 25.15
    endloop
  endfacet
  facet normal 0 0 1
    outer loop
      vertex 20.4879 4.82324 25.15
      vertex 20.9151 5.38812 25.15
      vertex 20.89 5.40162 25.15
    endloop
  endfacet
  facet normal 0 0 1
    outer loop
      vertex 21.1429 3.91864 25.15
      vertex 20.5912 4.26297 25.15
      vertex 21.1286 3.90536 25.15
    endloop
  endfacet
  facet normal 0 0 1
    outer loop
      vertex 20.471 4.83951 25.15
      vertex 20.89 5.40162 25.15
      vertex 20.8642 5.41469 25.15
    endloop
  endfacet
  facet normal 0 0 1
    outer loop
      vertex 21.1286 3.90536 25.15
      vertex 20.5912 4.26297 25.15
      vertex 21.1138 3.89236 25.15
    endloop
  endfacet
  facet normal 0 0 1
    outer loop
      vertex 21.1138 3.89236 25.15
      vertex 20.5859 4.2483 25.15
      vertex 21.0986 3.87959 25.15
    endloop
  endfacet
  facet normal 0 0 1
    outer loop
      vertex 20.471 4.83951 25.15
      vertex 20.8642 5.41469 25.15
      vertex 20.8378 5.4273 25.15
    endloop
  endfacet
  facet normal 0 0 1
    outer loop
      vertex 21.0986 3.87959 25.15
      vertex 20.5859 4.2483 25.15
      vertex 21.0829 3.86709 25.15
    endloop
  endfacet
  facet normal 0 0 1
    outer loop
      vertex 20.4531 4.85472 25.15
      vertex 20.8378 5.4273 25.15
      vertex 20.8107 5.43948 25.15
    endloop
  endfacet
  facet normal 0 0 1
    outer loop
      vertex 21.0829 3.86709 25.15
      vertex 20.5859 4.2483 25.15
      vertex 21.0669 3.85484 25.15
    endloop
  endfacet
  facet normal 0 0 1
    outer loop
      vertex 20.4531 4.85472 25.15
      vertex 20.8107 5.43948 25.15
      vertex 20.7829 5.45121 25.15
    endloop
  endfacet
  facet normal -0 0 1
    outer loop
      vertex 20.5801 4.23407 25.15
      vertex 21.0669 3.85484 25.15
      vertex 20.5859 4.2483 25.15
    endloop
  endfacet
  facet normal 0 0 1
    outer loop
      vertex 20.4343 4.86888 25.15
      vertex 20.7829 5.45121 25.15
      vertex 20.7544 5.46249 25.15
    endloop
  endfacet
  facet normal 0 0 1
    outer loop
      vertex 21.0669 3.85484 25.15
      vertex 20.5801 4.23407 25.15
      vertex 21.0504 3.84285 25.15
    endloop
  endfacet
  facet normal 0 0 1
    outer loop
      vertex 21.0504 3.84285 25.15
      vertex 20.5801 4.23407 25.15
      vertex 21.0334 3.8311 25.15
    endloop
  endfacet
  facet normal 0 0 1
    outer loop
      vertex 20.4343 4.86888 25.15
      vertex 20.7544 5.46249 25.15
      vertex 20.7252 5.47332 25.15
    endloop
  endfacet
  facet normal -0 0 1
    outer loop
      vertex 20.5738 4.22026 25.15
      vertex 21.0334 3.8311 25.15
      vertex 20.5801 4.23407 25.15
    endloop
  endfacet
  facet normal 0 0 1
    outer loop
      vertex 20.4146 4.88199 25.15
      vertex 20.7252 5.47332 25.15
      vertex 20.6954 5.48372 25.15
    endloop
  endfacet
  facet normal 0 0 1
    outer loop
      vertex 21.0161 3.81961 25.15
      vertex 20.5738 4.22026 25.15
      vertex 20.9983 3.80838 25.15
    endloop
  endfacet
  facet normal 0 0 1
    outer loop
      vertex 20.4146 4.88199 25.15
      vertex 20.6954 5.48372 25.15
      vertex 20.6648 5.49357 25.15
    endloop
  endfacet
  facet normal -0 0 1
    outer loop
      vertex 20.567 4.20689 25.15
      vertex 20.9983 3.80838 25.15
      vertex 20.5738 4.22026 25.15
    endloop
  endfacet
  facet normal 0 0 1
    outer loop
      vertex 20.3939 4.89406 25.15
      vertex 20.6648 5.49357 25.15
      vertex 20.6335 5.5028 25.15
    endloop
  endfacet
  facet normal 0 0 1
    outer loop
      vertex 20.9983 3.80838 25.15
      vertex 20.567 4.20689 25.15
      vertex 20.98 3.79741 25.15
    endloop
  endfacet
  facet normal -0 0 1
    outer loop
      vertex 20.5598 4.19397 25.15
      vertex 20.98 3.79741 25.15
      vertex 20.567 4.20689 25.15
    endloop
  endfacet
  facet normal 0 0 1
    outer loop
      vertex 21.0334 3.8311 25.15
      vertex 20.5738 4.22026 25.15
      vertex 21.0161 3.81961 25.15
    endloop
  endfacet
  facet normal -0 0 1
    outer loop
      vertex 20.5859 4.2483 25.15
      vertex 21.1138 3.89236 25.15
      vertex 20.5912 4.26297 25.15
    endloop
  endfacet
  facet normal 0 0 1
    outer loop
      vertex 21.3922 4.57394 25.15
      vertex 20.6148 4.53792 25.15
      vertex 20.6174 4.5104 25.15
    endloop
  endfacet
  facet normal 0 0 1
    outer loop
      vertex 21.3899 4.62539 25.15
      vertex 20.6112 4.56463 25.15
      vertex 20.6148 4.53792 25.15
    endloop
  endfacet
  facet normal 0 0 1
    outer loop
      vertex 21.3822 4.70114 25.15
      vertex 20.6066 4.59054 25.15
      vertex 20.6112 4.56463 25.15
    endloop
  endfacet
  facet normal 0 0 1
    outer loop
      vertex 20.3939 4.89406 25.15
      vertex 20.6335 5.5028 25.15
      vertex 20.6015 5.51138 25.15
    endloop
  endfacet
  facet normal 0 0 1
    outer loop
      vertex 21.3693 4.77517 25.15
      vertex 20.601 4.61567 25.15
      vertex 20.6066 4.59054 25.15
    endloop
  endfacet
  facet normal 0 0 1
    outer loop
      vertex 21.3513 4.8475 25.15
      vertex 20.5943 4.64001 25.15
      vertex 20.601 4.61567 25.15
    endloop
  endfacet
  facet normal 0 0 1
    outer loop
      vertex 21.3281 4.91809 25.15
      vertex 20.5866 4.66354 25.15
      vertex 20.5943 4.64001 25.15
    endloop
  endfacet
  facet normal 0 0 1
    outer loop
      vertex 21.2997 4.98663 25.15
      vertex 20.5778 4.68629 25.15
      vertex 20.5866 4.66354 25.15
    endloop
  endfacet
  facet normal 0 0 1
    outer loop
      vertex 20.3723 4.90507 25.15
      vertex 20.6015 5.51138 25.15
      vertex 20.5687 5.51933 25.15
    endloop
  endfacet
  facet normal 0 0 1
    outer loop
      vertex 21.2655 5.05201 25.15
      vertex 20.5681 4.70823 25.15
      vertex 20.5778 4.68629 25.15
    endloop
  endfacet
  facet normal 0 0 1
    outer loop
      vertex 21.2111 5.13415 25.15
      vertex 20.5573 4.72938 25.15
      vertex 20.5681 4.70823 25.15
    endloop
  endfacet
  facet normal 0 0 1
    outer loop
      vertex 21.1636 5.19195 25.15
      vertex 20.5455 4.74975 25.15
      vertex 20.5573 4.72938 25.15
    endloop
  endfacet
  facet normal 0 0 1
    outer loop
      vertex 20.3497 4.91504 25.15
      vertex 20.5687 5.51933 25.15
      vertex 20.5352 5.52665 25.15
    endloop
  endfacet
  facet normal 0 0 1
    outer loop
      vertex 21.1104 5.24653 25.15
      vertex 20.5326 4.76931 25.15
      vertex 20.5455 4.74975 25.15
    endloop
  endfacet
  facet normal 0 0 1
    outer loop
      vertex 21.0514 5.2977 25.15
      vertex 20.5187 4.78808 25.15
      vertex 20.5326 4.76931 25.15
    endloop
  endfacet
  facet normal 0 0 1
    outer loop
      vertex 21.0087 5.32962 25.15
      vertex 20.5038 4.80606 25.15
      vertex 20.5187 4.78808 25.15
    endloop
  endfacet
  facet normal 0 0 1
    outer loop
      vertex 20.3497 4.91504 25.15
      vertex 20.5352 5.52665 25.15
      vertex 20.501 5.53332 25.15
    endloop
  endfacet
  facet normal 0 0 1
    outer loop
      vertex 20.9395 5.37416 25.15
      vertex 20.4879 4.82324 25.15
      vertex 20.5038 4.80606 25.15
    endloop
  endfacet
  facet normal 0 0 1
    outer loop
      vertex 20.89 5.40162 25.15
      vertex 20.471 4.83951 25.15
      vertex 20.4879 4.82324 25.15
    endloop
  endfacet
  facet normal 0 0 1
    outer loop
      vertex 20.3262 4.92395 25.15
      vertex 20.501 5.53332 25.15
      vertex 20.466 5.53936 25.15
    endloop
  endfacet
  facet normal 0 0 1
    outer loop
      vertex 20.8378 5.4273 25.15
      vertex 20.4531 4.85472 25.15
      vertex 20.471 4.83951 25.15
    endloop
  endfacet
  facet normal 0 0 1
    outer loop
      vertex 20.7829 5.45121 25.15
      vertex 20.4343 4.86888 25.15
      vertex 20.4531 4.85472 25.15
    endloop
  endfacet
  facet normal 0 0 1
    outer loop
      vertex 20.3017 4.93182 25.15
      vertex 20.466 5.53936 25.15
      vertex 20.4302 5.54477 25.15
    endloop
  endfacet
  facet normal 0 0 1
    outer loop
      vertex 20.7252 5.47332 25.15
      vertex 20.4146 4.88199 25.15
      vertex 20.4343 4.86888 25.15
    endloop
  endfacet
  facet normal 0 0 1
    outer loop
      vertex 20.6648 5.49357 25.15
      vertex 20.3939 4.89406 25.15
      vertex 20.4146 4.88199 25.15
    endloop
  endfacet
  facet normal 0 0 1
    outer loop
      vertex 20.3017 4.93182 25.15
      vertex 20.4302 5.54477 25.15
      vertex 20.3938 5.54954 25.15
    endloop
  endfacet
  facet normal 0 0 1
    outer loop
      vertex 20.6015 5.51138 25.15
      vertex 20.3723 4.90507 25.15
      vertex 20.3939 4.89406 25.15
    endloop
  endfacet
  facet normal 0 0 1
    outer loop
      vertex 20.2763 4.93864 25.15
      vertex 20.3938 5.54954 25.15
      vertex 20.3565 5.55368 25.15
    endloop
  endfacet
  facet normal 0 0 1
    outer loop
      vertex 20.5687 5.51933 25.15
      vertex 20.3497 4.91504 25.15
      vertex 20.3723 4.90507 25.15
    endloop
  endfacet
  facet normal 0 0 1
    outer loop
      vertex 20.501 5.53332 25.15
      vertex 20.3262 4.92395 25.15
      vertex 20.3497 4.91504 25.15
    endloop
  endfacet
  facet normal 0 0 1
    outer loop
      vertex 20.2499 4.94441 25.15
      vertex 20.3565 5.55368 25.15
      vertex 20.3186 5.55717 25.15
    endloop
  endfacet
  facet normal 0 0 1
    outer loop
      vertex 20.466 5.53936 25.15
      vertex 20.3017 4.93182 25.15
      vertex 20.3262 4.92395 25.15
    endloop
  endfacet
  facet normal 0 0 1
    outer loop
      vertex 20.2227 4.94912 25.15
      vertex 20.3186 5.55717 25.15
      vertex 20.2799 5.56004 25.15
    endloop
  endfacet
  facet normal 0 0 1
    outer loop
      vertex 20.3938 5.54954 25.15
      vertex 20.2763 4.93864 25.15
      vertex 20.3017 4.93182 25.15
    endloop
  endfacet
  facet normal 0 0 1
    outer loop
      vertex 20.3565 5.55368 25.15
      vertex 20.2499 4.94441 25.15
      vertex 20.2763 4.93864 25.15
    endloop
  endfacet
  facet normal 0 0 1
    outer loop
      vertex 20.1944 4.9528 25.15
      vertex 20.2799 5.56004 25.15
      vertex 20.2404 5.56227 25.15
    endloop
  endfacet
  facet normal 0 0 1
    outer loop
      vertex 20.3186 5.55717 25.15
      vertex 20.2227 4.94912 25.15
      vertex 20.2499 4.94441 25.15
    endloop
  endfacet
  facet normal 0 0 1
    outer loop
      vertex 20.1944 4.9528 25.15
      vertex 20.2404 5.56227 25.15
      vertex 20.2002 5.56386 25.15
    endloop
  endfacet
  facet normal 0 0 1
    outer loop
      vertex 20.2799 5.56004 25.15
      vertex 20.1944 4.9528 25.15
      vertex 20.2227 4.94912 25.15
    endloop
  endfacet
  facet normal 0 0 1
    outer loop
      vertex 20.2002 5.56386 25.15
      vertex 20.1652 4.95543 25.15
      vertex 20.1944 4.9528 25.15
    endloop
  endfacet
  facet normal 0 0 1
    outer loop
      vertex 20.1593 5.5648 25.15
      vertex 20.1652 4.95543 25.15
      vertex 20.2002 5.56386 25.15
    endloop
  endfacet
  facet normal 0 0 1
    outer loop
      vertex 20.1593 5.5648 25.15
      vertex 20.1351 4.957 25.15
      vertex 20.1652 4.95543 25.15
    endloop
  endfacet
  facet normal 0 0 1
    outer loop
      vertex 20.1176 5.56512 25.15
      vertex 20.1351 4.957 25.15
      vertex 20.1593 5.5648 25.15
    endloop
  endfacet
  facet normal 0 0 1
    outer loop
      vertex 20.1176 5.56512 25.15
      vertex 20.1041 4.95752 25.15
      vertex 20.1351 4.957 25.15
    endloop
  endfacet
  facet normal -0 0 1
    outer loop
      vertex 20.0859 5.56488 25.15
      vertex 20.1041 4.95752 25.15
      vertex 20.1176 5.56512 25.15
    endloop
  endfacet
  facet normal 0 0 1
    outer loop
      vertex 20.0859 5.56488 25.15
      vertex 20.0749 4.95701 25.15
      vertex 20.1041 4.95752 25.15
    endloop
  endfacet
  facet normal -0 0 1
    outer loop
      vertex 20.0543 5.56413 25.15
      vertex 20.0749 4.95701 25.15
      vertex 20.0859 5.56488 25.15
    endloop
  endfacet
  facet normal -0 0 1
    outer loop
      vertex 20.023 5.56288 25.15
      vertex 20.0749 4.95701 25.15
      vertex 20.0543 5.56413 25.15
    endloop
  endfacet
  facet normal 0 0 1
    outer loop
      vertex 20.0749 4.95701 25.15
      vertex 20.023 5.56288 25.15
      vertex 20.0465 4.95549 25.15
    endloop
  endfacet
  facet normal -0 0 1
    outer loop
      vertex 19.9918 5.56114 25.15
      vertex 20.0465 4.95549 25.15
      vertex 20.023 5.56288 25.15
    endloop
  endfacet
  facet normal 0 0 1
    outer loop
      vertex 20.0465 4.95549 25.15
      vertex 19.9918 5.56114 25.15
      vertex 20.0188 4.95294 25.15
    endloop
  endfacet
  facet normal -0 0 1
    outer loop
      vertex 19.9609 5.5589 25.15
      vertex 20.0188 4.95294 25.15
      vertex 19.9918 5.56114 25.15
    endloop
  endfacet
  facet normal -0 0 1
    outer loop
      vertex 19.9302 5.55615 25.15
      vertex 20.0188 4.95294 25.15
      vertex 19.9609 5.5589 25.15
    endloop
  endfacet
  facet normal 0 0 1
    outer loop
      vertex 20.0188 4.95294 25.15
      vertex 19.9302 5.55615 25.15
      vertex 19.9917 4.94938 25.15
    endloop
  endfacet
  facet normal -0 0 1
    outer loop
      vertex 19.8997 5.55291 25.15
      vertex 19.9917 4.94938 25.15
      vertex 19.9302 5.55615 25.15
    endloop
  endfacet
  facet normal 0 0 1
    outer loop
      vertex 19.9917 4.94938 25.15
      vertex 19.8997 5.55291 25.15
      vertex 19.9654 4.94481 25.15
    endloop
  endfacet
  facet normal -0 0 1
    outer loop
      vertex 19.8694 5.54918 25.15
      vertex 19.9654 4.94481 25.15
      vertex 19.8997 5.55291 25.15
    endloop
  endfacet
  facet normal -0 0 1
    outer loop
      vertex 19.8394 5.54495 25.15
      vertex 19.9654 4.94481 25.15
      vertex 19.8694 5.54918 25.15
    endloop
  endfacet
  facet normal 0 0 1
    outer loop
      vertex 19.9654 4.94481 25.15
      vertex 19.8394 5.54495 25.15
      vertex 19.9398 4.93921 25.15
    endloop
  endfacet
  facet normal -0 0 1
    outer loop
      vertex 19.8095 5.54022 25.15
      vertex 19.9398 4.93921 25.15
      vertex 19.8394 5.54495 25.15
    endloop
  endfacet
  facet normal 0 0 1
    outer loop
      vertex 19.9398 4.93921 25.15
      vertex 19.8095 5.54022 25.15
      vertex 19.9149 4.9326 25.15
    endloop
  endfacet
  facet normal -0 0 1
    outer loop
      vertex 19.7798 5.53499 25.15
      vertex 19.9149 4.9326 25.15
      vertex 19.8095 5.54022 25.15
    endloop
  endfacet
  facet normal -0 0 1
    outer loop
      vertex 19.7504 5.52926 25.15
      vertex 19.9149 4.9326 25.15
      vertex 19.7798 5.53499 25.15
    endloop
  endfacet
  facet normal 0 0 1
    outer loop
      vertex 19.9149 4.9326 25.15
      vertex 19.7504 5.52926 25.15
      vertex 19.8908 4.92497 25.15
    endloop
  endfacet
  facet normal -0 0 1
    outer loop
      vertex 19.7212 5.52304 25.15
      vertex 19.8908 4.92497 25.15
      vertex 19.7504 5.52926 25.15
    endloop
  endfacet
  facet normal -0 0 1
    outer loop
      vertex 19.6922 5.51631 25.15
      vertex 19.8908 4.92497 25.15
      vertex 19.7212 5.52304 25.15
    endloop
  endfacet
  facet normal 0 0 1
    outer loop
      vertex 19.8908 4.92497 25.15
      vertex 19.6922 5.51631 25.15
      vertex 19.8673 4.91633 25.15
    endloop
  endfacet
  facet normal -0 0 1
    outer loop
      vertex 19.6634 5.50908 25.15
      vertex 19.8673 4.91633 25.15
      vertex 19.6922 5.51631 25.15
    endloop
  endfacet
  facet normal 0 0 1
    outer loop
      vertex 19.8673 4.91633 25.15
      vertex 19.6634 5.50908 25.15
      vertex 19.8446 4.90666 25.15
    endloop
  endfacet
  facet normal -0 0 1
    outer loop
      vertex 19.6348 5.50136 25.15
      vertex 19.8446 4.90666 25.15
      vertex 19.6634 5.50908 25.15
    endloop
  endfacet
  facet normal -0 0 1
    outer loop
      vertex 19.6065 5.49313 25.15
      vertex 19.8446 4.90666 25.15
      vertex 19.6348 5.50136 25.15
    endloop
  endfacet
  facet normal 0 0 1
    outer loop
      vertex 19.8446 4.90666 25.15
      vertex 19.6065 5.49313 25.15
      vertex 19.8225 4.89598 25.15
    endloop
  endfacet
  facet normal -0 0 1
    outer loop
      vertex 19.5786 5.48439 25.15
      vertex 19.8225 4.89598 25.15
      vertex 19.6065 5.49313 25.15
    endloop
  endfacet
  facet normal -0 0 1
    outer loop
      vertex 19.5512 5.47513 25.15
      vertex 19.8225 4.89598 25.15
      vertex 19.5786 5.48439 25.15
    endloop
  endfacet
  facet normal 0 0 1
    outer loop
      vertex 19.8225 4.89598 25.15
      vertex 19.5512 5.47513 25.15
      vertex 19.8012 4.88429 25.15
    endloop
  endfacet
  facet normal -0 0 1
    outer loop
      vertex 19.5242 5.46534 25.15
      vertex 19.8012 4.88429 25.15
      vertex 19.5512 5.47513 25.15
    endloop
  endfacet
  facet normal -0 0 1
    outer loop
      vertex 19.4975 5.45504 25.15
      vertex 19.8012 4.88429 25.15
      vertex 19.5242 5.46534 25.15
    endloop
  endfacet
  facet normal 0 0 1
    outer loop
      vertex 19.8012 4.88429 25.15
      vertex 19.4975 5.45504 25.15
      vertex 19.7805 4.87156 25.15
    endloop
  endfacet
  facet normal -0 0 1
    outer loop
      vertex 19.4713 5.44423 25.15
      vertex 19.7805 4.87156 25.15
      vertex 19.4975 5.45504 25.15
    endloop
  endfacet
  facet normal -0 0 1
    outer loop
      vertex 19.4455 5.43289 25.15
      vertex 19.7805 4.87156 25.15
      vertex 19.4713 5.44423 25.15
    endloop
  endfacet
  facet normal 0 0 1
    outer loop
      vertex 19.7805 4.87156 25.15
      vertex 19.4455 5.43289 25.15
      vertex 19.7606 4.85783 25.15
    endloop
  endfacet
  facet normal -0 0 1
    outer loop
      vertex 19.4202 5.42102 25.15
      vertex 19.7606 4.85783 25.15
      vertex 19.4455 5.43289 25.15
    endloop
  endfacet
  facet normal -0 0 1
    outer loop
      vertex 19.3952 5.40864 25.15
      vertex 19.7606 4.85783 25.15
      vertex 19.4202 5.42102 25.15
    endloop
  endfacet
  facet normal 0 0 1
    outer loop
      vertex 19.7606 4.85783 25.15
      vertex 19.3952 5.40864 25.15
      vertex 19.7414 4.84309 25.15
    endloop
  endfacet
  facet normal -0 0 1
    outer loop
      vertex 19.3706 5.39575 25.15
      vertex 19.7414 4.84309 25.15
      vertex 19.3952 5.40864 25.15
    endloop
  endfacet
  facet normal -0 0 1
    outer loop
      vertex 19.3465 5.38232 25.15
      vertex 19.7414 4.84309 25.15
      vertex 19.3706 5.39575 25.15
    endloop
  endfacet
  facet normal 0 0 1
    outer loop
      vertex 19.7414 4.84309 25.15
      vertex 19.3465 5.38232 25.15
      vertex 19.7229 4.82733 25.15
    endloop
  endfacet
  facet normal -0 0 1
    outer loop
      vertex 19.3228 5.36839 25.15
      vertex 19.7229 4.82733 25.15
      vertex 19.3465 5.38232 25.15
    endloop
  endfacet
  facet normal -0 0 1
    outer loop
      vertex 19.2995 5.35392 25.15
      vertex 19.7229 4.82733 25.15
      vertex 19.3228 5.36839 25.15
    endloop
  endfacet
  facet normal 0 0 1
    outer loop
      vertex 19.7229 4.82733 25.15
      vertex 19.2995 5.35392 25.15
      vertex 19.7053 4.81062 25.15
    endloop
  endfacet
  facet normal -0 0 1
    outer loop
      vertex 19.2766 5.33896 25.15
      vertex 19.7053 4.81062 25.15
      vertex 19.2995 5.35392 25.15
    endloop
  endfacet
  facet normal -0 0 1
    outer loop
      vertex 19.2541 5.32345 25.15
      vertex 19.7053 4.81062 25.15
      vertex 19.2766 5.33896 25.15
    endloop
  endfacet
  facet normal 0 0 1
    outer loop
      vertex 19.7053 4.81062 25.15
      vertex 19.2541 5.32345 25.15
      vertex 19.6886 4.79307 25.15
    endloop
  endfacet
  facet normal -0 0 1
    outer loop
      vertex 19.232 5.30745 25.15
      vertex 19.6886 4.79307 25.15
      vertex 19.2541 5.32345 25.15
    endloop
  endfacet
  facet normal -0 0 1
    outer loop
      vertex 19.2103 5.29091 25.15
      vertex 19.6886 4.79307 25.15
      vertex 19.232 5.30745 25.15
    endloop
  endfacet
  facet normal 0 0 1
    outer loop
      vertex 19.6886 4.79307 25.15
      vertex 19.2103 5.29091 25.15
      vertex 19.6729 4.77469 25.15
    endloop
  endfacet
  facet normal -0 0 1
    outer loop
      vertex 19.1892 5.27383 25.15
      vertex 19.6729 4.77469 25.15
      vertex 19.2103 5.29091 25.15
    endloop
  endfacet
  facet normal -0 0 1
    outer loop
      vertex 19.1685 5.25624 25.15
      vertex 19.6729 4.77469 25.15
      vertex 19.1892 5.27383 25.15
    endloop
  endfacet
  facet normal -0 0 1
    outer loop
      vertex 19.1482 5.2381 25.15
      vertex 19.6729 4.77469 25.15
      vertex 19.1685 5.25624 25.15
    endloop
  endfacet
  facet normal 0 0 1
    outer loop
      vertex 19.6729 4.77469 25.15
      vertex 19.1482 5.2381 25.15
      vertex 19.6581 4.75544 25.15
    endloop
  endfacet
  facet normal -0 0 1
    outer loop
      vertex 19.1285 5.21945 25.15
      vertex 19.6581 4.75544 25.15
      vertex 19.1482 5.2381 25.15
    endloop
  endfacet
  facet normal -0 0 1
    outer loop
      vertex 19.1092 5.20025 25.15
      vertex 19.6581 4.75544 25.15
      vertex 19.1285 5.21945 25.15
    endloop
  endfacet
  facet normal 0 0 1
    outer loop
      vertex 19.6581 4.75544 25.15
      vertex 19.1092 5.20025 25.15
      vertex 19.6443 4.73535 25.15
    endloop
  endfacet
  facet normal -0 0 1
    outer loop
      vertex 19.0903 5.18054 25.15
      vertex 19.6443 4.73535 25.15
      vertex 19.1092 5.20025 25.15
    endloop
  endfacet
  facet normal -0 0 1
    outer loop
      vertex 19.072 5.16028 25.15
      vertex 19.6443 4.73535 25.15
      vertex 19.0903 5.18054 25.15
    endloop
  endfacet
  facet normal -0 0 1
    outer loop
      vertex 19.054 5.13951 25.15
      vertex 19.6443 4.73535 25.15
      vertex 19.072 5.16028 25.15
    endloop
  endfacet
  facet normal 0 0 1
    outer loop
      vertex 19.6443 4.73535 25.15
      vertex 19.054 5.13951 25.15
      vertex 19.6315 4.71441 25.15
    endloop
  endfacet
  facet normal -0 0 1
    outer loop
      vertex 19.0366 5.11819 25.15
      vertex 19.6315 4.71441 25.15
      vertex 19.054 5.13951 25.15
    endloop
  endfacet
  facet normal -0 0 1
    outer loop
      vertex 19.0196 5.09636 25.15
      vertex 19.6315 4.71441 25.15
      vertex 19.0366 5.11819 25.15
    endloop
  endfacet
  facet normal 0 0 1
    outer loop
      vertex 19.6315 4.71441 25.15
      vertex 19.0196 5.09636 25.15
      vertex 19.6196 4.69262 25.15
    endloop
  endfacet
  facet normal -0 0 1
    outer loop
      vertex 19.0031 5.07399 25.15
      vertex 19.6196 4.69262 25.15
      vertex 19.0196 5.09636 25.15
    endloop
  endfacet
  facet normal -0 0 1
    outer loop
      vertex 18.9871 5.05108 25.15
      vertex 19.6196 4.69262 25.15
      vertex 19.0031 5.07399 25.15
    endloop
  endfacet
  facet normal 0 0 1
    outer loop
      vertex 19.6196 4.69262 25.15
      vertex 18.9871 5.05108 25.15
      vertex 19.6087 4.67 25.15
    endloop
  endfacet
  facet normal -0 0 1
    outer loop
      vertex 18.9715 5.02765 25.15
      vertex 19.6087 4.67 25.15
      vertex 18.9871 5.05108 25.15
    endloop
  endfacet
  facet normal -0 0 1
    outer loop
      vertex 18.9564 5.00369 25.15
      vertex 19.6087 4.67 25.15
      vertex 18.9715 5.02765 25.15
    endloop
  endfacet
  facet normal 0 0 1
    outer loop
      vertex 19.6087 4.67 25.15
      vertex 18.9564 5.00369 25.15
      vertex 19.5988 4.64651 25.15
    endloop
  endfacet
  facet normal -0 0 1
    outer loop
      vertex 18.9417 4.9792 25.15
      vertex 19.5988 4.64651 25.15
      vertex 18.9564 5.00369 25.15
    endloop
  endfacet
  facet normal -0 0 1
    outer loop
      vertex 18.9277 4.95417 25.15
      vertex 19.5988 4.64651 25.15
      vertex 18.9417 4.9792 25.15
    endloop
  endfacet
  facet normal -0 0 1
    outer loop
      vertex 18.9142 4.9286 25.15
      vertex 19.5988 4.64651 25.15
      vertex 18.9277 4.95417 25.15
    endloop
  endfacet
  facet normal 0 0 1
    outer loop
      vertex 19.5988 4.64651 25.15
      vertex 18.9142 4.9286 25.15
      vertex 19.5898 4.62219 25.15
    endloop
  endfacet
  facet normal -0 0 1
    outer loop
      vertex 18.9014 4.90248 25.15
      vertex 19.5898 4.62219 25.15
      vertex 18.9142 4.9286 25.15
    endloop
  endfacet
  facet normal -0 0 1
    outer loop
      vertex 18.8893 4.87579 25.15
      vertex 19.5898 4.62219 25.15
      vertex 18.9014 4.90248 25.15
    endloop
  endfacet
  facet normal 0 0 1
    outer loop
      vertex 19.5898 4.62219 25.15
      vertex 18.8893 4.87579 25.15
      vertex 19.5818 4.59701 25.15
    endloop
  endfacet
  facet normal -0 0 1
    outer loop
      vertex 18.8778 4.84857 25.15
      vertex 19.5818 4.59701 25.15
      vertex 18.8893 4.87579 25.15
    endloop
  endfacet
  facet normal -0 0 1
    outer loop
      vertex 18.8669 4.82078 25.15
      vertex 19.5818 4.59701 25.15
      vertex 18.8778 4.84857 25.15
    endloop
  endfacet
  facet normal 0 0 1
    outer loop
      vertex 19.5818 4.59701 25.15
      vertex 18.8669 4.82078 25.15
      vertex 19.5747 4.57098 25.15
    endloop
  endfacet
  facet normal -0 0 1
    outer loop
      vertex 18.8567 4.79245 25.15
      vertex 19.5747 4.57098 25.15
      vertex 18.8669 4.82078 25.15
    endloop
  endfacet
  facet normal -0 0 1
    outer loop
      vertex 18.8472 4.76358 25.15
      vertex 19.5747 4.57098 25.15
      vertex 18.8567 4.79245 25.15
    endloop
  endfacet
  facet normal 0 0 1
    outer loop
      vertex 19.5747 4.57098 25.15
      vertex 18.8472 4.76358 25.15
      vertex 19.5686 4.54411 25.15
    endloop
  endfacet
  facet normal -0 0 1
    outer loop
      vertex 18.8382 4.73414 25.15
      vertex 19.5686 4.54411 25.15
      vertex 18.8472 4.76358 25.15
    endloop
  endfacet
  facet normal -0 0 1
    outer loop
      vertex 18.83 4.70416 25.15
      vertex 19.5686 4.54411 25.15
      vertex 18.8382 4.73414 25.15
    endloop
  endfacet
  facet normal 0 0 1
    outer loop
      vertex 19.5686 4.54411 25.15
      vertex 18.83 4.70416 25.15
      vertex 19.5635 4.51639 25.15
    endloop
  endfacet
  facet normal -0 0 1
    outer loop
      vertex 18.8223 4.67363 25.15
      vertex 19.5635 4.51639 25.15
      vertex 18.83 4.70416 25.15
    endloop
  endfacet
  facet normal -0 0 1
    outer loop
      vertex 18.8154 4.64253 25.15
      vertex 19.5635 4.51639 25.15
      vertex 18.8223 4.67363 25.15
    endloop
  endfacet
  facet normal 0 0 1
    outer loop
      vertex 19.5635 4.51639 25.15
      vertex 18.8154 4.64253 25.15
      vertex 19.5593 4.48782 25.15
    endloop
  endfacet
  facet normal -0 0 1
    outer loop
      vertex 18.8091 4.6109 25.15
      vertex 19.5593 4.48782 25.15
      vertex 18.8154 4.64253 25.15
    endloop
  endfacet
  facet normal -0 0 1
    outer loop
      vertex 18.8034 4.57872 25.15
      vertex 19.5593 4.48782 25.15
      vertex 18.8091 4.6109 25.15
    endloop
  endfacet
  facet normal 0 0 1
    outer loop
      vertex 19.5593 4.48782 25.15
      vertex 18.8034 4.57872 25.15
      vertex 19.5561 4.4584 25.15
    endloop
  endfacet
  facet normal -0 0 1
    outer loop
      vertex 18.7983 4.54597 25.15
      vertex 19.5561 4.4584 25.15
      vertex 18.8034 4.57872 25.15
    endloop
  endfacet
  facet normal 0 0 1
    outer loop
      vertex 19.5561 4.4584 25.15
      vertex 18.7983 4.54597 25.15
      vertex 18.7939 4.51268 25.15
    endloop
  endfacet
  facet normal 0 0 1
    outer loop
      vertex 20.98 3.79741 25.15
      vertex 20.5598 4.19397 25.15
      vertex 20.9613 3.78668 25.15
    endloop
  endfacet
  facet normal 0 0 1
    outer loop
      vertex 20.9613 3.78668 25.15
      vertex 20.5598 4.19397 25.15
      vertex 20.9422 3.7762 25.15
    endloop
  endfacet
  facet normal -0 0 1
    outer loop
      vertex 20.5522 4.18142 25.15
      vertex 20.9422 3.7762 25.15
      vertex 20.5598 4.19397 25.15
    endloop
  endfacet
  facet normal 0 0 1
    outer loop
      vertex 20.9422 3.7762 25.15
      vertex 20.5522 4.18142 25.15
      vertex 20.9227 3.76603 25.15
    endloop
  endfacet
  facet normal -0 0 1
    outer loop
      vertex 20.5443 4.16923 25.15
      vertex 20.9227 3.76603 25.15
      vertex 20.5522 4.18142 25.15
    endloop
  endfacet
  facet normal 0 0 1
    outer loop
      vertex 20.9227 3.76603 25.15
      vertex 20.5443 4.16923 25.15
      vertex 20.9027 3.75618 25.15
    endloop
  endfacet
  facet normal 0 0 1
    outer loop
      vertex 20.9027 3.75618 25.15
      vertex 20.5443 4.16923 25.15
      vertex 20.8822 3.74666 25.15
    endloop
  endfacet
  facet normal -0 0 1
    outer loop
      vertex 20.5362 4.15739 25.15
      vertex 20.8822 3.74666 25.15
      vertex 20.5443 4.16923 25.15
    endloop
  endfacet
  facet normal 0 0 1
    outer loop
      vertex 20.8822 3.74666 25.15
      vertex 20.5362 4.15739 25.15
      vertex 20.8614 3.73747 25.15
    endloop
  endfacet
  facet normal -0 0 1
    outer loop
      vertex 20.5277 4.1459 25.15
      vertex 20.8614 3.73747 25.15
      vertex 20.5362 4.15739 25.15
    endloop
  endfacet
  facet normal 0 0 1
    outer loop
      vertex 20.8614 3.73747 25.15
      vertex 20.5277 4.1459 25.15
      vertex 20.84 3.7286 25.15
    endloop
  endfacet
  facet normal -0 0 1
    outer loop
      vertex 20.519 4.13476 25.15
      vertex 20.84 3.7286 25.15
      vertex 20.5277 4.1459 25.15
    endloop
  endfacet
  facet normal 0 0 1
    outer loop
      vertex 20.84 3.7286 25.15
      vertex 20.519 4.13476 25.15
      vertex 20.8183 3.72007 25.15
    endloop
  endfacet
  facet normal 0 0 1
    outer loop
      vertex 20.8183 3.72007 25.15
      vertex 20.519 4.13476 25.15
      vertex 20.796 3.71187 25.15
    endloop
  endfacet
  facet normal -0 0 1
    outer loop
      vertex 20.5101 4.12396 25.15
      vertex 20.796 3.71187 25.15
      vertex 20.519 4.13476 25.15
    endloop
  endfacet
  facet normal -0 0 1
    outer loop
      vertex 20.5008 4.11352 25.15
      vertex 20.7734 3.70399 25.15
      vertex 20.5101 4.12396 25.15
    endloop
  endfacet
  facet normal 0 0 1
    outer loop
      vertex 20.796 3.71187 25.15
      vertex 20.5101 4.12396 25.15
      vertex 20.7734 3.70399 25.15
    endloop
  endfacet
  facet normal 0 0 1
    outer loop
      vertex 21 2.75 25.15
      vertex 20.7087 2.81407 25.15
      vertex 20.7089 2.79298 25.15
    endloop
  endfacet
  facet normal 0 0 1
    outer loop
      vertex 20.7443 3.61418 25.15
      vertex 20.7078 2.83464 25.15
      vertex 20.7087 2.81407 25.15
    endloop
  endfacet
  facet normal 0 0 1
    outer loop
      vertex 20.7443 3.61418 25.15
      vertex 20.7064 2.85467 25.15
      vertex 20.7078 2.83464 25.15
    endloop
  endfacet
  facet normal 0 0 1
    outer loop
      vertex 20.7443 3.61418 25.15
      vertex 20.7045 2.87417 25.15
      vertex 20.7064 2.85467 25.15
    endloop
  endfacet
  facet normal 0 0 1
    outer loop
      vertex 20.7443 3.61418 25.15
      vertex 20.7019 2.89316 25.15
      vertex 20.7045 2.87417 25.15
    endloop
  endfacet
  facet normal 0 0 1
    outer loop
      vertex 20.7443 3.61418 25.15
      vertex 20.6988 2.9116 25.15
      vertex 20.7019 2.89316 25.15
    endloop
  endfacet
  facet normal 0 0 1
    outer loop
      vertex 20.7443 3.61418 25.15
      vertex 20.6952 2.92952 25.15
      vertex 20.6988 2.9116 25.15
    endloop
  endfacet
  facet normal 0 0 1
    outer loop
      vertex 20.7443 3.61418 25.15
      vertex 20.691 2.9469 25.15
      vertex 20.6952 2.92952 25.15
    endloop
  endfacet
  facet normal 0 0 1
    outer loop
      vertex 20.5203 3.18618 25.15
      vertex 20.7174 3.61984 25.15
      vertex 20.6901 3.62509 25.15
    endloop
  endfacet
  facet normal 0 0 1
    outer loop
      vertex 20.7443 3.61418 25.15
      vertex 20.6862 2.96376 25.15
      vertex 20.691 2.9469 25.15
    endloop
  endfacet
  facet normal 0 0 1
    outer loop
      vertex 20.7443 3.61418 25.15
      vertex 20.6809 2.98008 25.15
      vertex 20.6862 2.96376 25.15
    endloop
  endfacet
  facet normal 0 0 1
    outer loop
      vertex 20.7443 3.61418 25.15
      vertex 20.675 2.99588 25.15
      vertex 20.6809 2.98008 25.15
    endloop
  endfacet
  facet normal 0 0 1
    outer loop
      vertex 20.7443 3.61418 25.15
      vertex 20.6685 3.01114 25.15
      vertex 20.675 2.99588 25.15
    endloop
  endfacet
  facet normal 0 0 1
    outer loop
      vertex 20.5079 3.19481 25.15
      vertex 20.6901 3.62509 25.15
      vertex 20.6624 3.62993 25.15
    endloop
  endfacet
  facet normal 0 0 1
    outer loop
      vertex 20.7443 3.61418 25.15
      vertex 20.6615 3.02588 25.15
      vertex 20.6685 3.01114 25.15
    endloop
  endfacet
  facet normal 0 0 1
    outer loop
      vertex 20.7443 3.61418 25.15
      vertex 20.6539 3.04008 25.15
      vertex 20.6615 3.02588 25.15
    endloop
  endfacet
  facet normal 0 0 1
    outer loop
      vertex 20.7443 3.61418 25.15
      vertex 20.6458 3.05375 25.15
      vertex 20.6539 3.04008 25.15
    endloop
  endfacet
  facet normal 0 0 1
    outer loop
      vertex 20.7443 3.61418 25.15
      vertex 20.6371 3.06689 25.15
      vertex 20.6458 3.05375 25.15
    endloop
  endfacet
  facet normal 0 0 1
    outer loop
      vertex 20.4952 3.20306 25.15
      vertex 20.6624 3.62993 25.15
      vertex 20.6341 3.63435 25.15
    endloop
  endfacet
  facet normal 0 0 1
    outer loop
      vertex 20.7443 3.61418 25.15
      vertex 20.6279 3.0796 25.15
      vertex 20.6371 3.06689 25.15
    endloop
  endfacet
  facet normal 0 0 1
    outer loop
      vertex 20.7443 3.61418 25.15
      vertex 20.6185 3.09193 25.15
      vertex 20.6279 3.0796 25.15
    endloop
  endfacet
  facet normal 0 0 1
    outer loop
      vertex 20.7443 3.61418 25.15
      vertex 20.6088 3.10388 25.15
      vertex 20.6185 3.09193 25.15
    endloop
  endfacet
  facet normal 0 0 1
    outer loop
      vertex 20.4822 3.21093 25.15
      vertex 20.6341 3.63435 25.15
      vertex 20.6053 3.63836 25.15
    endloop
  endfacet
  facet normal 0 0 1
    outer loop
      vertex 20.7443 3.61418 25.15
      vertex 20.5987 3.11548 25.15
      vertex 20.6088 3.10388 25.15
    endloop
  endfacet
  facet normal 0 0 1
    outer loop
      vertex 20.7443 3.61418 25.15
      vertex 20.5884 3.12669 25.15
      vertex 20.5987 3.11548 25.15
    endloop
  endfacet
  facet normal 0 0 1
    outer loop
      vertex 20.7443 3.61418 25.15
      vertex 20.5778 3.13752 25.15
      vertex 20.5884 3.12669 25.15
    endloop
  endfacet
  facet normal 0 0 1
    outer loop
      vertex 20.4553 3.22558 25.15
      vertex 20.6053 3.63836 25.15
      vertex 20.5761 3.64196 25.15
    endloop
  endfacet
  facet normal 0 0 1
    outer loop
      vertex 20.7734 3.70399 25.15
      vertex 20.5008 4.11352 25.15
      vertex 20.7503 3.69644 25.15
    endloop
  endfacet
  facet normal -0 0 1
    outer loop
      vertex 20.4913 4.10344 25.15
      vertex 20.7503 3.69644 25.15
      vertex 20.5008 4.11352 25.15
    endloop
  endfacet
  facet normal 0 0 1
    outer loop
      vertex 20.7503 3.69644 25.15
      vertex 20.4913 4.10344 25.15
      vertex 20.7267 3.68922 25.15
    endloop
  endfacet
  facet normal -0 0 1
    outer loop
      vertex 20.4815 4.09369 25.15
      vertex 20.7267 3.68922 25.15
      vertex 20.4913 4.10344 25.15
    endloop
  endfacet
  facet normal 0 0 1
    outer loop
      vertex 20.7267 3.68922 25.15
      vertex 20.4815 4.09369 25.15
      vertex 20.7027 3.68234 25.15
    endloop
  endfacet
  facet normal -0 0 1
    outer loop
      vertex 20.4714 4.0843 25.15
      vertex 20.7027 3.68234 25.15
      vertex 20.4815 4.09369 25.15
    endloop
  endfacet
  facet normal 0 0 1
    outer loop
      vertex 20.7027 3.68234 25.15
      vertex 20.4714 4.0843 25.15
      vertex 20.6783 3.67576 25.15
    endloop
  endfacet
  facet normal -0 0 1
    outer loop
      vertex 20.461 4.07525 25.15
      vertex 20.6783 3.67576 25.15
      vertex 20.4714 4.0843 25.15
    endloop
  endfacet
  facet normal 0 0 1
    outer loop
      vertex 20.7443 3.61418 25.15
      vertex 20.5669 3.14801 25.15
      vertex 20.5778 3.13752 25.15
    endloop
  endfacet
  facet normal 0 0 1
    outer loop
      vertex 20.6783 3.67576 25.15
      vertex 20.461 4.07525 25.15
      vertex 20.6534 3.66954 25.15
    endloop
  endfacet
  facet normal 0 0 1
    outer loop
      vertex 20.7443 3.61418 25.15
      vertex 20.5557 3.15811 25.15
      vertex 20.5669 3.14801 25.15
    endloop
  endfacet
  facet normal -0 0 1
    outer loop
      vertex 20.4504 4.06656 25.15
      vertex 20.6534 3.66954 25.15
      vertex 20.461 4.07525 25.15
    endloop
  endfacet
  facet normal 0 0 1
    outer loop
      vertex 20.7443 3.61418 25.15
      vertex 20.5442 3.16784 25.15
      vertex 20.5557 3.15811 25.15
    endloop
  endfacet
  facet normal 0 0 1
    outer loop
      vertex 20.6534 3.66954 25.15
      vertex 20.4504 4.06656 25.15
      vertex 20.6281 3.66363 25.15
    endloop
  endfacet
  facet normal 0 0 1
    outer loop
      vertex 20.7443 3.61418 25.15
      vertex 20.5324 3.1772 25.15
      vertex 20.5442 3.16784 25.15
    endloop
  endfacet
  facet normal -0 0 1
    outer loop
      vertex 20.4395 4.05821 25.15
      vertex 20.6281 3.66363 25.15
      vertex 20.4504 4.06656 25.15
    endloop
  endfacet
  facet normal 0 0 1
    outer loop
      vertex 20.7174 3.61984 25.15
      vertex 20.5203 3.18618 25.15
      vertex 20.5324 3.1772 25.15
    endloop
  endfacet
  facet normal 0 0 1
    outer loop
      vertex 20.6281 3.66363 25.15
      vertex 20.4395 4.05821 25.15
      vertex 20.6023 3.65805 25.15
    endloop
  endfacet
  facet normal 0 0 1
    outer loop
      vertex 20.6901 3.62509 25.15
      vertex 20.5079 3.19481 25.15
      vertex 20.5203 3.18618 25.15
    endloop
  endfacet
  facet normal -0 0 1
    outer loop
      vertex 20.4283 4.05023 25.15
      vertex 20.6023 3.65805 25.15
      vertex 20.4395 4.05821 25.15
    endloop
  endfacet
  facet normal 0 0 1
    outer loop
      vertex 20.6624 3.62993 25.15
      vertex 20.4952 3.20306 25.15
      vertex 20.5079 3.19481 25.15
    endloop
  endfacet
  facet normal 0 0 1
    outer loop
      vertex 20.6023 3.65805 25.15
      vertex 20.4283 4.05023 25.15
      vertex 20.5761 3.6528 25.15
    endloop
  endfacet
  facet normal 0 0 1
    outer loop
      vertex 20.6341 3.63435 25.15
      vertex 20.4822 3.21093 25.15
      vertex 20.4952 3.20306 25.15
    endloop
  endfacet
  facet normal -0 0 1
    outer loop
      vertex 20.4169 4.04258 25.15
      vertex 20.5761 3.6528 25.15
      vertex 20.4283 4.05023 25.15
    endloop
  endfacet
  facet normal 0 0 1
    outer loop
      vertex 20.6053 3.63836 25.15
      vertex 20.4689 3.21844 25.15
      vertex 20.4822 3.21093 25.15
    endloop
  endfacet
  facet normal -0 0 1
    outer loop
      vertex 20.4051 4.03528 25.15
      vertex 20.5761 3.6528 25.15
      vertex 20.4169 4.04258 25.15
    endloop
  endfacet
  facet normal 0 0 1
    outer loop
      vertex 20.6053 3.63836 25.15
      vertex 20.4553 3.22558 25.15
      vertex 20.4689 3.21844 25.15
    endloop
  endfacet
  facet normal -0 0 1
    outer loop
      vertex 20.3932 4.0283 25.15
      vertex 20.5761 3.6528 25.15
      vertex 20.4051 4.03528 25.15
    endloop
  endfacet
  facet normal 0 0 1
    outer loop
      vertex 20.5761 3.64196 25.15
      vertex 20.4415 3.23239 25.15
      vertex 20.4553 3.22558 25.15
    endloop
  endfacet
  facet normal -0 0 1
    outer loop
      vertex 20.381 4.02159 25.15
      vertex 20.5761 3.6528 25.15
      vertex 20.3932 4.0283 25.15
    endloop
  endfacet
  facet normal 0 0 1
    outer loop
      vertex 20.5761 3.64196 25.15
      vertex 20.4276 3.23892 25.15
      vertex 20.4415 3.23239 25.15
    endloop
  endfacet
  facet normal -0 0 1
    outer loop
      vertex 20.3687 4.01516 25.15
      vertex 20.5761 3.6528 25.15
      vertex 20.381 4.02159 25.15
    endloop
  endfacet
  facet normal 0 0 1
    outer loop
      vertex 20.5761 3.64196 25.15
      vertex 20.4135 3.24516 25.15
      vertex 20.4276 3.23892 25.15
    endloop
  endfacet
  facet normal -0 0 1
    outer loop
      vertex 20.3562 4.009 25.15
      vertex 20.5761 3.6528 25.15
      vertex 20.3687 4.01516 25.15
    endloop
  endfacet
  facet normal 0 0 1
    outer loop
      vertex 20.5761 3.64196 25.15
      vertex 20.3993 3.25111 25.15
      vertex 20.4135 3.24516 25.15
    endloop
  endfacet
  facet normal -0 0 1
    outer loop
      vertex 20.3436 4.00313 25.15
      vertex 20.5761 3.6528 25.15
      vertex 20.3562 4.009 25.15
    endloop
  endfacet
  facet normal 0 0 1
    outer loop
      vertex 20.5761 3.64196 25.15
      vertex 20.3849 3.25677 25.15
      vertex 20.3993 3.25111 25.15
    endloop
  endfacet
  facet normal -0 0 1
    outer loop
      vertex 20.3307 3.99753 25.15
      vertex 20.5761 3.6528 25.15
      vertex 20.3436 4.00313 25.15
    endloop
  endfacet
  facet normal 0 0 1
    outer loop
      vertex 20.5761 3.64196 25.15
      vertex 20.3704 3.26214 25.15
      vertex 20.3849 3.25677 25.15
    endloop
  endfacet
  facet normal -0 0 1
    outer loop
      vertex 20.3177 3.99218 25.15
      vertex 20.5761 3.6528 25.15
      vertex 20.3307 3.99753 25.15
    endloop
  endfacet
  facet normal 0 0 1
    outer loop
      vertex 20.5761 3.64196 25.15
      vertex 20.3558 3.26724 25.15
      vertex 20.3704 3.26214 25.15
    endloop
  endfacet
  facet normal -0 0 1
    outer loop
      vertex 20.3044 3.98713 25.15
      vertex 20.5761 3.6528 25.15
      vertex 20.3177 3.99218 25.15
    endloop
  endfacet
  facet normal 0 0 1
    outer loop
      vertex 20.5761 3.64196 25.15
      vertex 20.341 3.27205 25.15
      vertex 20.3558 3.26724 25.15
    endloop
  endfacet
  facet normal -0 0 1
    outer loop
      vertex 20.291 3.98236 25.15
      vertex 20.5761 3.6528 25.15
      vertex 20.3044 3.98713 25.15
    endloop
  endfacet
  facet normal 0 0 1
    outer loop
      vertex 20.5761 3.64196 25.15
      vertex 20.3261 3.27656 25.15
      vertex 20.341 3.27205 25.15
    endloop
  endfacet
  facet normal -0 0 1
    outer loop
      vertex 20.2775 3.97784 25.15
      vertex 20.5761 3.6528 25.15
      vertex 20.291 3.98236 25.15
    endloop
  endfacet
  facet normal 0 0 1
    outer loop
      vertex 20.5761 3.64196 25.15
      vertex 20.3111 3.2808 25.15
      vertex 20.3261 3.27656 25.15
    endloop
  endfacet
  facet normal -0 0 1
    outer loop
      vertex 20.2637 3.97361 25.15
      vertex 20.5761 3.6528 25.15
      vertex 20.2775 3.97784 25.15
    endloop
  endfacet
  facet normal -0 0 1
    outer loop
      vertex 20.2498 3.96966 25.15
      vertex 20.5761 3.6528 25.15
      vertex 20.2637 3.97361 25.15
    endloop
  endfacet
  facet normal 0 0 1
    outer loop
      vertex 20.5761 3.64196 25.15
      vertex 20.2959 3.28474 25.15
      vertex 20.3111 3.2808 25.15
    endloop
  endfacet
  facet normal -0 0 1
    outer loop
      vertex 20.2357 3.96599 25.15
      vertex 20.5761 3.6528 25.15
      vertex 20.2498 3.96966 25.15
    endloop
  endfacet
  facet normal 0 0 1
    outer loop
      vertex 20.5761 3.64196 25.15
      vertex 20.2806 3.2884 25.15
      vertex 20.2959 3.28474 25.15
    endloop
  endfacet
  facet normal -0 0 1
    outer loop
      vertex 20.2214 3.96258 25.15
      vertex 20.5761 3.6528 25.15
      vertex 20.2357 3.96599 25.15
    endloop
  endfacet
  facet normal 0 0 1
    outer loop
      vertex 20.5761 3.64196 25.15
      vertex 20.2652 3.29178 25.15
      vertex 20.2806 3.2884 25.15
    endloop
  endfacet
  facet normal -0 0 1
    outer loop
      vertex 20.2069 3.95945 25.15
      vertex 20.5761 3.6528 25.15
      vertex 20.2214 3.96258 25.15
    endloop
  endfacet
  facet normal 0 0 1
    outer loop
      vertex 20.5761 3.64196 25.15
      vertex 20.2496 3.29486 25.15
      vertex 20.2652 3.29178 25.15
    endloop
  endfacet
  facet normal 0 0 1
    outer loop
      vertex 20.5761 3.6528 25.15
      vertex 20.2069 3.95945 25.15
      vertex 20.5761 3.64196 25.15
    endloop
  endfacet
  facet normal 0 0 1
    outer loop
      vertex 20.5761 3.64196 25.15
      vertex 20.2338 3.29767 25.15
      vertex 20.2496 3.29486 25.15
    endloop
  endfacet
  facet normal -0 0 1
    outer loop
      vertex 20.1922 3.9566 25.15
      vertex 20.5761 3.64196 25.15
      vertex 20.2069 3.95945 25.15
    endloop
  endfacet
  facet normal 0 0 1
    outer loop
      vertex 20.5761 3.64196 25.15
      vertex 20.218 3.30018 25.15
      vertex 20.2338 3.29767 25.15
    endloop
  endfacet
  facet normal 0 -0 1
    outer loop
      vertex 20.2021 3.30247 25.15
      vertex 20.5761 3.64196 25.15
      vertex 20.1922 3.9566 25.15
    endloop
  endfacet
  facet normal 0 0 1
    outer loop
      vertex 20.5761 3.64196 25.15
      vertex 20.2021 3.30247 25.15
      vertex 20.218 3.30018 25.15
    endloop
  endfacet
  facet normal -0 0 1
    outer loop
      vertex 20.1775 3.95398 25.15
      vertex 20.2021 3.30247 25.15
      vertex 20.1922 3.9566 25.15
    endloop
  endfacet
  facet normal 0 0 1
    outer loop
      vertex 20.2021 3.30247 25.15
      vertex 20.1775 3.95398 25.15
      vertex 20.1863 3.30462 25.15
    endloop
  endfacet
  facet normal -0 0 1
    outer loop
      vertex 20.1628 3.95152 25.15
      vertex 20.1863 3.30462 25.15
      vertex 20.1775 3.95398 25.15
    endloop
  endfacet
  facet normal 0 0 1
    outer loop
      vertex 20.1863 3.30462 25.15
      vertex 20.1628 3.95152 25.15
      vertex 20.1707 3.30664 25.15
    endloop
  endfacet
  facet normal -0 0 1
    outer loop
      vertex 20.1481 3.94923 25.15
      vertex 20.1707 3.30664 25.15
      vertex 20.1628 3.95152 25.15
    endloop
  endfacet
  facet normal 0 0 1
    outer loop
      vertex 20.1707 3.30664 25.15
      vertex 20.1481 3.94923 25.15
      vertex 20.1551 3.30848 25.15
    endloop
  endfacet
  facet normal -0 0 1
    outer loop
      vertex 20.1335 3.94711 25.15
      vertex 20.1551 3.30848 25.15
      vertex 20.1481 3.94923 25.15
    endloop
  endfacet
  facet normal 0 0 1
    outer loop
      vertex 20.1551 3.30848 25.15
      vertex 20.1335 3.94711 25.15
      vertex 20.1396 3.31019 25.15
    endloop
  endfacet
  facet normal -0 0 1
    outer loop
      vertex 20.1189 3.94517 25.15
      vertex 20.1396 3.31019 25.15
      vertex 20.1335 3.94711 25.15
    endloop
  endfacet
  facet normal 0 0 1
    outer loop
      vertex 20.1396 3.31019 25.15
      vertex 20.1189 3.94517 25.15
      vertex 20.1243 3.31175 25.15
    endloop
  endfacet
  facet normal -0 0 1
    outer loop
      vertex 20.1043 3.94339 25.15
      vertex 20.1243 3.31175 25.15
      vertex 20.1189 3.94517 25.15
    endloop
  endfacet
  facet normal 0 0 1
    outer loop
      vertex 20.1243 3.31175 25.15
      vertex 20.1043 3.94339 25.15
      vertex 20.109 3.31317 25.15
    endloop
  endfacet
  facet normal -0 0 1
    outer loop
      vertex 20.0898 3.94178 25.15
      vertex 20.109 3.31317 25.15
      vertex 20.1043 3.94339 25.15
    endloop
  endfacet
  facet normal 0 0 1
    outer loop
      vertex 20.109 3.31317 25.15
      vertex 20.0898 3.94178 25.15
      vertex 20.0939 3.31444 25.15
    endloop
  endfacet
  facet normal -0 0 1
    outer loop
      vertex 20.0752 3.94034 25.15
      vertex 20.0939 3.31444 25.15
      vertex 20.0898 3.94178 25.15
    endloop
  endfacet
  facet normal 0 0 1
    outer loop
      vertex 20.0939 3.31444 25.15
      vertex 20.0752 3.94034 25.15
      vertex 20.0789 3.31553 25.15
    endloop
  endfacet
  facet normal -0 0 1
    outer loop
      vertex 20.0608 3.93907 25.15
      vertex 20.0789 3.31553 25.15
      vertex 20.0752 3.94034 25.15
    endloop
  endfacet
  facet normal 0 0 1
    outer loop
      vertex 20.0789 3.31553 25.15
      vertex 20.0608 3.93907 25.15
      vertex 20.0639 3.31651 25.15
    endloop
  endfacet
  facet normal -0 0 1
    outer loop
      vertex 20.0463 3.93797 25.15
      vertex 20.0639 3.31651 25.15
      vertex 20.0608 3.93907 25.15
    endloop
  endfacet
  facet normal 0 0 1
    outer loop
      vertex 20.0639 3.31651 25.15
      vertex 20.0463 3.93797 25.15
      vertex 20.0491 3.31732 25.15
    endloop
  endfacet
  facet normal -0 0 1
    outer loop
      vertex 20.0319 3.93704 25.15
      vertex 20.0491 3.31732 25.15
      vertex 20.0463 3.93797 25.15
    endloop
  endfacet
  facet normal 0 0 1
    outer loop
      vertex 20.0491 3.31732 25.15
      vertex 20.0319 3.93704 25.15
      vertex 20.0344 3.31799 25.15
    endloop
  endfacet
  facet normal 0 0 1
    outer loop
      vertex 20.0319 3.93704 25.15
      vertex 20.0198 3.31851 25.15
      vertex 20.0344 3.31799 25.15
    endloop
  endfacet
  facet normal -0 0 1
    outer loop
      vertex 20.0175 3.93628 25.15
      vertex 20.0198 3.31851 25.15
      vertex 20.0319 3.93704 25.15
    endloop
  endfacet
  facet normal 0 0 1
    outer loop
      vertex 20.0175 3.93628 25.15
      vertex 20.0053 3.31888 25.15
      vertex 20.0198 3.31851 25.15
    endloop
  endfacet
  facet normal -0 0 1
    outer loop
      vertex 20.0032 3.93568 25.15
      vertex 20.0053 3.31888 25.15
      vertex 20.0175 3.93628 25.15
    endloop
  endfacet
  facet normal 0 0 1
    outer loop
      vertex 20.0032 3.93568 25.15
      vertex 19.9909 3.3191 25.15
      vertex 20.0053 3.31888 25.15
    endloop
  endfacet
  facet normal -0 0 1
    outer loop
      vertex 19.9888 3.93525 25.15
      vertex 19.9909 3.3191 25.15
      vertex 20.0032 3.93568 25.15
    endloop
  endfacet
  facet normal 0 0 1
    outer loop
      vertex 19.9888 3.93525 25.15
      vertex 19.9766 3.31918 25.15
      vertex 19.9909 3.3191 25.15
    endloop
  endfacet
  facet normal -0 0 1
    outer loop
      vertex 19.9745 3.93501 25.15
      vertex 19.9766 3.31918 25.15
      vertex 19.9888 3.93525 25.15
    endloop
  endfacet
  facet normal -0 0 1
    outer loop
      vertex 19.9603 3.93492 25.15
      vertex 19.9766 3.31918 25.15
      vertex 19.9745 3.93501 25.15
    endloop
  endfacet
  facet normal 0 0 1
    outer loop
      vertex 19.7107 3.31918 25.15
      vertex 19.9603 3.93492 25.15
      vertex 19.7107 3.93492 25.15
    endloop
  endfacet
  facet normal 0 0 1
    outer loop
      vertex 19.9603 3.93492 25.15
      vertex 19.7107 3.31918 25.15
      vertex 19.9766 3.31918 25.15
    endloop
  endfacet
  facet normal 0 0 1
    outer loop
      vertex 20.7087 2.81407 25.15
      vertex 21.0071 3.52467 25.15
      vertex 20.9856 3.53482 25.15
    endloop
  endfacet
  facet normal 0 0 1
    outer loop
      vertex 20.7087 2.81407 25.15
      vertex 20.9856 3.53482 25.15
      vertex 20.9637 3.54461 25.15
    endloop
  endfacet
  facet normal 0 0 1
    outer loop
      vertex 20.7087 2.81407 25.15
      vertex 20.9637 3.54461 25.15
      vertex 20.9412 3.55398 25.15
    endloop
  endfacet
  facet normal 0 0 1
    outer loop
      vertex 20.7087 2.81407 25.15
      vertex 20.9412 3.55398 25.15
      vertex 20.9183 3.56295 25.15
    endloop
  endfacet
  facet normal 0 0 1
    outer loop
      vertex 20.7087 2.81407 25.15
      vertex 20.9183 3.56295 25.15
      vertex 20.8949 3.57152 25.15
    endloop
  endfacet
  facet normal 0 0 1
    outer loop
      vertex 20.7087 2.81407 25.15
      vertex 20.8949 3.57152 25.15
      vertex 20.871 3.57966 25.15
    endloop
  endfacet
  facet normal 0 0 1
    outer loop
      vertex 20.7087 2.81407 25.15
      vertex 20.871 3.57966 25.15
      vertex 20.8466 3.58738 25.15
    endloop
  endfacet
  facet normal 0 0 1
    outer loop
      vertex 20.7087 2.81407 25.15
      vertex 20.8466 3.58738 25.15
      vertex 20.8218 3.59471 25.15
    endloop
  endfacet
  facet normal 0 0 1
    outer loop
      vertex 20.7087 2.81407 25.15
      vertex 20.8218 3.59471 25.15
      vertex 20.7964 3.60161 25.15
    endloop
  endfacet
  facet normal 0 0 1
    outer loop
      vertex 20.7087 2.81407 25.15
      vertex 20.7964 3.60161 25.15
      vertex 20.7706 3.60811 25.15
    endloop
  endfacet
  facet normal 0 0 1
    outer loop
      vertex 20.7087 2.81407 25.15
      vertex 20.7706 3.60811 25.15
      vertex 20.7443 3.61418 25.15
    endloop
  endfacet
  facet normal 0 0 1
    outer loop
      vertex 20.5324 3.1772 25.15
      vertex 20.7443 3.61418 25.15
      vertex 20.7174 3.61984 25.15
    endloop
  endfacet
  facet normal 0 0 1
    outer loop
      vertex 21.1436 3.44497 25.15
      vertex 20.7087 2.81407 25.15
      vertex 21 2.75 25.15
    endloop
  endfacet
  facet normal -0 0 1
    outer loop
      vertex 20.7083 2.75862 25.15
      vertex 21 2.75 25.15
      vertex 20.7089 2.79298 25.15
    endloop
  endfacet
  facet normal 0 0 1
    outer loop
      vertex 21 2.75 25.15
      vertex 20.7083 2.75862 25.15
      vertex 20.7079 2.75 25.15
    endloop
  endfacet
  facet normal -0 0 1
    outer loop
      vertex 21 2.75 25.15
      vertex 21.4901 2.74685 25.15
      vertex 21.4899 2.7678 25.15
    endloop
  endfacet
  facet normal 0 0 1
    outer loop
      vertex 21 2.75 25.15
      vertex 21.4899 2.7678 25.15
      vertex 21.4893 2.78862 25.15
    endloop
  endfacet
  facet normal 0 0 1
    outer loop
      vertex 21.4901 2.74685 25.15
      vertex 21 2.75 25.15
      vertex 21.4898 2.71452 25.15
    endloop
  endfacet
  facet normal 0 0 1
    outer loop
      vertex 21 2.75 25.15
      vertex 21.4893 2.78862 25.15
      vertex 21.4882 2.80929 25.15
    endloop
  endfacet
  facet normal 0 0 1
    outer loop
      vertex 21.4898 2.71452 25.15
      vertex 21 2.75 25.15
      vertex 21.4888 2.68258 25.15
    endloop
  endfacet
  facet normal 0 0 1
    outer loop
      vertex 21 2.75 25.15
      vertex 21.4882 2.80929 25.15
      vertex 21.4868 2.82983 25.15
    endloop
  endfacet
  facet normal 0 0 1
    outer loop
      vertex 21 2.75 25.15
      vertex 21.4868 2.82983 25.15
      vertex 21.4848 2.85023 25.15
    endloop
  endfacet
  facet normal 0 0 1
    outer loop
      vertex 21.4888 2.68258 25.15
      vertex 21 2.75 25.15
      vertex 21.4871 2.65107 25.15
    endloop
  endfacet
  facet normal 0 0 1
    outer loop
      vertex 21 2.75 25.15
      vertex 21.4848 2.85023 25.15
      vertex 21.4825 2.8705 25.15
    endloop
  endfacet
  facet normal 0 0 1
    outer loop
      vertex 21.4871 2.65107 25.15
      vertex 21 2.75 25.15
      vertex 21.4848 2.61996 25.15
    endloop
  endfacet
  facet normal 0 0 1
    outer loop
      vertex 21 2.75 25.15
      vertex 21.4825 2.8705 25.15
      vertex 21.4798 2.89062 25.15
    endloop
  endfacet
  facet normal 0 0 1
    outer loop
      vertex 21.4848 2.61996 25.15
      vertex 21 2.75 25.15
      vertex 21.4818 2.58928 25.15
    endloop
  endfacet
  facet normal 0 0 1
    outer loop
      vertex 21 2.75 25.15
      vertex 21.4798 2.89062 25.15
      vertex 21.4766 2.91061 25.15
    endloop
  endfacet
  facet normal 0 0 1
    outer loop
      vertex 21.4818 2.58928 25.15
      vertex 21 2.75 25.15
      vertex 21.4781 2.55899 25.15
    endloop
  endfacet
  facet normal 0 0 1
    outer loop
      vertex 21 2.75 25.15
      vertex 21.4766 2.91061 25.15
      vertex 21.473 2.93046 25.15
    endloop
  endfacet
  facet normal 0 0 1
    outer loop
      vertex 21 2.75 25.15
      vertex 21.473 2.93046 25.15
      vertex 21.4689 2.95016 25.15
    endloop
  endfacet
  facet normal 0 0 1
    outer loop
      vertex 21.4781 2.55899 25.15
      vertex 21 2.75 25.15
      vertex 21.4738 2.52913 25.15
    endloop
  endfacet
  facet normal 0 0 1
    outer loop
      vertex 21 2.75 25.15
      vertex 21.4689 2.95016 25.15
      vertex 21.4645 2.96974 25.15
    endloop
  endfacet
  facet normal 0 0 1
    outer loop
      vertex 21.4738 2.52913 25.15
      vertex 21 2.75 25.15
      vertex 21.4688 2.49968 25.15
    endloop
  endfacet
  facet normal 0 0 1
    outer loop
      vertex 21 2.75 25.15
      vertex 21.4645 2.96974 25.15
      vertex 21.4596 2.98918 25.15
    endloop
  endfacet
  facet normal 0 0 1
    outer loop
      vertex 21.4688 2.49968 25.15
      vertex 21 2.75 25.15
      vertex 21.4631 2.47064 25.15
    endloop
  endfacet
  facet normal 0 0 1
    outer loop
      vertex 21 2.75 25.15
      vertex 21.4596 2.98918 25.15
      vertex 21.4543 3.00847 25.15
    endloop
  endfacet
  facet normal 0 0 1
    outer loop
      vertex 21.4631 2.47064 25.15
      vertex 21 2.75 25.15
      vertex 21.4568 2.44201 25.15
    endloop
  endfacet
  facet normal 0 0 1
    outer loop
      vertex 21 2.75 25.15
      vertex 21.4543 3.00847 25.15
      vertex 21.4486 3.02763 25.15
    endloop
  endfacet
  facet normal 0 0 1
    outer loop
      vertex 21 2.75 25.15
      vertex 21.4486 3.02763 25.15
      vertex 21.4425 3.04666 25.15
    endloop
  endfacet
  facet normal 0 0 1
    outer loop
      vertex 21.4568 2.44201 25.15
      vertex 21 2.75 25.15
      vertex 21.4498 2.4138 25.15
    endloop
  endfacet
  facet normal 0 0 1
    outer loop
      vertex 21 2.75 25.15
      vertex 21.4425 3.04666 25.15
      vertex 21.4359 3.06553 25.15
    endloop
  endfacet
  facet normal 0 0 1
    outer loop
      vertex 21.4498 2.4138 25.15
      vertex 21 2.75 25.15
      vertex 21.4421 2.386 25.15
    endloop
  endfacet
  facet normal 0 0 1
    outer loop
      vertex 21 2.75 25.15
      vertex 21.4359 3.06553 25.15
      vertex 21.4289 3.08424 25.15
    endloop
  endfacet
  facet normal 0 0 1
    outer loop
      vertex 21.4421 2.386 25.15
      vertex 21 2.75 25.15
      vertex 21.4337 2.35862 25.15
    endloop
  endfacet
  facet normal 0 0 1
    outer loop
      vertex 21 2.75 25.15
      vertex 21.4289 3.08424 25.15
      vertex 21.4214 3.10269 25.15
    endloop
  endfacet
  facet normal 0 0 1
    outer loop
      vertex 21.4337 2.35862 25.15
      vertex 21 2.75 25.15
      vertex 21.4247 2.33165 25.15
    endloop
  endfacet
  facet normal 0 0 1
    outer loop
      vertex 21 2.75 25.15
      vertex 21.4214 3.10269 25.15
      vertex 21.4136 3.12091 25.15
    endloop
  endfacet
  facet normal 0 0 1
    outer loop
      vertex 21 2.75 25.15
      vertex 21.4136 3.12091 25.15
      vertex 21.4052 3.13887 25.15
    endloop
  endfacet
  facet normal 0 0 1
    outer loop
      vertex 21.4247 2.33165 25.15
      vertex 21 2.75 25.15
      vertex 21.415 2.30508 25.15
    endloop
  endfacet
  facet normal 0 0 1
    outer loop
      vertex 21 2.75 25.15
      vertex 21.4052 3.13887 25.15
      vertex 21.3964 3.1566 25.15
    endloop
  endfacet
  facet normal 0 0 1
    outer loop
      vertex 21.415 2.30508 25.15
      vertex 21 2.75 25.15
      vertex 21.4047 2.27894 25.15
    endloop
  endfacet
  facet normal 0 0 1
    outer loop
      vertex 21 2.75 25.15
      vertex 21.3964 3.1566 25.15
      vertex 21.3872 3.17407 25.15
    endloop
  endfacet
  facet normal 0 0 1
    outer loop
      vertex 21.4047 2.27894 25.15
      vertex 21 2.75 25.15
      vertex 21.3937 2.25323 25.15
    endloop
  endfacet
  facet normal 0 0 1
    outer loop
      vertex 21 2.75 25.15
      vertex 21.3872 3.17407 25.15
      vertex 21.3775 3.19131 25.15
    endloop
  endfacet
  facet normal 0 0 1
    outer loop
      vertex 21.3937 2.25323 25.15
      vertex 21 2.75 25.15
      vertex 21.382 2.22801 25.15
    endloop
  endfacet
  facet normal 0 0 1
    outer loop
      vertex 21 2.75 25.15
      vertex 21.3775 3.19131 25.15
      vertex 21.3674 3.20829 25.15
    endloop
  endfacet
  facet normal 0 0 1
    outer loop
      vertex 21 2.75 25.15
      vertex 21.3674 3.20829 25.15
      vertex 21.3568 3.22505 25.15
    endloop
  endfacet
  facet normal 0 0 1
    outer loop
      vertex 21.382 2.22801 25.15
      vertex 21 2.75 25.15
      vertex 21.3697 2.20326 25.15
    endloop
  endfacet
  facet normal 0 0 1
    outer loop
      vertex 21 2.75 25.15
      vertex 21.3568 3.22505 25.15
      vertex 21.3458 3.24154 25.15
    endloop
  endfacet
  facet normal 0 0 1
    outer loop
      vertex 21.3697 2.20326 25.15
      vertex 21 2.75 25.15
      vertex 21.3566 2.179 25.15
    endloop
  endfacet
  facet normal 0 0 1
    outer loop
      vertex 21 2.75 25.15
      vertex 21.3458 3.24154 25.15
      vertex 21.3344 3.25781 25.15
    endloop
  endfacet
  facet normal 0 0 1
    outer loop
      vertex 21.3566 2.179 25.15
      vertex 21 2.75 25.15
      vertex 21.343 2.15519 25.15
    endloop
  endfacet
  facet normal 0 0 1
    outer loop
      vertex 21 2.75 25.15
      vertex 21.3344 3.25781 25.15
      vertex 21.3225 3.27383 25.15
    endloop
  endfacet
  facet normal 0 0 1
    outer loop
      vertex 21.343 2.15519 25.15
      vertex 21 2.75 25.15
      vertex 21.3286 2.13188 25.15
    endloop
  endfacet
  facet normal 0 0 1
    outer loop
      vertex 21 2.75 25.15
      vertex 21.3225 3.27383 25.15
      vertex 21.3101 3.28959 25.15
    endloop
  endfacet
  facet normal 0 0 1
    outer loop
      vertex 21.3286 2.13188 25.15
      vertex 21 2.75 25.15
      vertex 21.3136 2.10904 25.15
    endloop
  endfacet
  facet normal 0 0 1
    outer loop
      vertex 21 2.75 25.15
      vertex 21.3101 3.28959 25.15
      vertex 21.2973 3.30513 25.15
    endloop
  endfacet
  facet normal 0 0 1
    outer loop
      vertex 21 2.75 25.15
      vertex 21.2973 3.30513 25.15
      vertex 21.2841 3.32042 25.15
    endloop
  endfacet
  facet normal 0 0 1
    outer loop
      vertex 21.3136 2.10904 25.15
      vertex 21 2.75 25.15
      vertex 21.2979 2.08668 25.15
    endloop
  endfacet
  facet normal 0 0 1
    outer loop
      vertex 21 2.75 25.15
      vertex 21.2841 3.32042 25.15
      vertex 21.2704 3.33546 25.15
    endloop
  endfacet
  facet normal 0 0 1
    outer loop
      vertex 21.2979 2.08668 25.15
      vertex 21 2.75 25.15
      vertex 21.2815 2.06479 25.15
    endloop
  endfacet
  facet normal 0 0 1
    outer loop
      vertex 21 2.75 25.15
      vertex 21.2704 3.33546 25.15
      vertex 21.2563 3.35022 25.15
    endloop
  endfacet
  facet normal 0 0 1
    outer loop
      vertex 21.2815 2.06479 25.15
      vertex 21 2.75 25.15
      vertex 21.2645 2.04338 25.15
    endloop
  endfacet
  facet normal 0 0 1
    outer loop
      vertex 21 2.75 25.15
      vertex 21.2563 3.35022 25.15
      vertex 21.2416 3.36468 25.15
    endloop
  endfacet
  facet normal 0 0 1
    outer loop
      vertex 21.2645 2.04338 25.15
      vertex 21 2.75 25.15
      vertex 21.2468 2.02244 25.15
    endloop
  endfacet
  facet normal 0 0 1
    outer loop
      vertex 21 2.75 25.15
      vertex 21.2416 3.36468 25.15
      vertex 21.2265 3.37883 25.15
    endloop
  endfacet
  facet normal 0 0 1
    outer loop
      vertex 21 2.75 25.15
      vertex 21.2265 3.37883 25.15
      vertex 21.2109 3.39268 25.15
    endloop
  endfacet
  facet normal 0 0 1
    outer loop
      vertex 21.2468 2.02244 25.15
      vertex 21 2.75 25.15
      vertex 21.2285 2.002 25.15
    endloop
  endfacet
  facet normal 0 0 1
    outer loop
      vertex 21 2.75 25.15
      vertex 21.2109 3.39268 25.15
      vertex 21.1948 3.40622 25.15
    endloop
  endfacet
  facet normal 0 0 1
    outer loop
      vertex 21.2285 2.002 25.15
      vertex 21 2.75 25.15
      vertex 21.2095 1.98201 25.15
    endloop
  endfacet
  facet normal 0 0 1
    outer loop
      vertex 21 2.75 25.15
      vertex 21.1948 3.40622 25.15
      vertex 21.1782 3.41945 25.15
    endloop
  endfacet
  facet normal 0 0 1
    outer loop
      vertex 21.2095 1.98201 25.15
      vertex 21 2.75 25.15
      vertex 21.1898 1.96251 25.15
    endloop
  endfacet
  facet normal 0 0 1
    outer loop
      vertex 21 2.75 25.15
      vertex 21.1782 3.41945 25.15
      vertex 21.1612 3.43237 25.15
    endloop
  endfacet
  facet normal 0 0 1
    outer loop
      vertex 21.1898 1.96251 25.15
      vertex 21 2.75 25.15
      vertex 21.1694 1.94349 25.15
    endloop
  endfacet
  facet normal 0 0 1
    outer loop
      vertex 21 2.75 25.15
      vertex 21.1612 3.43237 25.15
      vertex 21.1436 3.44497 25.15
    endloop
  endfacet
  facet normal 0 0 1
    outer loop
      vertex 21.1694 1.94349 25.15
      vertex 21 2.75 25.15
      vertex 21.1484 1.92494 25.15
    endloop
  endfacet
  facet normal 0 0 1
    outer loop
      vertex 20.7087 2.81407 25.15
      vertex 21.1436 3.44497 25.15
      vertex 21.1256 3.45729 25.15
    endloop
  endfacet
  facet normal 0 0 1
    outer loop
      vertex 20.7087 2.81407 25.15
      vertex 21.1256 3.45729 25.15
      vertex 21.107 3.46928 25.15
    endloop
  endfacet
  facet normal 0 0 1
    outer loop
      vertex 21.1484 1.92494 25.15
      vertex 21 2.75 25.15
      vertex 21.1267 1.9069 25.15
    endloop
  endfacet
  facet normal 0 0 1
    outer loop
      vertex 20.7087 2.81407 25.15
      vertex 21.107 3.46928 25.15
      vertex 21.088 3.48097 25.15
    endloop
  endfacet
  facet normal 0 0 1
    outer loop
      vertex 21.1267 1.9069 25.15
      vertex 21 2.75 25.15
      vertex 21.1044 1.8894 25.15
    endloop
  endfacet
  facet normal 0 0 1
    outer loop
      vertex 20.7087 2.81407 25.15
      vertex 21.088 3.48097 25.15
      vertex 21.0685 3.49235 25.15
    endloop
  endfacet
  facet normal 0 0 1
    outer loop
      vertex 21.1044 1.8894 25.15
      vertex 21 2.75 25.15
      vertex 21.0814 1.87245 25.15
    endloop
  endfacet
  facet normal 0 0 1
    outer loop
      vertex 20.7087 2.81407 25.15
      vertex 21.0685 3.49235 25.15
      vertex 21.0485 3.50343 25.15
    endloop
  endfacet
  facet normal 0 0 1
    outer loop
      vertex 21.0814 1.87245 25.15
      vertex 21 2.75 25.15
      vertex 21.0578 1.85603 25.15
    endloop
  endfacet
  facet normal 0 0 1
    outer loop
      vertex 20.7087 2.81407 25.15
      vertex 21.0485 3.50343 25.15
      vertex 21.028 3.5142 25.15
    endloop
  endfacet
  facet normal 0 0 1
    outer loop
      vertex 21.0578 1.85603 25.15
      vertex 21 2.75 25.15
      vertex 21.0335 1.84016 25.15
    endloop
  endfacet
  facet normal 0 0 1
    outer loop
      vertex 20.7087 2.81407 25.15
      vertex 21.028 3.5142 25.15
      vertex 21.0071 3.52467 25.15
    endloop
  endfacet
  facet normal 0 0 1
    outer loop
      vertex 21.0335 1.84016 25.15
      vertex 21 2.75 25.15
      vertex 21.0086 1.82483 25.15
    endloop
  endfacet
  facet normal 0 0 1
    outer loop
      vertex 21.0086 1.82483 25.15
      vertex 21 2.75 25.15
      vertex 21 1.81986 25.15
    endloop
  endfacet
  facet normal -0.0168841 0.999857 0
    outer loop
      vertex 16.622 1.63287 25.15
      vertex 16.5841 1.63223 25.6
      vertex 16.622 1.63287 25.6
    endloop
  endfacet
  facet normal -0.0168841 0.999857 0
    outer loop
      vertex 16.5841 1.63223 25.6
      vertex 16.622 1.63287 25.15
      vertex 16.5841 1.63223 25.15
    endloop
  endfacet
  facet normal -0.0278407 0.999612 0
    outer loop
      vertex 16.6597 1.63392 25.15
      vertex 16.622 1.63287 25.6
      vertex 16.6597 1.63392 25.6
    endloop
  endfacet
  facet normal -0.0278407 0.999612 0
    outer loop
      vertex 16.622 1.63287 25.6
      vertex 16.6597 1.63392 25.15
      vertex 16.622 1.63287 25.15
    endloop
  endfacet
  facet normal -0.0395412 0.999218 0
    outer loop
      vertex 16.6971 1.6354 25.15
      vertex 16.6597 1.63392 25.6
      vertex 16.6971 1.6354 25.6
    endloop
  endfacet
  facet normal -0.0395412 0.999218 0
    outer loop
      vertex 16.6597 1.63392 25.6
      vertex 16.6971 1.6354 25.15
      vertex 16.6597 1.63392 25.15
    endloop
  endfacet
  facet normal -0.0514144 0.998677 0
    outer loop
      vertex 16.7342 1.63731 25.15
      vertex 16.6971 1.6354 25.6
      vertex 16.7342 1.63731 25.6
    endloop
  endfacet
  facet normal -0.0514144 0.998677 0
    outer loop
      vertex 16.6971 1.6354 25.6
      vertex 16.7342 1.63731 25.15
      vertex 16.6971 1.6354 25.15
    endloop
  endfacet
  facet normal -0.0634588 0.997984 0
    outer loop
      vertex 16.771 1.63965 25.15
      vertex 16.7342 1.63731 25.6
      vertex 16.771 1.63965 25.6
    endloop
  endfacet
  facet normal -0.0634588 0.997984 0
    outer loop
      vertex 16.7342 1.63731 25.6
      vertex 16.771 1.63965 25.15
      vertex 16.7342 1.63731 25.15
    endloop
  endfacet
  facet normal -0.0746545 0.997209 0
    outer loop
      vertex 16.8076 1.64239 25.15
      vertex 16.771 1.63965 25.6
      vertex 16.8076 1.64239 25.6
    endloop
  endfacet
  facet normal -0.0746545 0.997209 0
    outer loop
      vertex 16.771 1.63965 25.6
      vertex 16.8076 1.64239 25.15
      vertex 16.771 1.63965 25.15
    endloop
  endfacet
  facet normal -0.0875414 0.996161 0
    outer loop
      vertex 16.8439 1.64558 25.15
      vertex 16.8076 1.64239 25.6
      vertex 16.8439 1.64558 25.6
    endloop
  endfacet
  facet normal -0.0875414 0.996161 0
    outer loop
      vertex 16.8076 1.64239 25.6
      vertex 16.8439 1.64558 25.15
      vertex 16.8076 1.64239 25.15
    endloop
  endfacet
  facet normal -0.0992308 0.995064 0
    outer loop
      vertex 16.88 1.64918 25.15
      vertex 16.8439 1.64558 25.6
      vertex 16.88 1.64918 25.6
    endloop
  endfacet
  facet normal -0.0992308 0.995064 0
    outer loop
      vertex 16.8439 1.64558 25.6
      vertex 16.88 1.64918 25.15
      vertex 16.8439 1.64558 25.15
    endloop
  endfacet
  facet normal -0.111863 0.993724 0
    outer loop
      vertex 16.9158 1.65321 25.15
      vertex 16.88 1.64918 25.6
      vertex 16.9158 1.65321 25.6
    endloop
  endfacet
  facet normal -0.111863 0.993724 0
    outer loop
      vertex 16.88 1.64918 25.6
      vertex 16.9158 1.65321 25.15
      vertex 16.88 1.64918 25.15
    endloop
  endfacet
  facet normal -0.12376 0.992312 0
    outer loop
      vertex 16.9514 1.65765 25.15
      vertex 16.9158 1.65321 25.6
      vertex 16.9514 1.65765 25.6
    endloop
  endfacet
  facet normal -0.12376 0.992312 0
    outer loop
      vertex 16.9158 1.65321 25.6
      vertex 16.9514 1.65765 25.15
      vertex 16.9158 1.65321 25.15
    endloop
  endfacet
  facet normal -0.137323 0.990526 0
    outer loop
      vertex 16.9866 1.66253 25.15
      vertex 16.9514 1.65765 25.6
      vertex 16.9866 1.66253 25.6
    endloop
  endfacet
  facet normal -0.137323 0.990526 0
    outer loop
      vertex 16.9514 1.65765 25.6
      vertex 16.9866 1.66253 25.15
      vertex 16.9514 1.65765 25.15
    endloop
  endfacet
  facet normal -0.149722 0.988728 0
    outer loop
      vertex 17.0216 1.66783 25.15
      vertex 16.9866 1.66253 25.6
      vertex 17.0216 1.66783 25.6
    endloop
  endfacet
  facet normal -0.149722 0.988728 0
    outer loop
      vertex 16.9866 1.66253 25.6
      vertex 17.0216 1.66783 25.15
      vertex 16.9866 1.66253 25.15
    endloop
  endfacet
  facet normal -0.162191 0.986759 0
    outer loop
      vertex 17.0564 1.67355 25.15
      vertex 17.0216 1.66783 25.6
      vertex 17.0564 1.67355 25.6
    endloop
  endfacet
  facet normal -0.162191 0.986759 0
    outer loop
      vertex 17.0216 1.66783 25.6
      vertex 17.0564 1.67355 25.15
      vertex 17.0216 1.66783 25.15
    endloop
  endfacet
  facet normal -0.175434 0.984491 0
    outer loop
      vertex 17.0908 1.67968 25.15
      vertex 17.0564 1.67355 25.6
      vertex 17.0908 1.67968 25.6
    endloop
  endfacet
  facet normal -0.175434 0.984491 0
    outer loop
      vertex 17.0564 1.67355 25.6
      vertex 17.0908 1.67968 25.15
      vertex 17.0564 1.67355 25.15
    endloop
  endfacet
  facet normal -0.188933 0.98199 0
    outer loop
      vertex 17.125 1.68626 25.15
      vertex 17.0908 1.67968 25.6
      vertex 17.125 1.68626 25.6
    endloop
  endfacet
  facet normal -0.188933 0.98199 0
    outer loop
      vertex 17.0908 1.67968 25.6
      vertex 17.125 1.68626 25.15
      vertex 17.0908 1.67968 25.15
    endloop
  endfacet
  facet normal -0.199164 0.979966 0
    outer loop
      vertex 17.159 1.69317 25.15
      vertex 17.125 1.68626 25.6
      vertex 17.159 1.69317 25.6
    endloop
  endfacet
  facet normal -0.199164 0.979966 0
    outer loop
      vertex 17.125 1.68626 25.6
      vertex 17.159 1.69317 25.15
      vertex 17.125 1.68626 25.15
    endloop
  endfacet
  facet normal -0.210685 0.977554 0
    outer loop
      vertex 17.1925 1.70039 25.15
      vertex 17.159 1.69317 25.6
      vertex 17.1925 1.70039 25.6
    endloop
  endfacet
  facet normal -0.210685 0.977554 0
    outer loop
      vertex 17.159 1.69317 25.6
      vertex 17.1925 1.70039 25.15
      vertex 17.159 1.69317 25.15
    endloop
  endfacet
  facet normal -0.219442 0.975625 0
    outer loop
      vertex 17.2258 1.70788 25.15
      vertex 17.1925 1.70039 25.6
      vertex 17.2258 1.70788 25.6
    endloop
  endfacet
  facet normal -0.219442 0.975625 0
    outer loop
      vertex 17.1925 1.70039 25.6
      vertex 17.2258 1.70788 25.15
      vertex 17.1925 1.70039 25.15
    endloop
  endfacet
  facet normal -0.230127 0.973161 0
    outer loop
      vertex 17.2587 1.71566 25.15
      vertex 17.2258 1.70788 25.6
      vertex 17.2587 1.71566 25.6
    endloop
  endfacet
  facet normal -0.230127 0.973161 0
    outer loop
      vertex 17.2258 1.70788 25.6
      vertex 17.2587 1.71566 25.15
      vertex 17.2258 1.70788 25.15
    endloop
  endfacet
  facet normal -0.240574 0.970631 0
    outer loop
      vertex 17.2913 1.72374 25.15
      vertex 17.2587 1.71566 25.6
      vertex 17.2913 1.72374 25.6
    endloop
  endfacet
  facet normal -0.240574 0.970631 0
    outer loop
      vertex 17.2587 1.71566 25.6
      vertex 17.2913 1.72374 25.15
      vertex 17.2587 1.71566 25.15
    endloop
  endfacet
  facet normal -0.250005 0.968245 0
    outer loop
      vertex 17.3236 1.73208 25.15
      vertex 17.2913 1.72374 25.6
      vertex 17.3236 1.73208 25.6
    endloop
  endfacet
  facet normal -0.250005 0.968245 0
    outer loop
      vertex 17.2913 1.72374 25.6
      vertex 17.3236 1.73208 25.15
      vertex 17.2913 1.72374 25.15
    endloop
  endfacet
  facet normal -0.261991 0.96507 0
    outer loop
      vertex 17.3555 1.74074 25.15
      vertex 17.3236 1.73208 25.6
      vertex 17.3555 1.74074 25.6
    endloop
  endfacet
  facet normal -0.261991 0.96507 0
    outer loop
      vertex 17.3236 1.73208 25.6
      vertex 17.3555 1.74074 25.15
      vertex 17.3236 1.73208 25.15
    endloop
  endfacet
  facet normal -0.270869 0.962616 0
    outer loop
      vertex 17.3872 1.74966 25.15
      vertex 17.3555 1.74074 25.6
      vertex 17.3872 1.74966 25.6
    endloop
  endfacet
  facet normal -0.270869 0.962616 0
    outer loop
      vertex 17.3555 1.74074 25.6
      vertex 17.3872 1.74966 25.15
      vertex 17.3555 1.74074 25.15
    endloop
  endfacet
  facet normal -0.283221 0.959055 0
    outer loop
      vertex 17.4 1.75344 25.15
      vertex 17.3872 1.74966 25.6
      vertex 17.4 1.75344 25.6
    endloop
  endfacet
  facet normal -0.283221 0.959055 0
    outer loop
      vertex 17.3872 1.74966 25.6
      vertex 17.4 1.75344 25.15
      vertex 17.3872 1.74966 25.15
    endloop
  endfacet
  facet normal -1 0 0
    outer loop
      vertex 18.3579 2.75 25.15
      vertex 18.3579 3.70164 25.6
      vertex 18.3579 3.70164 25.15
    endloop
  endfacet
  facet normal -1 -0 0
    outer loop
      vertex 18.3579 3.70164 25.6
      vertex 18.3579 2.75 25.15
      vertex 18.3579 2.75 25.6
    endloop
  endfacet
  facet normal 0 -1 0
    outer loop
      vertex 16.6924 3.70164 25.15
      vertex 18.3579 3.70164 25.6
      vertex 16.6924 3.70164 25.6
    endloop
  endfacet
  facet normal 0 -1 -0
    outer loop
      vertex 18.3579 3.70164 25.6
      vertex 16.6924 3.70164 25.15
      vertex 18.3579 3.70164 25.15
    endloop
  endfacet
  facet normal 1 -0 0
    outer loop
      vertex 16.6924 3.11033 25.6
      vertex 16.6924 3.70164 25.15
      vertex 16.6924 3.70164 25.6
    endloop
  endfacet
  facet normal 1 0 0
    outer loop
      vertex 16.6924 3.70164 25.15
      vertex 16.6924 3.11033 25.6
      vertex 16.6924 3.11033 25.15
    endloop
  endfacet
  facet normal 0 1 -0
    outer loop
      vertex 17.6255 3.11033 25.15
      vertex 16.6924 3.11033 25.6
      vertex 17.6255 3.11033 25.6
    endloop
  endfacet
  facet normal 0 1 0
    outer loop
      vertex 16.6924 3.11033 25.6
      vertex 17.6255 3.11033 25.15
      vertex 16.6924 3.11033 25.15
    endloop
  endfacet
  facet normal 1 -0 0
    outer loop
      vertex 17.6255 2.75 25.6
      vertex 17.6255 3.11033 25.15
      vertex 17.6255 3.11033 25.6
    endloop
  endfacet
  facet normal 1 0 0
    outer loop
      vertex 17.6255 3.11033 25.15
      vertex 17.6255 2.75 25.6
      vertex 17.6255 2.75 25.15
    endloop
  endfacet
  facet normal 0.430817 -0.902439 0
    outer loop
      vertex 17.3885 2.43237 25.15
      vertex 17.4 2.43786 25.6
      vertex 17.3885 2.43237 25.6
    endloop
  endfacet
  facet normal 0.430817 -0.902439 0
    outer loop
      vertex 17.4 2.43786 25.6
      vertex 17.3885 2.43237 25.15
      vertex 17.4 2.43786 25.15
    endloop
  endfacet
  facet normal 0.420857 -0.907127 0
    outer loop
      vertex 17.3738 2.42555 25.15
      vertex 17.3885 2.43237 25.6
      vertex 17.3738 2.42555 25.6
    endloop
  endfacet
  facet normal 0.420857 -0.907127 0
    outer loop
      vertex 17.3885 2.43237 25.6
      vertex 17.3738 2.42555 25.15
      vertex 17.3885 2.43237 25.15
    endloop
  endfacet
  facet normal 0.41011 -0.912036 0
    outer loop
      vertex 17.3589 2.41885 25.15
      vertex 17.3738 2.42555 25.6
      vertex 17.3589 2.41885 25.6
    endloop
  endfacet
  facet normal 0.41011 -0.912036 0
    outer loop
      vertex 17.3738 2.42555 25.6
      vertex 17.3589 2.41885 25.15
      vertex 17.3738 2.42555 25.15
    endloop
  endfacet
  facet normal 0.40101 -0.916074 0
    outer loop
      vertex 17.3438 2.41224 25.15
      vertex 17.3589 2.41885 25.6
      vertex 17.3438 2.41224 25.6
    endloop
  endfacet
  facet normal 0.40101 -0.916074 0
    outer loop
      vertex 17.3589 2.41885 25.6
      vertex 17.3438 2.41224 25.15
      vertex 17.3589 2.41885 25.15
    endloop
  endfacet
  facet normal 0.389993 -0.920818 0
    outer loop
      vertex 17.3285 2.40576 25.15
      vertex 17.3438 2.41224 25.6
      vertex 17.3285 2.40576 25.6
    endloop
  endfacet
  facet normal 0.389993 -0.920818 0
    outer loop
      vertex 17.3438 2.41224 25.6
      vertex 17.3285 2.40576 25.15
      vertex 17.3438 2.41224 25.15
    endloop
  endfacet
  facet normal 0.38114 -0.924517 0
    outer loop
      vertex 17.313 2.39937 25.15
      vertex 17.3285 2.40576 25.6
      vertex 17.313 2.39937 25.6
    endloop
  endfacet
  facet normal 0.38114 -0.924517 0
    outer loop
      vertex 17.3285 2.40576 25.6
      vertex 17.313 2.39937 25.15
      vertex 17.3285 2.40576 25.15
    endloop
  endfacet
  facet normal 0.369362 -0.929286 0
    outer loop
      vertex 17.2972 2.39309 25.15
      vertex 17.313 2.39937 25.6
      vertex 17.2972 2.39309 25.6
    endloop
  endfacet
  facet normal 0.369362 -0.929286 0
    outer loop
      vertex 17.313 2.39937 25.6
      vertex 17.2972 2.39309 25.15
      vertex 17.313 2.39937 25.15
    endloop
  endfacet
  facet normal 0.360307 -0.932834 0
    outer loop
      vertex 17.2812 2.38691 25.15
      vertex 17.2972 2.39309 25.6
      vertex 17.2812 2.38691 25.6
    endloop
  endfacet
  facet normal 0.360307 -0.932834 0
    outer loop
      vertex 17.2972 2.39309 25.6
      vertex 17.2812 2.38691 25.15
      vertex 17.2972 2.39309 25.15
    endloop
  endfacet
  facet normal 0.352779 -0.935707 0
    outer loop
      vertex 17.2651 2.38084 25.15
      vertex 17.2812 2.38691 25.6
      vertex 17.2651 2.38084 25.6
    endloop
  endfacet
  facet normal 0.352779 -0.935707 0
    outer loop
      vertex 17.2812 2.38691 25.6
      vertex 17.2651 2.38084 25.15
      vertex 17.2812 2.38691 25.15
    endloop
  endfacet
  facet normal 0.341559 -0.93986 0
    outer loop
      vertex 17.2487 2.37488 25.15
      vertex 17.2651 2.38084 25.6
      vertex 17.2487 2.37488 25.6
    endloop
  endfacet
  facet normal 0.341559 -0.93986 0
    outer loop
      vertex 17.2651 2.38084 25.6
      vertex 17.2487 2.37488 25.15
      vertex 17.2651 2.38084 25.15
    endloop
  endfacet
  facet normal 0.33288 -0.942969 0
    outer loop
      vertex 17.2321 2.36902 25.15
      vertex 17.2487 2.37488 25.6
      vertex 17.2321 2.36902 25.6
    endloop
  endfacet
  facet normal 0.33288 -0.942969 0
    outer loop
      vertex 17.2487 2.37488 25.6
      vertex 17.2321 2.36902 25.15
      vertex 17.2487 2.37488 25.15
    endloop
  endfacet
  facet normal 0.324324 -0.945946 0
    outer loop
      vertex 17.2153 2.36326 25.15
      vertex 17.2321 2.36902 25.6
      vertex 17.2153 2.36326 25.6
    endloop
  endfacet
  facet normal 0.324324 -0.945946 0
    outer loop
      vertex 17.2321 2.36902 25.6
      vertex 17.2153 2.36326 25.15
      vertex 17.2321 2.36902 25.15
    endloop
  endfacet
  facet normal 0.314888 -0.949129 0
    outer loop
      vertex 17.1983 2.35762 25.15
      vertex 17.2153 2.36326 25.6
      vertex 17.1983 2.35762 25.6
    endloop
  endfacet
  facet normal 0.314888 -0.949129 0
    outer loop
      vertex 17.2153 2.36326 25.6
      vertex 17.1983 2.35762 25.15
      vertex 17.2153 2.36326 25.15
    endloop
  endfacet
  facet normal 0.306081 -0.952006 0
    outer loop
      vertex 17.1811 2.35209 25.15
      vertex 17.1983 2.35762 25.6
      vertex 17.1811 2.35209 25.6
    endloop
  endfacet
  facet normal 0.306081 -0.952006 0
    outer loop
      vertex 17.1983 2.35762 25.6
      vertex 17.1811 2.35209 25.15
      vertex 17.1983 2.35762 25.15
    endloop
  endfacet
  facet normal 0.295397 -0.955374 0
    outer loop
      vertex 17.1637 2.34671 25.15
      vertex 17.1811 2.35209 25.6
      vertex 17.1637 2.34671 25.6
    endloop
  endfacet
  facet normal 0.295397 -0.955374 0
    outer loop
      vertex 17.1811 2.35209 25.6
      vertex 17.1637 2.34671 25.15
      vertex 17.1811 2.35209 25.15
    endloop
  endfacet
  facet normal 0.285849 -0.958275 0
    outer loop
      vertex 17.1461 2.34146 25.15
      vertex 17.1637 2.34671 25.6
      vertex 17.1461 2.34146 25.6
    endloop
  endfacet
  facet normal 0.285849 -0.958275 0
    outer loop
      vertex 17.1637 2.34671 25.6
      vertex 17.1461 2.34146 25.15
      vertex 17.1637 2.34671 25.15
    endloop
  endfacet
  facet normal 0.278374 -0.960473 0
    outer loop
      vertex 17.1284 2.33633 25.15
      vertex 17.1461 2.34146 25.6
      vertex 17.1284 2.33633 25.6
    endloop
  endfacet
  facet normal 0.278374 -0.960473 0
    outer loop
      vertex 17.1461 2.34146 25.6
      vertex 17.1284 2.33633 25.15
      vertex 17.1461 2.34146 25.15
    endloop
  endfacet
  facet normal 0.266152 -0.963931 0
    outer loop
      vertex 17.1104 2.33136 25.15
      vertex 17.1284 2.33633 25.6
      vertex 17.1104 2.33136 25.6
    endloop
  endfacet
  facet normal 0.266152 -0.963931 0
    outer loop
      vertex 17.1284 2.33633 25.6
      vertex 17.1104 2.33136 25.15
      vertex 17.1284 2.33633 25.15
    endloop
  endfacet
  facet normal 0.258327 -0.966058 0
    outer loop
      vertex 17.0923 2.32652 25.15
      vertex 17.1104 2.33136 25.6
      vertex 17.0923 2.32652 25.6
    endloop
  endfacet
  facet normal 0.258327 -0.966058 0
    outer loop
      vertex 17.1104 2.33136 25.6
      vertex 17.0923 2.32652 25.15
      vertex 17.1104 2.33136 25.15
    endloop
  endfacet
  facet normal 0.248757 -0.968566 0
    outer loop
      vertex 17.074 2.32182 25.15
      vertex 17.0923 2.32652 25.6
      vertex 17.074 2.32182 25.6
    endloop
  endfacet
  facet normal 0.248757 -0.968566 0
    outer loop
      vertex 17.0923 2.32652 25.6
      vertex 17.074 2.32182 25.15
      vertex 17.0923 2.32652 25.15
    endloop
  endfacet
  facet normal 0.239324 -0.97094 0
    outer loop
      vertex 17.0555 2.31726 25.15
      vertex 17.074 2.32182 25.6
      vertex 17.0555 2.31726 25.6
    endloop
  endfacet
  facet normal 0.239324 -0.97094 0
    outer loop
      vertex 17.074 2.32182 25.6
      vertex 17.0555 2.31726 25.15
      vertex 17.074 2.32182 25.15
    endloop
  endfacet
  facet normal 0.231691 -0.972789 0
    outer loop
      vertex 17.0369 2.31283 25.15
      vertex 17.0555 2.31726 25.6
      vertex 17.0369 2.31283 25.6
    endloop
  endfacet
  facet normal 0.231691 -0.972789 0
    outer loop
      vertex 17.0555 2.31726 25.6
      vertex 17.0369 2.31283 25.15
      vertex 17.0555 2.31726 25.15
    endloop
  endfacet
  facet normal 0.22198 -0.975051 0
    outer loop
      vertex 17.0181 2.30855 25.15
      vertex 17.0369 2.31283 25.6
      vertex 17.0181 2.30855 25.6
    endloop
  endfacet
  facet normal 0.22198 -0.975051 0
    outer loop
      vertex 17.0369 2.31283 25.6
      vertex 17.0181 2.30855 25.15
      vertex 17.0369 2.31283 25.15
    endloop
  endfacet
  facet normal 0.213881 -0.97686 0
    outer loop
      vertex 16.9991 2.30439 25.15
      vertex 17.0181 2.30855 25.6
      vertex 16.9991 2.30439 25.6
    endloop
  endfacet
  facet normal 0.213881 -0.97686 0
    outer loop
      vertex 17.0181 2.30855 25.6
      vertex 16.9991 2.30439 25.15
      vertex 17.0181 2.30855 25.15
    endloop
  endfacet
  facet normal 0.204443 -0.978879 0
    outer loop
      vertex 16.9799 2.30038 25.15
      vertex 16.9991 2.30439 25.6
      vertex 16.9799 2.30038 25.6
    endloop
  endfacet
  facet normal 0.204443 -0.978879 0
    outer loop
      vertex 16.9991 2.30439 25.6
      vertex 16.9799 2.30038 25.15
      vertex 16.9991 2.30439 25.15
    endloop
  endfacet
  facet normal 0.19563 -0.980678 0
    outer loop
      vertex 16.9605 2.29651 25.15
      vertex 16.9799 2.30038 25.6
      vertex 16.9605 2.29651 25.6
    endloop
  endfacet
  facet normal 0.19563 -0.980678 0
    outer loop
      vertex 16.9799 2.30038 25.6
      vertex 16.9605 2.29651 25.15
      vertex 16.9799 2.30038 25.15
    endloop
  endfacet
  facet normal 0.187435 -0.982277 0
    outer loop
      vertex 16.9409 2.29277 25.15
      vertex 16.9605 2.29651 25.6
      vertex 16.9409 2.29277 25.6
    endloop
  endfacet
  facet normal 0.187435 -0.982277 0
    outer loop
      vertex 16.9605 2.29651 25.6
      vertex 16.9409 2.29277 25.15
      vertex 16.9605 2.29651 25.15
    endloop
  endfacet
  facet normal 0.179764 -0.98371 0
    outer loop
      vertex 16.9212 2.28917 25.15
      vertex 16.9409 2.29277 25.6
      vertex 16.9212 2.28917 25.6
    endloop
  endfacet
  facet normal 0.179764 -0.98371 0
    outer loop
      vertex 16.9409 2.29277 25.6
      vertex 16.9212 2.28917 25.15
      vertex 16.9409 2.29277 25.15
    endloop
  endfacet
  facet normal 0.17178 -0.985135 0
    outer loop
      vertex 16.9013 2.2857 25.15
      vertex 16.9212 2.28917 25.6
      vertex 16.9013 2.2857 25.6
    endloop
  endfacet
  facet normal 0.17178 -0.985135 0
    outer loop
      vertex 16.9212 2.28917 25.6
      vertex 16.9013 2.2857 25.15
      vertex 16.9212 2.28917 25.15
    endloop
  endfacet
  facet normal 0.161532 -0.986867 0
    outer loop
      vertex 16.8812 2.28241 25.15
      vertex 16.9013 2.2857 25.6
      vertex 16.8812 2.28241 25.6
    endloop
  endfacet
  facet normal 0.161532 -0.986867 0
    outer loop
      vertex 16.9013 2.2857 25.6
      vertex 16.8812 2.28241 25.15
      vertex 16.9013 2.2857 25.15
    endloop
  endfacet
  facet normal 0.150985 -0.988536 0
    outer loop
      vertex 16.8611 2.27934 25.15
      vertex 16.8812 2.28241 25.6
      vertex 16.8611 2.27934 25.6
    endloop
  endfacet
  facet normal 0.150985 -0.988536 0
    outer loop
      vertex 16.8812 2.28241 25.6
      vertex 16.8611 2.27934 25.15
      vertex 16.8812 2.28241 25.15
    endloop
  endfacet
  facet normal 0.139031 -0.990288 0
    outer loop
      vertex 16.8408 2.27649 25.15
      vertex 16.8611 2.27934 25.6
      vertex 16.8408 2.27649 25.6
    endloop
  endfacet
  facet normal 0.139031 -0.990288 0
    outer loop
      vertex 16.8611 2.27934 25.6
      vertex 16.8408 2.27649 25.15
      vertex 16.8611 2.27934 25.15
    endloop
  endfacet
  facet normal 0.129298 -0.991606 0
    outer loop
      vertex 16.8204 2.27383 25.15
      vertex 16.8408 2.27649 25.6
      vertex 16.8204 2.27383 25.6
    endloop
  endfacet
  facet normal 0.129298 -0.991606 0
    outer loop
      vertex 16.8408 2.27649 25.6
      vertex 16.8204 2.27383 25.15
      vertex 16.8408 2.27649 25.15
    endloop
  endfacet
  facet normal 0.11819 -0.992991 0
    outer loop
      vertex 16.7999 2.27139 25.15
      vertex 16.8204 2.27383 25.6
      vertex 16.7999 2.27139 25.6
    endloop
  endfacet
  facet normal 0.11819 -0.992991 0
    outer loop
      vertex 16.8204 2.27383 25.6
      vertex 16.7999 2.27139 25.15
      vertex 16.8204 2.27383 25.15
    endloop
  endfacet
  facet normal 0.106669 -0.994295 0
    outer loop
      vertex 16.7793 2.26918 25.15
      vertex 16.7999 2.27139 25.6
      vertex 16.7793 2.26918 25.6
    endloop
  endfacet
  facet normal 0.106669 -0.994295 0
    outer loop
      vertex 16.7999 2.27139 25.6
      vertex 16.7793 2.26918 25.15
      vertex 16.7999 2.27139 25.15
    endloop
  endfacet
  facet normal 0.0975902 -0.995227 0
    outer loop
      vertex 16.7587 2.26716 25.15
      vertex 16.7793 2.26918 25.6
      vertex 16.7587 2.26716 25.6
    endloop
  endfacet
  facet normal 0.0975902 -0.995227 0
    outer loop
      vertex 16.7793 2.26918 25.6
      vertex 16.7587 2.26716 25.15
      vertex 16.7793 2.26918 25.15
    endloop
  endfacet
  facet normal 0.0858068 -0.996312 0
    outer loop
      vertex 16.7378 2.26536 25.15
      vertex 16.7587 2.26716 25.6
      vertex 16.7378 2.26536 25.6
    endloop
  endfacet
  facet normal 0.0858068 -0.996312 0
    outer loop
      vertex 16.7587 2.26716 25.6
      vertex 16.7378 2.26536 25.15
      vertex 16.7587 2.26716 25.15
    endloop
  endfacet
  facet normal 0.075383 -0.997155 0
    outer loop
      vertex 16.7169 2.26378 25.15
      vertex 16.7378 2.26536 25.6
      vertex 16.7169 2.26378 25.6
    endloop
  endfacet
  facet normal 0.075383 -0.997155 0
    outer loop
      vertex 16.7378 2.26536 25.6
      vertex 16.7169 2.26378 25.15
      vertex 16.7378 2.26536 25.15
    endloop
  endfacet
  facet normal 0.066046 -0.997817 0
    outer loop
      vertex 16.6959 2.26239 25.15
      vertex 16.7169 2.26378 25.6
      vertex 16.6959 2.26239 25.6
    endloop
  endfacet
  facet normal 0.066046 -0.997817 0
    outer loop
      vertex 16.7169 2.26378 25.6
      vertex 16.6959 2.26239 25.15
      vertex 16.7169 2.26378 25.15
    endloop
  endfacet
  facet normal 0.0548934 -0.998492 0
    outer loop
      vertex 16.6748 2.26123 25.15
      vertex 16.6959 2.26239 25.6
      vertex 16.6748 2.26123 25.6
    endloop
  endfacet
  facet normal 0.0548934 -0.998492 0
    outer loop
      vertex 16.6959 2.26239 25.6
      vertex 16.6748 2.26123 25.15
      vertex 16.6959 2.26239 25.15
    endloop
  endfacet
  facet normal 0.0452367 -0.998976 0
    outer loop
      vertex 16.6536 2.26027 25.15
      vertex 16.6748 2.26123 25.6
      vertex 16.6536 2.26027 25.6
    endloop
  endfacet
  facet normal 0.0452367 -0.998976 0
    outer loop
      vertex 16.6748 2.26123 25.6
      vertex 16.6536 2.26027 25.15
      vertex 16.6748 2.26123 25.15
    endloop
  endfacet
  facet normal 0.0347208 -0.999397 0
    outer loop
      vertex 16.6323 2.25953 25.15
      vertex 16.6536 2.26027 25.6
      vertex 16.6323 2.25953 25.6
    endloop
  endfacet
  facet normal 0.0347208 -0.999397 0
    outer loop
      vertex 16.6536 2.26027 25.6
      vertex 16.6323 2.25953 25.15
      vertex 16.6536 2.26027 25.15
    endloop
  endfacet
  facet normal 0.0246437 -0.999696 0
    outer loop
      vertex 16.6108 2.259 25.15
      vertex 16.6323 2.25953 25.6
      vertex 16.6108 2.259 25.6
    endloop
  endfacet
  facet normal 0.0246437 -0.999696 0
    outer loop
      vertex 16.6323 2.25953 25.6
      vertex 16.6108 2.259 25.15
      vertex 16.6323 2.25953 25.15
    endloop
  endfacet
  facet normal 0.0148821 -0.999889 0
    outer loop
      vertex 16.5893 2.25868 25.15
      vertex 16.6108 2.259 25.6
      vertex 16.5893 2.25868 25.6
    endloop
  endfacet
  facet normal 0.0148821 -0.999889 0
    outer loop
      vertex 16.6108 2.259 25.6
      vertex 16.5893 2.25868 25.15
      vertex 16.6108 2.259 25.15
    endloop
  endfacet
  facet normal 0.00506906 -0.999987 0
    outer loop
      vertex 16.5676 2.25857 25.15
      vertex 16.5893 2.25868 25.6
      vertex 16.5676 2.25857 25.6
    endloop
  endfacet
  facet normal 0.00506906 -0.999987 0
    outer loop
      vertex 16.5893 2.25868 25.6
      vertex 16.5676 2.25857 25.15
      vertex 16.5893 2.25868 25.15
    endloop
  endfacet
  facet normal -0.0109283 -0.99994 0
    outer loop
      vertex 16.531 2.25897 25.15
      vertex 16.5676 2.25857 25.6
      vertex 16.531 2.25897 25.6
    endloop
  endfacet
  facet normal -0.0109283 -0.99994 -0
    outer loop
      vertex 16.5676 2.25857 25.6
      vertex 16.531 2.25897 25.15
      vertex 16.5676 2.25857 25.15
    endloop
  endfacet
  facet normal -0.032393 -0.999475 0
    outer loop
      vertex 16.4949 2.26014 25.15
      vertex 16.531 2.25897 25.6
      vertex 16.4949 2.26014 25.6
    endloop
  endfacet
  facet normal -0.032393 -0.999475 -0
    outer loop
      vertex 16.531 2.25897 25.6
      vertex 16.4949 2.26014 25.15
      vertex 16.531 2.25897 25.15
    endloop
  endfacet
  facet normal -0.0555637 -0.998455 0
    outer loop
      vertex 16.4595 2.26211 25.15
      vertex 16.4949 2.26014 25.6
      vertex 16.4595 2.26211 25.6
    endloop
  endfacet
  facet normal -0.0555637 -0.998455 -0
    outer loop
      vertex 16.4949 2.26014 25.6
      vertex 16.4595 2.26211 25.15
      vertex 16.4949 2.26014 25.15
    endloop
  endfacet
  facet normal -0.078208 -0.996937 0
    outer loop
      vertex 16.4247 2.26484 25.15
      vertex 16.4595 2.26211 25.6
      vertex 16.4247 2.26484 25.6
    endloop
  endfacet
  facet normal -0.078208 -0.996937 -0
    outer loop
      vertex 16.4595 2.26211 25.6
      vertex 16.4247 2.26484 25.15
      vertex 16.4595 2.26211 25.15
    endloop
  endfacet
  facet normal -0.102959 -0.994686 0
    outer loop
      vertex 16.3905 2.26838 25.15
      vertex 16.4247 2.26484 25.6
      vertex 16.3905 2.26838 25.6
    endloop
  endfacet
  facet normal -0.102959 -0.994686 -0
    outer loop
      vertex 16.4247 2.26484 25.6
      vertex 16.3905 2.26838 25.15
      vertex 16.4247 2.26484 25.15
    endloop
  endfacet
  facet normal -0.127231 -0.991873 0
    outer loop
      vertex 16.3569 2.27269 25.15
      vertex 16.3905 2.26838 25.6
      vertex 16.3569 2.27269 25.6
    endloop
  endfacet
  facet normal -0.127231 -0.991873 -0
    outer loop
      vertex 16.3905 2.26838 25.6
      vertex 16.3569 2.27269 25.15
      vertex 16.3905 2.26838 25.15
    endloop
  endfacet
  facet normal -0.152892 -0.988243 0
    outer loop
      vertex 16.324 2.27778 25.15
      vertex 16.3569 2.27269 25.6
      vertex 16.324 2.27778 25.6
    endloop
  endfacet
  facet normal -0.152892 -0.988243 -0
    outer loop
      vertex 16.3569 2.27269 25.6
      vertex 16.324 2.27778 25.15
      vertex 16.3569 2.27269 25.15
    endloop
  endfacet
  facet normal -0.178859 -0.983875 0
    outer loop
      vertex 16.2916 2.28367 25.15
      vertex 16.324 2.27778 25.6
      vertex 16.2916 2.28367 25.6
    endloop
  endfacet
  facet normal -0.178859 -0.983875 -0
    outer loop
      vertex 16.324 2.27778 25.6
      vertex 16.2916 2.28367 25.15
      vertex 16.324 2.27778 25.15
    endloop
  endfacet
  facet normal -0.205606 -0.978635 0
    outer loop
      vertex 16.2599 2.29033 25.15
      vertex 16.2916 2.28367 25.6
      vertex 16.2599 2.29033 25.6
    endloop
  endfacet
  facet normal -0.205606 -0.978635 -0
    outer loop
      vertex 16.2916 2.28367 25.6
      vertex 16.2599 2.29033 25.15
      vertex 16.2916 2.28367 25.15
    endloop
  endfacet
  facet normal -0.233255 -0.972416 0
    outer loop
      vertex 16.2288 2.29779 25.15
      vertex 16.2599 2.29033 25.6
      vertex 16.2288 2.29779 25.6
    endloop
  endfacet
  facet normal -0.233255 -0.972416 -0
    outer loop
      vertex 16.2599 2.29033 25.6
      vertex 16.2288 2.29779 25.15
      vertex 16.2599 2.29033 25.15
    endloop
  endfacet
  facet normal -0.259853 -0.965648 0
    outer loop
      vertex 16.2 2.30554 25.15
      vertex 16.2288 2.29779 25.6
      vertex 16.2 2.30554 25.6
    endloop
  endfacet
  facet normal -0.259853 -0.965648 -0
    outer loop
      vertex 16.2288 2.29779 25.6
      vertex 16.2 2.30554 25.15
      vertex 16.2288 2.29779 25.15
    endloop
  endfacet
  facet normal -0.850672 -0.525696 0
    outer loop
      vertex 15.6181 2.75 25.15
      vertex 15.6137 2.75712 25.6
      vertex 15.6137 2.75712 25.15
    endloop
  endfacet
  facet normal -0.850672 -0.525696 0
    outer loop
      vertex 15.6137 2.75712 25.6
      vertex 15.6181 2.75 25.15
      vertex 15.6181 2.75 25.6
    endloop
  endfacet
  facet normal -0.867065 -0.498195 0
    outer loop
      vertex 15.6137 2.75712 25.15
      vertex 15.5991 2.78253 25.6
      vertex 15.5991 2.78253 25.15
    endloop
  endfacet
  facet normal -0.867065 -0.498195 0
    outer loop
      vertex 15.5991 2.78253 25.6
      vertex 15.6137 2.75712 25.15
      vertex 15.6137 2.75712 25.6
    endloop
  endfacet
  facet normal -0.878671 -0.477428 0
    outer loop
      vertex 15.5991 2.78253 25.15
      vertex 15.585 2.80848 25.6
      vertex 15.585 2.80848 25.15
    endloop
  endfacet
  facet normal -0.878671 -0.477428 0
    outer loop
      vertex 15.585 2.80848 25.6
      vertex 15.5991 2.78253 25.15
      vertex 15.5991 2.78253 25.6
    endloop
  endfacet
  facet normal -0.891178 -0.453654 0
    outer loop
      vertex 15.585 2.80848 25.15
      vertex 15.5715 2.835 25.6
      vertex 15.5715 2.835 25.15
    endloop
  endfacet
  facet normal -0.891178 -0.453654 0
    outer loop
      vertex 15.5715 2.835 25.6
      vertex 15.585 2.80848 25.15
      vertex 15.585 2.80848 25.6
    endloop
  endfacet
  facet normal -0.901377 -0.433034 0
    outer loop
      vertex 15.5715 2.835 25.15
      vertex 15.5585 2.86206 25.6
      vertex 15.5585 2.86206 25.15
    endloop
  endfacet
  facet normal -0.901377 -0.433034 0
    outer loop
      vertex 15.5585 2.86206 25.6
      vertex 15.5715 2.835 25.15
      vertex 15.5715 2.835 25.6
    endloop
  endfacet
  facet normal -0.913511 -0.406813 0
    outer loop
      vertex 15.5585 2.86206 25.15
      vertex 15.5462 2.88968 25.6
      vertex 15.5462 2.88968 25.15
    endloop
  endfacet
  facet normal -0.913511 -0.406813 0
    outer loop
      vertex 15.5462 2.88968 25.6
      vertex 15.5585 2.86206 25.15
      vertex 15.5585 2.86206 25.6
    endloop
  endfacet
  facet normal -0.922251 -0.386592 0
    outer loop
      vertex 15.5462 2.88968 25.15
      vertex 15.5344 2.91783 25.6
      vertex 15.5344 2.91783 25.15
    endloop
  endfacet
  facet normal -0.922251 -0.386592 0
    outer loop
      vertex 15.5344 2.91783 25.6
      vertex 15.5462 2.88968 25.15
      vertex 15.5462 2.88968 25.6
    endloop
  endfacet
  facet normal -0.930562 -0.366134 0
    outer loop
      vertex 15.5344 2.91783 25.15
      vertex 15.5231 2.94655 25.6
      vertex 15.5231 2.94655 25.15
    endloop
  endfacet
  facet normal -0.930562 -0.366134 0
    outer loop
      vertex 15.5231 2.94655 25.6
      vertex 15.5344 2.91783 25.15
      vertex 15.5344 2.91783 25.6
    endloop
  endfacet
  facet normal -0.940206 -0.340608 0
    outer loop
      vertex 15.5231 2.94655 25.15
      vertex 15.5125 2.97581 25.6
      vertex 15.5125 2.97581 25.15
    endloop
  endfacet
  facet normal -0.940206 -0.340608 0
    outer loop
      vertex 15.5125 2.97581 25.6
      vertex 15.5231 2.94655 25.15
      vertex 15.5231 2.94655 25.6
    endloop
  endfacet
  facet normal -0.947082 -0.320991 0
    outer loop
      vertex 15.5125 2.97581 25.15
      vertex 15.5024 3.00561 25.6
      vertex 15.5024 3.00561 25.15
    endloop
  endfacet
  facet normal -0.947082 -0.320991 0
    outer loop
      vertex 15.5024 3.00561 25.6
      vertex 15.5125 2.97581 25.15
      vertex 15.5125 2.97581 25.6
    endloop
  endfacet
  facet normal -0.954396 -0.298543 0
    outer loop
      vertex 15.5024 3.00561 25.15
      vertex 15.4929 3.03598 25.6
      vertex 15.4929 3.03598 25.15
    endloop
  endfacet
  facet normal -0.954396 -0.298543 0
    outer loop
      vertex 15.4929 3.03598 25.6
      vertex 15.5024 3.00561 25.15
      vertex 15.5024 3.00561 25.6
    endloop
  endfacet
  facet normal -0.960959 -0.276691 0
    outer loop
      vertex 15.4929 3.03598 25.15
      vertex 15.484 3.06689 25.6
      vertex 15.484 3.06689 25.15
    endloop
  endfacet
  facet normal -0.960959 -0.276691 0
    outer loop
      vertex 15.484 3.06689 25.6
      vertex 15.4929 3.03598 25.15
      vertex 15.4929 3.03598 25.6
    endloop
  endfacet
  facet normal -0.96601 -0.258505 0
    outer loop
      vertex 15.484 3.06689 25.15
      vertex 15.4756 3.09828 25.6
      vertex 15.4756 3.09828 25.15
    endloop
  endfacet
  facet normal -0.96601 -0.258505 0
    outer loop
      vertex 15.4756 3.09828 25.6
      vertex 15.484 3.06689 25.15
      vertex 15.484 3.06689 25.6
    endloop
  endfacet
  facet normal -0.971159 -0.238434 0
    outer loop
      vertex 15.4756 3.09828 25.15
      vertex 15.4678 3.13005 25.6
      vertex 15.4678 3.13005 25.15
    endloop
  endfacet
  facet normal -0.971159 -0.238434 0
    outer loop
      vertex 15.4678 3.13005 25.6
      vertex 15.4756 3.09828 25.15
      vertex 15.4756 3.09828 25.6
    endloop
  endfacet
  facet normal -0.975178 -0.221424 0
    outer loop
      vertex 15.4678 3.13005 25.15
      vertex 15.4605 3.1622 25.6
      vertex 15.4605 3.1622 25.15
    endloop
  endfacet
  facet normal -0.975178 -0.221424 0
    outer loop
      vertex 15.4605 3.1622 25.6
      vertex 15.4678 3.13005 25.15
      vertex 15.4678 3.13005 25.6
    endloop
  endfacet
  facet normal -0.978843 -0.204615 0
    outer loop
      vertex 15.4605 3.1622 25.15
      vertex 15.4537 3.19473 25.6
      vertex 15.4537 3.19473 25.15
    endloop
  endfacet
  facet normal -0.978843 -0.204615 0
    outer loop
      vertex 15.4537 3.19473 25.6
      vertex 15.4605 3.1622 25.15
      vertex 15.4605 3.1622 25.6
    endloop
  endfacet
  facet normal -0.982713 -0.185136 0
    outer loop
      vertex 15.4537 3.19473 25.15
      vertex 15.4475 3.22764 25.6
      vertex 15.4475 3.22764 25.15
    endloop
  endfacet
  facet normal -0.982713 -0.185136 0
    outer loop
      vertex 15.4475 3.22764 25.6
      vertex 15.4537 3.19473 25.15
      vertex 15.4537 3.19473 25.6
    endloop
  endfacet
  facet normal -0.985664 -0.168717 0
    outer loop
      vertex 15.4475 3.22764 25.15
      vertex 15.4418 3.26094 25.6
      vertex 15.4418 3.26094 25.15
    endloop
  endfacet
  facet normal -0.985664 -0.168717 0
    outer loop
      vertex 15.4418 3.26094 25.6
      vertex 15.4475 3.22764 25.15
      vertex 15.4475 3.22764 25.6
    endloop
  endfacet
  facet normal -0.988722 -0.149762 0
    outer loop
      vertex 15.4418 3.26094 25.15
      vertex 15.4367 3.29461 25.6
      vertex 15.4367 3.29461 25.15
    endloop
  endfacet
  facet normal -0.988722 -0.149762 0
    outer loop
      vertex 15.4367 3.29461 25.6
      vertex 15.4418 3.26094 25.15
      vertex 15.4418 3.26094 25.6
    endloop
  endfacet
  facet normal -0.991003 -0.133841 0
    outer loop
      vertex 15.4367 3.29461 25.15
      vertex 15.4321 3.32867 25.6
      vertex 15.4321 3.32867 25.15
    endloop
  endfacet
  facet normal -0.991003 -0.133841 0
    outer loop
      vertex 15.4321 3.32867 25.6
      vertex 15.4367 3.29461 25.15
      vertex 15.4367 3.29461 25.6
    endloop
  endfacet
  facet normal -0.993323 -0.115368 0
    outer loop
      vertex 15.4321 3.32867 25.15
      vertex 15.4281 3.36311 25.6
      vertex 15.4281 3.36311 25.15
    endloop
  endfacet
  facet normal -0.993323 -0.115368 0
    outer loop
      vertex 15.4281 3.36311 25.6
      vertex 15.4321 3.32867 25.15
      vertex 15.4321 3.32867 25.6
    endloop
  endfacet
  facet normal -0.994986 -0.100013 0
    outer loop
      vertex 15.4281 3.36311 25.15
      vertex 15.4246 3.39793 25.6
      vertex 15.4246 3.39793 25.15
    endloop
  endfacet
  facet normal -0.994986 -0.100013 0
    outer loop
      vertex 15.4246 3.39793 25.6
      vertex 15.4281 3.36311 25.15
      vertex 15.4281 3.36311 25.6
    endloop
  endfacet
  facet normal -0.996388 -0.0849194 0
    outer loop
      vertex 15.4246 3.39793 25.15
      vertex 15.4216 3.43313 25.6
      vertex 15.4216 3.43313 25.15
    endloop
  endfacet
  facet normal -0.996388 -0.0849194 0
    outer loop
      vertex 15.4216 3.43313 25.6
      vertex 15.4246 3.39793 25.15
      vertex 15.4246 3.39793 25.6
    endloop
  endfacet
  facet normal -0.997734 -0.0672819 0
    outer loop
      vertex 15.4216 3.43313 25.15
      vertex 15.4192 3.46872 25.6
      vertex 15.4192 3.46872 25.15
    endloop
  endfacet
  facet normal -0.997734 -0.0672819 0
    outer loop
      vertex 15.4192 3.46872 25.6
      vertex 15.4216 3.43313 25.15
      vertex 15.4216 3.43313 25.6
    endloop
  endfacet
  facet normal -0.998607 -0.0527629 0
    outer loop
      vertex 15.4192 3.46872 25.15
      vertex 15.4173 3.50468 25.6
      vertex 15.4173 3.50468 25.15
    endloop
  endfacet
  facet normal -0.998607 -0.0527629 0
    outer loop
      vertex 15.4173 3.50468 25.6
      vertex 15.4192 3.46872 25.15
      vertex 15.4192 3.46872 25.6
    endloop
  endfacet
  facet normal -0.999259 -0.0384859 0
    outer loop
      vertex 15.4173 3.50468 25.15
      vertex 15.4159 3.54103 25.6
      vertex 15.4159 3.54103 25.15
    endloop
  endfacet
  facet normal -0.999259 -0.0384859 0
    outer loop
      vertex 15.4159 3.54103 25.6
      vertex 15.4173 3.50468 25.15
      vertex 15.4173 3.50468 25.6
    endloop
  endfacet
  facet normal -0.999763 -0.0217873 0
    outer loop
      vertex 15.4159 3.54103 25.15
      vertex 15.4151 3.57774 25.6
      vertex 15.4151 3.57774 25.15
    endloop
  endfacet
  facet normal -0.999763 -0.0217873 0
    outer loop
      vertex 15.4151 3.57774 25.6
      vertex 15.4159 3.54103 25.15
      vertex 15.4159 3.54103 25.6
    endloop
  endfacet
  facet normal -0.999967 -0.00808381 0
    outer loop
      vertex 15.4151 3.57774 25.15
      vertex 15.4148 3.61485 25.6
      vertex 15.4148 3.61485 25.15
    endloop
  endfacet
  facet normal -0.999967 -0.00808381 0
    outer loop
      vertex 15.4148 3.61485 25.6
      vertex 15.4151 3.57774 25.15
      vertex 15.4151 3.57774 25.6
    endloop
  endfacet
  facet normal -0.999968 0.00802113 0
    outer loop
      vertex 15.4148 3.61485 25.15
      vertex 15.4151 3.65225 25.6
      vertex 15.4151 3.65225 25.15
    endloop
  endfacet
  facet normal -0.999968 0.00802113 0
    outer loop
      vertex 15.4151 3.65225 25.6
      vertex 15.4148 3.61485 25.15
      vertex 15.4148 3.61485 25.6
    endloop
  endfacet
  facet normal -0.999766 0.02164 0
    outer loop
      vertex 15.4151 3.65225 25.15
      vertex 15.4159 3.68921 25.6
      vertex 15.4159 3.68921 25.15
    endloop
  endfacet
  facet normal -0.999766 0.02164 0
    outer loop
      vertex 15.4159 3.68921 25.6
      vertex 15.4151 3.65225 25.15
      vertex 15.4151 3.65225 25.6
    endloop
  endfacet
  facet normal -0.999366 0.0356134 0
    outer loop
      vertex 15.4159 3.68921 25.15
      vertex 15.4172 3.72569 25.6
      vertex 15.4172 3.72569 25.15
    endloop
  endfacet
  facet normal -0.999366 0.0356134 0
    outer loop
      vertex 15.4172 3.72569 25.6
      vertex 15.4159 3.68921 25.15
      vertex 15.4159 3.68921 25.6
    endloop
  endfacet
  facet normal -0.998613 0.0526461 0
    outer loop
      vertex 15.4172 3.72569 25.15
      vertex 15.4191 3.76173 25.6
      vertex 15.4191 3.76173 25.15
    endloop
  endfacet
  facet normal -0.998613 0.0526461 0
    outer loop
      vertex 15.4191 3.76173 25.6
      vertex 15.4172 3.72569 25.15
      vertex 15.4172 3.72569 25.6
    endloop
  endfacet
  facet normal -0.997733 0.0673007 0
    outer loop
      vertex 15.4191 3.76173 25.15
      vertex 15.4215 3.79731 25.6
      vertex 15.4215 3.79731 25.15
    endloop
  endfacet
  facet normal -0.997733 0.0673007 0
    outer loop
      vertex 15.4215 3.79731 25.6
      vertex 15.4191 3.76173 25.15
      vertex 15.4191 3.76173 25.6
    endloop
  endfacet
  facet normal -0.996614 0.0822242 0
    outer loop
      vertex 15.4215 3.79731 25.15
      vertex 15.4244 3.83246 25.6
      vertex 15.4244 3.83246 25.15
    endloop
  endfacet
  facet normal -0.996614 0.0822242 0
    outer loop
      vertex 15.4244 3.83246 25.6
      vertex 15.4215 3.79731 25.15
      vertex 15.4215 3.79731 25.6
    endloop
  endfacet
  facet normal -0.995223 0.0976272 0
    outer loop
      vertex 15.4244 3.83246 25.15
      vertex 15.4278 3.86712 25.6
      vertex 15.4278 3.86712 25.15
    endloop
  endfacet
  facet normal -0.995223 0.0976272 0
    outer loop
      vertex 15.4278 3.86712 25.6
      vertex 15.4244 3.83246 25.15
      vertex 15.4244 3.83246 25.6
    endloop
  endfacet
  facet normal -0.993241 0.116067 0
    outer loop
      vertex 15.4278 3.86712 25.15
      vertex 15.4318 3.90135 25.6
      vertex 15.4318 3.90135 25.15
    endloop
  endfacet
  facet normal -0.993241 0.116067 0
    outer loop
      vertex 15.4318 3.90135 25.6
      vertex 15.4278 3.86712 25.15
      vertex 15.4278 3.86712 25.6
    endloop
  endfacet
  facet normal -0.991228 0.132164 0
    outer loop
      vertex 15.4318 3.90135 25.15
      vertex 15.4363 3.9351 25.6
      vertex 15.4363 3.9351 25.15
    endloop
  endfacet
  facet normal -0.991228 0.132164 0
    outer loop
      vertex 15.4363 3.9351 25.6
      vertex 15.4318 3.90135 25.15
      vertex 15.4318 3.90135 25.6
    endloop
  endfacet
  facet normal -0.988921 0.148442 0
    outer loop
      vertex 15.4363 3.9351 25.15
      vertex 15.4413 3.96841 25.6
      vertex 15.4413 3.96841 25.15
    endloop
  endfacet
  facet normal -0.988921 0.148442 0
    outer loop
      vertex 15.4413 3.96841 25.6
      vertex 15.4363 3.9351 25.15
      vertex 15.4363 3.9351 25.6
    endloop
  endfacet
  facet normal -0.985779 0.168048 0
    outer loop
      vertex 15.4413 3.96841 25.15
      vertex 15.4469 4.00126 25.6
      vertex 15.4469 4.00126 25.15
    endloop
  endfacet
  facet normal -0.985779 0.168048 0
    outer loop
      vertex 15.4469 4.00126 25.6
      vertex 15.4413 3.96841 25.15
      vertex 15.4413 3.96841 25.6
    endloop
  endfacet
  facet normal -0.982735 0.185021 0
    outer loop
      vertex 15.4469 4.00126 25.15
      vertex 15.453 4.03366 25.6
      vertex 15.453 4.03366 25.15
    endloop
  endfacet
  facet normal -0.982735 0.185021 0
    outer loop
      vertex 15.453 4.03366 25.6
      vertex 15.4469 4.00126 25.15
      vertex 15.4469 4.00126 25.6
    endloop
  endfacet
  facet normal -0.979298 0.202423 0
    outer loop
      vertex 15.453 4.03366 25.15
      vertex 15.4596 4.06559 25.6
      vertex 15.4596 4.06559 25.15
    endloop
  endfacet
  facet normal -0.979298 0.202423 0
    outer loop
      vertex 15.4596 4.06559 25.6
      vertex 15.453 4.03366 25.15
      vertex 15.453 4.03366 25.6
    endloop
  endfacet
  facet normal -0.974859 0.222825 0
    outer loop
      vertex 15.4596 4.06559 25.15
      vertex 15.4668 4.09709 25.6
      vertex 15.4668 4.09709 25.15
    endloop
  endfacet
  facet normal -0.974859 0.222825 0
    outer loop
      vertex 15.4668 4.09709 25.6
      vertex 15.4596 4.06559 25.15
      vertex 15.4596 4.06559 25.6
    endloop
  endfacet
  facet normal -0.971274 0.237965 0
    outer loop
      vertex 15.4668 4.09709 25.15
      vertex 15.4744 4.12811 25.6
      vertex 15.4744 4.12811 25.15
    endloop
  endfacet
  facet normal -0.971274 0.237965 0
    outer loop
      vertex 15.4744 4.12811 25.6
      vertex 15.4668 4.09709 25.15
      vertex 15.4668 4.09709 25.6
    endloop
  endfacet
  facet normal -0.965878 0.258999 0
    outer loop
      vertex 15.4744 4.12811 25.15
      vertex 15.4826 4.15869 25.6
      vertex 15.4826 4.15869 25.15
    endloop
  endfacet
  facet normal -0.965878 0.258999 0
    outer loop
      vertex 15.4826 4.15869 25.6
      vertex 15.4744 4.12811 25.15
      vertex 15.4744 4.12811 25.6
    endloop
  endfacet
  facet normal -0.959746 0.28087 0
    outer loop
      vertex 15.4826 4.15869 25.15
      vertex 15.4914 4.18876 25.6
      vertex 15.4914 4.18876 25.15
    endloop
  endfacet
  facet normal -0.959746 0.28087 0
    outer loop
      vertex 15.4914 4.18876 25.6
      vertex 15.4826 4.15869 25.15
      vertex 15.4826 4.15869 25.6
    endloop
  endfacet
  facet normal -0.953817 0.300389 0
    outer loop
      vertex 15.4914 4.18876 25.15
      vertex 15.5007 4.21829 25.6
      vertex 15.5007 4.21829 25.15
    endloop
  endfacet
  facet normal -0.953817 0.300389 0
    outer loop
      vertex 15.5007 4.21829 25.6
      vertex 15.4914 4.18876 25.15
      vertex 15.4914 4.18876 25.6
    endloop
  endfacet
  facet normal -0.94634 0.323172 0
    outer loop
      vertex 15.5007 4.21829 25.15
      vertex 15.5106 4.24728 25.6
      vertex 15.5106 4.24728 25.15
    endloop
  endfacet
  facet normal -0.94634 0.323172 0
    outer loop
      vertex 15.5106 4.24728 25.6
      vertex 15.5007 4.21829 25.15
      vertex 15.5007 4.21829 25.6
    endloop
  endfacet
  facet normal -0.938185 0.346133 0
    outer loop
      vertex 15.5106 4.24728 25.15
      vertex 15.5211 4.27574 25.6
      vertex 15.5211 4.27574 25.15
    endloop
  endfacet
  facet normal -0.938185 0.346133 0
    outer loop
      vertex 15.5211 4.27574 25.6
      vertex 15.5106 4.24728 25.15
      vertex 15.5106 4.24728 25.6
    endloop
  endfacet
  facet normal -0.92921 0.369553 0
    outer loop
      vertex 15.5211 4.27574 25.15
      vertex 15.5322 4.30365 25.6
      vertex 15.5322 4.30365 25.15
    endloop
  endfacet
  facet normal -0.92921 0.369553 0
    outer loop
      vertex 15.5322 4.30365 25.6
      vertex 15.5211 4.27574 25.15
      vertex 15.5211 4.27574 25.6
    endloop
  endfacet
  facet normal -0.920721 0.390222 0
    outer loop
      vertex 15.5322 4.30365 25.15
      vertex 15.5438 4.33102 25.6
      vertex 15.5438 4.33102 25.15
    endloop
  endfacet
  facet normal -0.920721 0.390222 0
    outer loop
      vertex 15.5438 4.33102 25.6
      vertex 15.5322 4.30365 25.15
      vertex 15.5322 4.30365 25.6
    endloop
  endfacet
  facet normal -0.910366 0.413803 0
    outer loop
      vertex 15.5438 4.33102 25.15
      vertex 15.556 4.35786 25.6
      vertex 15.556 4.35786 25.15
    endloop
  endfacet
  facet normal -0.910366 0.413803 0
    outer loop
      vertex 15.556 4.35786 25.6
      vertex 15.5438 4.33102 25.15
      vertex 15.5438 4.33102 25.6
    endloop
  endfacet
  facet normal -0.900441 0.434979 0
    outer loop
      vertex 15.556 4.35786 25.15
      vertex 15.5687 4.38415 25.6
      vertex 15.5687 4.38415 25.15
    endloop
  endfacet
  facet normal -0.900441 0.434979 0
    outer loop
      vertex 15.5687 4.38415 25.6
      vertex 15.556 4.35786 25.15
      vertex 15.556 4.35786 25.6
    endloop
  endfacet
  facet normal -0.887149 0.461483 0
    outer loop
      vertex 15.5687 4.38415 25.15
      vertex 15.5821 4.40991 25.6
      vertex 15.5821 4.40991 25.15
    endloop
  endfacet
  facet normal -0.887149 0.461483 0
    outer loop
      vertex 15.5821 4.40991 25.6
      vertex 15.5687 4.38415 25.15
      vertex 15.5687 4.38415 25.6
    endloop
  endfacet
  facet normal -0.875709 0.482839 0
    outer loop
      vertex 15.5821 4.40991 25.15
      vertex 15.596 4.43512 25.6
      vertex 15.596 4.43512 25.15
    endloop
  endfacet
  facet normal -0.875709 0.482839 0
    outer loop
      vertex 15.596 4.43512 25.6
      vertex 15.5821 4.40991 25.15
      vertex 15.5821 4.40991 25.6
    endloop
  endfacet
  facet normal -0.862114 0.506715 0
    outer loop
      vertex 15.596 4.43512 25.15
      vertex 15.6105 4.45979 25.6
      vertex 15.6105 4.45979 25.15
    endloop
  endfacet
  facet normal -0.862114 0.506715 0
    outer loop
      vertex 15.6105 4.45979 25.6
      vertex 15.596 4.43512 25.15
      vertex 15.596 4.43512 25.6
    endloop
  endfacet
  facet normal -0.849183 0.528099 0
    outer loop
      vertex 15.6105 4.45979 25.15
      vertex 15.6255 4.48391 25.6
      vertex 15.6255 4.48391 25.15
    endloop
  endfacet
  facet normal -0.849183 0.528099 0
    outer loop
      vertex 15.6255 4.48391 25.6
      vertex 15.6105 4.45979 25.15
      vertex 15.6105 4.45979 25.6
    endloop
  endfacet
  facet normal -0.832484 0.554049 0
    outer loop
      vertex 15.6255 4.48391 25.15
      vertex 15.6412 4.5075 25.6
      vertex 15.6412 4.5075 25.15
    endloop
  endfacet
  facet normal -0.832484 0.554049 0
    outer loop
      vertex 15.6412 4.5075 25.6
      vertex 15.6255 4.48391 25.15
      vertex 15.6255 4.48391 25.6
    endloop
  endfacet
  facet normal -0.818264 0.574843 0
    outer loop
      vertex 15.6412 4.5075 25.15
      vertex 15.6574 4.53056 25.6
      vertex 15.6574 4.53056 25.15
    endloop
  endfacet
  facet normal -0.818264 0.574843 0
    outer loop
      vertex 15.6574 4.53056 25.6
      vertex 15.6412 4.5075 25.15
      vertex 15.6412 4.5075 25.6
    endloop
  endfacet
  facet normal -0.803115 0.595825 0
    outer loop
      vertex 15.6574 4.53056 25.15
      vertex 15.6741 4.55307 25.6
      vertex 15.6741 4.55307 25.15
    endloop
  endfacet
  facet normal -0.803115 0.595825 0
    outer loop
      vertex 15.6741 4.55307 25.6
      vertex 15.6574 4.53056 25.15
      vertex 15.6574 4.53056 25.6
    endloop
  endfacet
  facet normal -0.783923 0.620858 0
    outer loop
      vertex 15.6741 4.55307 25.15
      vertex 15.6915 4.57504 25.6
      vertex 15.6915 4.57504 25.15
    endloop
  endfacet
  facet normal -0.783923 0.620858 0
    outer loop
      vertex 15.6915 4.57504 25.6
      vertex 15.6741 4.55307 25.15
      vertex 15.6741 4.55307 25.6
    endloop
  endfacet
  facet normal -0.766897 0.64177 0
    outer loop
      vertex 15.6915 4.57504 25.15
      vertex 15.7094 4.59643 25.6
      vertex 15.7094 4.59643 25.15
    endloop
  endfacet
  facet normal -0.766897 0.64177 0
    outer loop
      vertex 15.7094 4.59643 25.6
      vertex 15.6915 4.57504 25.15
      vertex 15.6915 4.57504 25.6
    endloop
  endfacet
  facet normal -0.746416 0.665479 0
    outer loop
      vertex 15.7094 4.59643 25.15
      vertex 15.7279 4.61718 25.6
      vertex 15.7279 4.61718 25.15
    endloop
  endfacet
  facet normal -0.746416 0.665479 0
    outer loop
      vertex 15.7279 4.61718 25.6
      vertex 15.7094 4.59643 25.15
      vertex 15.7094 4.59643 25.6
    endloop
  endfacet
  facet normal -0.723967 0.689835 0
    outer loop
      vertex 15.7279 4.61718 25.15
      vertex 15.7471 4.63733 25.6
      vertex 15.7471 4.63733 25.15
    endloop
  endfacet
  facet normal -0.723967 0.689835 0
    outer loop
      vertex 15.7471 4.63733 25.6
      vertex 15.7279 4.61718 25.15
      vertex 15.7279 4.61718 25.6
    endloop
  endfacet
  facet normal -0.703672 0.710525 0
    outer loop
      vertex 15.7668 4.65684 25.15
      vertex 15.7471 4.63733 25.6
      vertex 15.7668 4.65684 25.6
    endloop
  endfacet
  facet normal -0.703672 0.710525 0
    outer loop
      vertex 15.7471 4.63733 25.6
      vertex 15.7668 4.65684 25.15
      vertex 15.7471 4.63733 25.15
    endloop
  endfacet
  facet normal -0.681225 0.732074 0
    outer loop
      vertex 15.7871 4.67573 25.15
      vertex 15.7668 4.65684 25.6
      vertex 15.7871 4.67573 25.6
    endloop
  endfacet
  facet normal -0.681225 0.732074 0
    outer loop
      vertex 15.7668 4.65684 25.6
      vertex 15.7871 4.67573 25.15
      vertex 15.7668 4.65684 25.15
    endloop
  endfacet
  facet normal -0.657739 0.753246 0
    outer loop
      vertex 15.808 4.69398 25.15
      vertex 15.7871 4.67573 25.6
      vertex 15.808 4.69398 25.6
    endloop
  endfacet
  facet normal -0.657739 0.753246 0
    outer loop
      vertex 15.7871 4.67573 25.6
      vertex 15.808 4.69398 25.15
      vertex 15.7871 4.67573 25.15
    endloop
  endfacet
  facet normal -0.634295 0.773091 0
    outer loop
      vertex 15.8295 4.71162 25.15
      vertex 15.808 4.69398 25.6
      vertex 15.8295 4.71162 25.6
    endloop
  endfacet
  facet normal -0.634295 0.773091 0
    outer loop
      vertex 15.808 4.69398 25.6
      vertex 15.8295 4.71162 25.15
      vertex 15.808 4.69398 25.15
    endloop
  endfacet
  facet normal -0.611673 0.791111 0
    outer loop
      vertex 15.8515 4.72863 25.15
      vertex 15.8295 4.71162 25.6
      vertex 15.8515 4.72863 25.6
    endloop
  endfacet
  facet normal -0.611673 0.791111 0
    outer loop
      vertex 15.8295 4.71162 25.6
      vertex 15.8515 4.72863 25.15
      vertex 15.8295 4.71162 25.15
    endloop
  endfacet
  facet normal -0.585386 0.810755 0
    outer loop
      vertex 15.8742 4.74502 25.15
      vertex 15.8515 4.72863 25.6
      vertex 15.8742 4.74502 25.6
    endloop
  endfacet
  facet normal -0.585386 0.810755 0
    outer loop
      vertex 15.8515 4.72863 25.6
      vertex 15.8742 4.74502 25.15
      vertex 15.8515 4.72863 25.15
    endloop
  endfacet
  facet normal -0.560022 0.828478 0
    outer loop
      vertex 15.8975 4.76077 25.15
      vertex 15.8742 4.74502 25.6
      vertex 15.8975 4.76077 25.6
    endloop
  endfacet
  facet normal -0.560022 0.828478 0
    outer loop
      vertex 15.8742 4.74502 25.6
      vertex 15.8975 4.76077 25.15
      vertex 15.8742 4.74502 25.15
    endloop
  endfacet
  facet normal -0.536738 0.843749 0
    outer loop
      vertex 15.9213 4.77591 25.15
      vertex 15.8975 4.76077 25.6
      vertex 15.9213 4.77591 25.6
    endloop
  endfacet
  facet normal -0.536738 0.843749 0
    outer loop
      vertex 15.8975 4.76077 25.6
      vertex 15.9213 4.77591 25.15
      vertex 15.8975 4.76077 25.15
    endloop
  endfacet
  facet normal -0.509581 0.860423 0
    outer loop
      vertex 15.9458 4.79042 25.15
      vertex 15.9213 4.77591 25.6
      vertex 15.9458 4.79042 25.6
    endloop
  endfacet
  facet normal -0.509581 0.860423 0
    outer loop
      vertex 15.9213 4.77591 25.6
      vertex 15.9458 4.79042 25.15
      vertex 15.9213 4.77591 25.15
    endloop
  endfacet
  facet normal -0.483925 0.875109 0
    outer loop
      vertex 15.9709 4.8043 25.15
      vertex 15.9458 4.79042 25.6
      vertex 15.9709 4.8043 25.6
    endloop
  endfacet
  facet normal -0.483925 0.875109 0
    outer loop
      vertex 15.9458 4.79042 25.6
      vertex 15.9709 4.8043 25.15
      vertex 15.9458 4.79042 25.15
    endloop
  endfacet
  facet normal -0.459932 0.887954 0
    outer loop
      vertex 15.9965 4.81756 25.15
      vertex 15.9709 4.8043 25.6
      vertex 15.9965 4.81756 25.6
    endloop
  endfacet
  facet normal -0.459932 0.887954 0
    outer loop
      vertex 15.9709 4.8043 25.6
      vertex 15.9965 4.81756 25.15
      vertex 15.9709 4.8043 25.15
    endloop
  endfacet
  facet normal -0.434518 0.900663 0
    outer loop
      vertex 16.0227 4.8302 25.15
      vertex 15.9965 4.81756 25.6
      vertex 16.0227 4.8302 25.6
    endloop
  endfacet
  facet normal -0.434518 0.900663 0
    outer loop
      vertex 15.9965 4.81756 25.6
      vertex 16.0227 4.8302 25.15
      vertex 15.9965 4.81756 25.15
    endloop
  endfacet
  facet normal -0.407681 0.913124 0
    outer loop
      vertex 16.0496 4.84221 25.15
      vertex 16.0227 4.8302 25.6
      vertex 16.0496 4.84221 25.6
    endloop
  endfacet
  facet normal -0.407681 0.913124 0
    outer loop
      vertex 16.0227 4.8302 25.6
      vertex 16.0496 4.84221 25.15
      vertex 16.0227 4.8302 25.15
    endloop
  endfacet
  facet normal -0.382123 0.924111 0
    outer loop
      vertex 16.077 4.85354 25.15
      vertex 16.0496 4.84221 25.6
      vertex 16.077 4.85354 25.6
    endloop
  endfacet
  facet normal -0.382123 0.924111 0
    outer loop
      vertex 16.0496 4.84221 25.6
      vertex 16.077 4.85354 25.15
      vertex 16.0496 4.84221 25.15
    endloop
  endfacet
  facet normal -0.352656 0.935753 0
    outer loop
      vertex 16.1051 4.86413 25.15
      vertex 16.077 4.85354 25.6
      vertex 16.1051 4.86413 25.6
    endloop
  endfacet
  facet normal -0.352656 0.935753 0
    outer loop
      vertex 16.077 4.85354 25.6
      vertex 16.1051 4.86413 25.15
      vertex 16.077 4.85354 25.15
    endloop
  endfacet
  facet normal -0.325503 0.945541 0
    outer loop
      vertex 16.1338 4.87401 25.15
      vertex 16.1051 4.86413 25.6
      vertex 16.1338 4.87401 25.6
    endloop
  endfacet
  facet normal -0.325503 0.945541 0
    outer loop
      vertex 16.1051 4.86413 25.6
      vertex 16.1338 4.87401 25.15
      vertex 16.1051 4.86413 25.15
    endloop
  endfacet
  facet normal -0.297793 0.954631 0
    outer loop
      vertex 16.1631 4.88315 25.15
      vertex 16.1338 4.87401 25.6
      vertex 16.1631 4.88315 25.6
    endloop
  endfacet
  facet normal -0.297793 0.954631 0
    outer loop
      vertex 16.1338 4.87401 25.6
      vertex 16.1631 4.88315 25.15
      vertex 16.1338 4.87401 25.15
    endloop
  endfacet
  facet normal -0.270225 0.962797 0
    outer loop
      vertex 16.1931 4.89157 25.15
      vertex 16.1631 4.88315 25.6
      vertex 16.1931 4.89157 25.6
    endloop
  endfacet
  facet normal -0.270225 0.962797 0
    outer loop
      vertex 16.1631 4.88315 25.6
      vertex 16.1931 4.89157 25.15
      vertex 16.1631 4.88315 25.15
    endloop
  endfacet
  facet normal -0.243132 0.969993 0
    outer loop
      vertex 16.2237 4.89924 25.15
      vertex 16.1931 4.89157 25.6
      vertex 16.2237 4.89924 25.6
    endloop
  endfacet
  facet normal -0.243132 0.969993 0
    outer loop
      vertex 16.1931 4.89157 25.6
      vertex 16.2237 4.89924 25.15
      vertex 16.1931 4.89157 25.15
    endloop
  endfacet
  facet normal -0.216765 0.976224 0
    outer loop
      vertex 16.255 4.90619 25.15
      vertex 16.2237 4.89924 25.6
      vertex 16.255 4.90619 25.6
    endloop
  endfacet
  facet normal -0.216765 0.976224 0
    outer loop
      vertex 16.2237 4.89924 25.6
      vertex 16.255 4.90619 25.15
      vertex 16.2237 4.89924 25.15
    endloop
  endfacet
  facet normal -0.191084 0.981574 0
    outer loop
      vertex 16.2869 4.9124 25.15
      vertex 16.255 4.90619 25.6
      vertex 16.2869 4.9124 25.6
    endloop
  endfacet
  facet normal -0.191084 0.981574 0
    outer loop
      vertex 16.255 4.90619 25.6
      vertex 16.2869 4.9124 25.15
      vertex 16.255 4.90619 25.15
    endloop
  endfacet
  facet normal -0.166563 0.986031 0
    outer loop
      vertex 16.3194 4.91789 25.15
      vertex 16.2869 4.9124 25.6
      vertex 16.3194 4.91789 25.6
    endloop
  endfacet
  facet normal -0.166563 0.986031 0
    outer loop
      vertex 16.2869 4.9124 25.6
      vertex 16.3194 4.91789 25.15
      vertex 16.2869 4.9124 25.15
    endloop
  endfacet
  facet normal -0.14163 0.98992 0
    outer loop
      vertex 16.3526 4.92264 25.15
      vertex 16.3194 4.91789 25.6
      vertex 16.3526 4.92264 25.6
    endloop
  endfacet
  facet normal -0.14163 0.98992 0
    outer loop
      vertex 16.3194 4.91789 25.6
      vertex 16.3526 4.92264 25.15
      vertex 16.3194 4.91789 25.15
    endloop
  endfacet
  facet normal -0.118103 0.993001 0
    outer loop
      vertex 16.3864 4.92666 25.15
      vertex 16.3526 4.92264 25.6
      vertex 16.3864 4.92666 25.6
    endloop
  endfacet
  facet normal -0.118103 0.993001 0
    outer loop
      vertex 16.3526 4.92264 25.6
      vertex 16.3864 4.92666 25.15
      vertex 16.3526 4.92264 25.15
    endloop
  endfacet
  facet normal -0.0954919 0.99543 0
    outer loop
      vertex 16.4208 4.92996 25.15
      vertex 16.3864 4.92666 25.6
      vertex 16.4208 4.92996 25.6
    endloop
  endfacet
  facet normal -0.0954919 0.99543 0
    outer loop
      vertex 16.3864 4.92666 25.6
      vertex 16.4208 4.92996 25.15
      vertex 16.3864 4.92666 25.15
    endloop
  endfacet
  facet normal -0.0724586 0.997371 0
    outer loop
      vertex 16.4559 4.93251 25.15
      vertex 16.4208 4.92996 25.6
      vertex 16.4559 4.93251 25.6
    endloop
  endfacet
  facet normal -0.0724586 0.997371 0
    outer loop
      vertex 16.4208 4.92996 25.6
      vertex 16.4559 4.93251 25.15
      vertex 16.4208 4.92996 25.15
    endloop
  endfacet
  facet normal -0.0511933 0.998689 0
    outer loop
      vertex 16.4916 4.93434 25.15
      vertex 16.4559 4.93251 25.6
      vertex 16.4916 4.93434 25.6
    endloop
  endfacet
  facet normal -0.0511933 0.998689 0
    outer loop
      vertex 16.4559 4.93251 25.6
      vertex 16.4916 4.93434 25.15
      vertex 16.4559 4.93251 25.15
    endloop
  endfacet
  facet normal -0.0302891 0.999541 0
    outer loop
      vertex 16.5279 4.93544 25.15
      vertex 16.4916 4.93434 25.6
      vertex 16.5279 4.93544 25.6
    endloop
  endfacet
  facet normal -0.0302891 0.999541 0
    outer loop
      vertex 16.4916 4.93434 25.6
      vertex 16.5279 4.93544 25.15
      vertex 16.4916 4.93434 25.15
    endloop
  endfacet
  facet normal -0.00972927 0.999953 0
    outer loop
      vertex 16.5649 4.9358 25.15
      vertex 16.5279 4.93544 25.6
      vertex 16.5649 4.9358 25.6
    endloop
  endfacet
  facet normal -0.00972927 0.999953 0
    outer loop
      vertex 16.5279 4.93544 25.6
      vertex 16.5649 4.9358 25.15
      vertex 16.5279 4.93544 25.15
    endloop
  endfacet
  facet normal 0.00711444 0.999975 -0
    outer loop
      vertex 16.5902 4.93562 25.15
      vertex 16.5649 4.9358 25.6
      vertex 16.5902 4.93562 25.6
    endloop
  endfacet
  facet normal 0.00711444 0.999975 0
    outer loop
      vertex 16.5649 4.9358 25.6
      vertex 16.5902 4.93562 25.15
      vertex 16.5649 4.9358 25.15
    endloop
  endfacet
  facet normal 0.0224843 0.999747 -0
    outer loop
      vertex 16.6151 4.93506 25.15
      vertex 16.5902 4.93562 25.6
      vertex 16.6151 4.93506 25.6
    endloop
  endfacet
  facet normal 0.0224843 0.999747 0
    outer loop
      vertex 16.5902 4.93562 25.6
      vertex 16.6151 4.93506 25.15
      vertex 16.5902 4.93562 25.15
    endloop
  endfacet
  facet normal 0.0375246 0.999296 -0
    outer loop
      vertex 16.6396 4.93414 25.15
      vertex 16.6151 4.93506 25.6
      vertex 16.6396 4.93414 25.6
    endloop
  endfacet
  facet normal 0.0375246 0.999296 0
    outer loop
      vertex 16.6151 4.93506 25.6
      vertex 16.6396 4.93414 25.15
      vertex 16.6151 4.93506 25.15
    endloop
  endfacet
  facet normal 0.0540531 0.998538 -0
    outer loop
      vertex 16.6638 4.93283 25.15
      vertex 16.6396 4.93414 25.6
      vertex 16.6638 4.93283 25.6
    endloop
  endfacet
  facet normal 0.0540531 0.998538 0
    outer loop
      vertex 16.6396 4.93414 25.6
      vertex 16.6638 4.93283 25.15
      vertex 16.6396 4.93414 25.15
    endloop
  endfacet
  facet normal 0.0697045 0.997568 -0
    outer loop
      vertex 16.6877 4.93116 25.15
      vertex 16.6638 4.93283 25.6
      vertex 16.6877 4.93116 25.6
    endloop
  endfacet
  facet normal 0.0697045 0.997568 0
    outer loop
      vertex 16.6638 4.93283 25.6
      vertex 16.6877 4.93116 25.15
      vertex 16.6638 4.93283 25.15
    endloop
  endfacet
  facet normal 0.0864833 0.996253 -0
    outer loop
      vertex 16.7112 4.92912 25.15
      vertex 16.6877 4.93116 25.6
      vertex 16.7112 4.92912 25.6
    endloop
  endfacet
  facet normal 0.0864833 0.996253 0
    outer loop
      vertex 16.6877 4.93116 25.6
      vertex 16.7112 4.92912 25.15
      vertex 16.6877 4.93116 25.15
    endloop
  endfacet
  facet normal 0.103323 0.994648 -0
    outer loop
      vertex 16.7344 4.92671 25.15
      vertex 16.7112 4.92912 25.6
      vertex 16.7344 4.92671 25.6
    endloop
  endfacet
  facet normal 0.103323 0.994648 0
    outer loop
      vertex 16.7112 4.92912 25.6
      vertex 16.7344 4.92671 25.15
      vertex 16.7112 4.92912 25.15
    endloop
  endfacet
  facet normal 0.121033 0.992648 -0
    outer loop
      vertex 16.7572 4.92393 25.15
      vertex 16.7344 4.92671 25.6
      vertex 16.7572 4.92393 25.6
    endloop
  endfacet
  facet normal 0.121033 0.992648 0
    outer loop
      vertex 16.7344 4.92671 25.6
      vertex 16.7572 4.92393 25.15
      vertex 16.7344 4.92671 25.15
    endloop
  endfacet
  facet normal 0.139688 0.990196 -0
    outer loop
      vertex 16.7796 4.92077 25.15
      vertex 16.7572 4.92393 25.6
      vertex 16.7796 4.92077 25.6
    endloop
  endfacet
  facet normal 0.139688 0.990196 0
    outer loop
      vertex 16.7572 4.92393 25.6
      vertex 16.7796 4.92077 25.15
      vertex 16.7572 4.92393 25.15
    endloop
  endfacet
  facet normal 0.157293 0.987552 -0
    outer loop
      vertex 16.8017 4.91725 25.15
      vertex 16.7796 4.92077 25.6
      vertex 16.8017 4.91725 25.6
    endloop
  endfacet
  facet normal 0.157293 0.987552 0
    outer loop
      vertex 16.7796 4.92077 25.6
      vertex 16.8017 4.91725 25.15
      vertex 16.7796 4.92077 25.15
    endloop
  endfacet
  facet normal 0.175666 0.98445 -0
    outer loop
      vertex 16.8235 4.91336 25.15
      vertex 16.8017 4.91725 25.6
      vertex 16.8235 4.91336 25.6
    endloop
  endfacet
  facet normal 0.175666 0.98445 0
    outer loop
      vertex 16.8017 4.91725 25.6
      vertex 16.8235 4.91336 25.15
      vertex 16.8017 4.91725 25.15
    endloop
  endfacet
  facet normal 0.195235 0.980757 -0
    outer loop
      vertex 16.8449 4.9091 25.15
      vertex 16.8235 4.91336 25.6
      vertex 16.8449 4.9091 25.6
    endloop
  endfacet
  facet normal 0.195235 0.980757 0
    outer loop
      vertex 16.8235 4.91336 25.6
      vertex 16.8449 4.9091 25.15
      vertex 16.8235 4.91336 25.15
    endloop
  endfacet
  facet normal 0.214773 0.976664 -0
    outer loop
      vertex 16.866 4.90446 25.15
      vertex 16.8449 4.9091 25.6
      vertex 16.866 4.90446 25.6
    endloop
  endfacet
  facet normal 0.214773 0.976664 0
    outer loop
      vertex 16.8449 4.9091 25.6
      vertex 16.866 4.90446 25.15
      vertex 16.8449 4.9091 25.15
    endloop
  endfacet
  facet normal 0.234794 0.972045 -0
    outer loop
      vertex 16.8867 4.89946 25.15
      vertex 16.866 4.90446 25.6
      vertex 16.8867 4.89946 25.6
    endloop
  endfacet
  facet normal 0.234794 0.972045 0
    outer loop
      vertex 16.866 4.90446 25.6
      vertex 16.8867 4.89946 25.15
      vertex 16.866 4.90446 25.15
    endloop
  endfacet
  facet normal 0.256625 0.966511 -0
    outer loop
      vertex 16.907 4.89407 25.15
      vertex 16.8867 4.89946 25.6
      vertex 16.907 4.89407 25.6
    endloop
  endfacet
  facet normal 0.256625 0.966511 0
    outer loop
      vertex 16.8867 4.89946 25.6
      vertex 16.907 4.89407 25.15
      vertex 16.8867 4.89946 25.15
    endloop
  endfacet
  facet normal 0.276307 0.961069 -0
    outer loop
      vertex 16.927 4.88832 25.15
      vertex 16.907 4.89407 25.6
      vertex 16.927 4.88832 25.6
    endloop
  endfacet
  facet normal 0.276307 0.961069 0
    outer loop
      vertex 16.907 4.89407 25.6
      vertex 16.927 4.88832 25.15
      vertex 16.907 4.89407 25.15
    endloop
  endfacet
  facet normal 0.294018 0.9558 -0
    outer loop
      vertex 16.9467 4.88226 25.15
      vertex 16.927 4.88832 25.6
      vertex 16.9467 4.88226 25.6
    endloop
  endfacet
  facet normal 0.294018 0.9558 0
    outer loop
      vertex 16.927 4.88832 25.6
      vertex 16.9467 4.88226 25.15
      vertex 16.927 4.88832 25.15
    endloop
  endfacet
  facet normal 0.308864 0.951106 -0
    outer loop
      vertex 16.9661 4.87596 25.15
      vertex 16.9467 4.88226 25.6
      vertex 16.9661 4.87596 25.6
    endloop
  endfacet
  facet normal 0.308864 0.951106 0
    outer loop
      vertex 16.9467 4.88226 25.6
      vertex 16.9661 4.87596 25.15
      vertex 16.9467 4.88226 25.15
    endloop
  endfacet
  facet normal 0.325716 0.945468 -0
    outer loop
      vertex 16.9852 4.86938 25.15
      vertex 16.9661 4.87596 25.6
      vertex 16.9852 4.86938 25.6
    endloop
  endfacet
  facet normal 0.325716 0.945468 0
    outer loop
      vertex 16.9661 4.87596 25.6
      vertex 16.9852 4.86938 25.15
      vertex 16.9661 4.87596 25.15
    endloop
  endfacet
  facet normal 0.34102 0.940056 -0
    outer loop
      vertex 17.004 4.86256 25.15
      vertex 16.9852 4.86938 25.6
      vertex 17.004 4.86256 25.6
    endloop
  endfacet
  facet normal 0.34102 0.940056 0
    outer loop
      vertex 16.9852 4.86938 25.6
      vertex 17.004 4.86256 25.15
      vertex 16.9852 4.86938 25.15
    endloop
  endfacet
  facet normal 0.356541 0.93428 -0
    outer loop
      vertex 17.0225 4.8555 25.15
      vertex 17.004 4.86256 25.6
      vertex 17.0225 4.8555 25.6
    endloop
  endfacet
  facet normal 0.356541 0.93428 0
    outer loop
      vertex 17.004 4.86256 25.6
      vertex 17.0225 4.8555 25.15
      vertex 17.004 4.86256 25.15
    endloop
  endfacet
  facet normal 0.374025 0.927419 -0
    outer loop
      vertex 17.0407 4.84816 25.15
      vertex 17.0225 4.8555 25.6
      vertex 17.0407 4.84816 25.6
    endloop
  endfacet
  facet normal 0.374025 0.927419 0
    outer loop
      vertex 17.0225 4.8555 25.6
      vertex 17.0407 4.84816 25.15
      vertex 17.0225 4.8555 25.15
    endloop
  endfacet
  facet normal 0.390378 0.920655 -0
    outer loop
      vertex 17.0586 4.84057 25.15
      vertex 17.0407 4.84816 25.6
      vertex 17.0586 4.84057 25.6
    endloop
  endfacet
  facet normal 0.390378 0.920655 0
    outer loop
      vertex 17.0407 4.84816 25.6
      vertex 17.0586 4.84057 25.15
      vertex 17.0407 4.84816 25.15
    endloop
  endfacet
  facet normal 0.406909 0.913469 -0
    outer loop
      vertex 17.0762 4.83273 25.15
      vertex 17.0586 4.84057 25.6
      vertex 17.0762 4.83273 25.6
    endloop
  endfacet
  facet normal 0.406909 0.913469 0
    outer loop
      vertex 17.0586 4.84057 25.6
      vertex 17.0762 4.83273 25.15
      vertex 17.0586 4.84057 25.15
    endloop
  endfacet
  facet normal 0.423602 0.905848 -0
    outer loop
      vertex 17.0935 4.82464 25.15
      vertex 17.0762 4.83273 25.6
      vertex 17.0935 4.82464 25.6
    endloop
  endfacet
  facet normal 0.423602 0.905848 0
    outer loop
      vertex 17.0762 4.83273 25.6
      vertex 17.0935 4.82464 25.15
      vertex 17.0762 4.83273 25.15
    endloop
  endfacet
  facet normal 0.441292 0.897364 -0
    outer loop
      vertex 17.1105 4.81628 25.15
      vertex 17.0935 4.82464 25.6
      vertex 17.1105 4.81628 25.6
    endloop
  endfacet
  facet normal 0.441292 0.897364 0
    outer loop
      vertex 17.0935 4.82464 25.6
      vertex 17.1105 4.81628 25.15
      vertex 17.0935 4.82464 25.15
    endloop
  endfacet
  facet normal 0.455251 0.890363 -0
    outer loop
      vertex 17.1273 4.80769 25.15
      vertex 17.1105 4.81628 25.6
      vertex 17.1273 4.80769 25.6
    endloop
  endfacet
  facet normal 0.455251 0.890363 0
    outer loop
      vertex 17.1105 4.81628 25.6
      vertex 17.1273 4.80769 25.15
      vertex 17.1105 4.81628 25.15
    endloop
  endfacet
  facet normal 0.475315 0.879816 -0
    outer loop
      vertex 17.1437 4.79883 25.15
      vertex 17.1273 4.80769 25.6
      vertex 17.1437 4.79883 25.6
    endloop
  endfacet
  facet normal 0.475315 0.879816 0
    outer loop
      vertex 17.1273 4.80769 25.6
      vertex 17.1437 4.79883 25.15
      vertex 17.1273 4.80769 25.15
    endloop
  endfacet
  facet normal 0.492467 0.870331 -0
    outer loop
      vertex 17.1598 4.78972 25.15
      vertex 17.1437 4.79883 25.6
      vertex 17.1598 4.78972 25.6
    endloop
  endfacet
  facet normal 0.492467 0.870331 0
    outer loop
      vertex 17.1437 4.79883 25.6
      vertex 17.1598 4.78972 25.15
      vertex 17.1437 4.79883 25.15
    endloop
  endfacet
  facet normal 0.510086 0.860123 -0
    outer loop
      vertex 17.1756 4.78035 25.15
      vertex 17.1598 4.78972 25.6
      vertex 17.1756 4.78035 25.6
    endloop
  endfacet
  facet normal 0.510086 0.860123 0
    outer loop
      vertex 17.1598 4.78972 25.6
      vertex 17.1756 4.78035 25.15
      vertex 17.1598 4.78972 25.15
    endloop
  endfacet
  facet normal 0.525284 0.850927 -0
    outer loop
      vertex 17.1912 4.77072 25.15
      vertex 17.1756 4.78035 25.6
      vertex 17.1912 4.77072 25.6
    endloop
  endfacet
  facet normal 0.525284 0.850927 0
    outer loop
      vertex 17.1756 4.78035 25.6
      vertex 17.1912 4.77072 25.15
      vertex 17.1756 4.78035 25.15
    endloop
  endfacet
  facet normal 0.5446 0.838696 -0
    outer loop
      vertex 17.2064 4.76085 25.15
      vertex 17.1912 4.77072 25.6
      vertex 17.2064 4.76085 25.6
    endloop
  endfacet
  facet normal 0.5446 0.838696 0
    outer loop
      vertex 17.1912 4.77072 25.6
      vertex 17.2064 4.76085 25.15
      vertex 17.1912 4.77072 25.15
    endloop
  endfacet
  facet normal 0.561854 0.827236 -0
    outer loop
      vertex 17.2213 4.75073 25.15
      vertex 17.2064 4.76085 25.6
      vertex 17.2213 4.75073 25.6
    endloop
  endfacet
  facet normal 0.561854 0.827236 0
    outer loop
      vertex 17.2064 4.76085 25.6
      vertex 17.2213 4.75073 25.15
      vertex 17.2064 4.76085 25.15
    endloop
  endfacet
  facet normal 0.574583 0.818446 -0
    outer loop
      vertex 17.236 4.74041 25.15
      vertex 17.2213 4.75073 25.6
      vertex 17.236 4.74041 25.6
    endloop
  endfacet
  facet normal 0.574583 0.818446 0
    outer loop
      vertex 17.2213 4.75073 25.6
      vertex 17.236 4.74041 25.15
      vertex 17.2213 4.75073 25.15
    endloop
  endfacet
  facet normal 0.592584 0.805509 -0
    outer loop
      vertex 17.2503 4.72989 25.15
      vertex 17.236 4.74041 25.6
      vertex 17.2503 4.72989 25.6
    endloop
  endfacet
  facet normal 0.592584 0.805509 0
    outer loop
      vertex 17.236 4.74041 25.6
      vertex 17.2503 4.72989 25.15
      vertex 17.236 4.74041 25.15
    endloop
  endfacet
  facet normal 0.609026 0.79315 -0
    outer loop
      vertex 17.2643 4.71914 25.15
      vertex 17.2503 4.72989 25.6
      vertex 17.2643 4.71914 25.6
    endloop
  endfacet
  facet normal 0.609026 0.79315 0
    outer loop
      vertex 17.2503 4.72989 25.6
      vertex 17.2643 4.71914 25.15
      vertex 17.2503 4.72989 25.15
    endloop
  endfacet
  facet normal 0.624347 0.781147 -0
    outer loop
      vertex 17.278 4.70819 25.15
      vertex 17.2643 4.71914 25.6
      vertex 17.278 4.70819 25.6
    endloop
  endfacet
  facet normal 0.624347 0.781147 0
    outer loop
      vertex 17.2643 4.71914 25.6
      vertex 17.278 4.70819 25.15
      vertex 17.2643 4.71914 25.15
    endloop
  endfacet
  facet normal 0.640297 0.768127 -0
    outer loop
      vertex 17.2914 4.69702 25.15
      vertex 17.278 4.70819 25.6
      vertex 17.2914 4.69702 25.6
    endloop
  endfacet
  facet normal 0.640297 0.768127 0
    outer loop
      vertex 17.278 4.70819 25.6
      vertex 17.2914 4.69702 25.15
      vertex 17.278 4.70819 25.15
    endloop
  endfacet
  facet normal 0.655479 0.755213 -0
    outer loop
      vertex 17.3045 4.68565 25.15
      vertex 17.2914 4.69702 25.6
      vertex 17.3045 4.68565 25.6
    endloop
  endfacet
  facet normal 0.655479 0.755213 0
    outer loop
      vertex 17.2914 4.69702 25.6
      vertex 17.3045 4.68565 25.15
      vertex 17.2914 4.69702 25.15
    endloop
  endfacet
  facet normal 0.671519 0.740987 -0
    outer loop
      vertex 17.3173 4.67405 25.15
      vertex 17.3045 4.68565 25.6
      vertex 17.3173 4.67405 25.6
    endloop
  endfacet
  facet normal 0.671519 0.740987 0
    outer loop
      vertex 17.3045 4.68565 25.6
      vertex 17.3173 4.67405 25.15
      vertex 17.3045 4.68565 25.15
    endloop
  endfacet
  facet normal 0.68676 0.726884 -0
    outer loop
      vertex 17.3298 4.66224 25.15
      vertex 17.3173 4.67405 25.6
      vertex 17.3298 4.66224 25.6
    endloop
  endfacet
  facet normal 0.68676 0.726884 0
    outer loop
      vertex 17.3173 4.67405 25.6
      vertex 17.3298 4.66224 25.15
      vertex 17.3173 4.67405 25.15
    endloop
  endfacet
  facet normal 0.704167 0.710035 -0
    outer loop
      vertex 17.3419 4.65024 25.15
      vertex 17.3298 4.66224 25.6
      vertex 17.3419 4.65024 25.6
    endloop
  endfacet
  facet normal 0.704167 0.710035 0
    outer loop
      vertex 17.3298 4.66224 25.6
      vertex 17.3419 4.65024 25.15
      vertex 17.3298 4.66224 25.15
    endloop
  endfacet
  facet normal 0.716995 0.697078 0
    outer loop
      vertex 17.3538 4.638 25.6
      vertex 17.3419 4.65024 25.15
      vertex 17.3419 4.65024 25.6
    endloop
  endfacet
  facet normal 0.716995 0.697078 0
    outer loop
      vertex 17.3419 4.65024 25.15
      vertex 17.3538 4.638 25.6
      vertex 17.3538 4.638 25.15
    endloop
  endfacet
  facet normal 0.734305 0.678819 0
    outer loop
      vertex 17.3653 4.62556 25.6
      vertex 17.3538 4.638 25.15
      vertex 17.3538 4.638 25.6
    endloop
  endfacet
  facet normal 0.734305 0.678819 0
    outer loop
      vertex 17.3538 4.638 25.15
      vertex 17.3653 4.62556 25.6
      vertex 17.3653 4.62556 25.15
    endloop
  endfacet
  facet normal 0.745781 0.666191 0
    outer loop
      vertex 17.3766 4.61291 25.6
      vertex 17.3653 4.62556 25.15
      vertex 17.3653 4.62556 25.6
    endloop
  endfacet
  facet normal 0.745781 0.666191 0
    outer loop
      vertex 17.3653 4.62556 25.15
      vertex 17.3766 4.61291 25.6
      vertex 17.3766 4.61291 25.15
    endloop
  endfacet
  facet normal 0.762846 0.64658 0
    outer loop
      vertex 17.3875 4.60005 25.6
      vertex 17.3766 4.61291 25.15
      vertex 17.3766 4.61291 25.6
    endloop
  endfacet
  facet normal 0.762846 0.64658 0
    outer loop
      vertex 17.3766 4.61291 25.15
      vertex 17.3875 4.60005 25.6
      vertex 17.3875 4.60005 25.15
    endloop
  endfacet
  facet normal 0.776913 0.629608 0
    outer loop
      vertex 17.3981 4.58697 25.6
      vertex 17.3875 4.60005 25.15
      vertex 17.3875 4.60005 25.6
    endloop
  endfacet
  facet normal 0.776913 0.629608 0
    outer loop
      vertex 17.3875 4.60005 25.15
      vertex 17.3981 4.58697 25.6
      vertex 17.3981 4.58697 25.15
    endloop
  endfacet
  facet normal 0.78753 0.616276 0
    outer loop
      vertex 17.4085 4.57368 25.6
      vertex 17.3981 4.58697 25.15
      vertex 17.3981 4.58697 25.6
    endloop
  endfacet
  facet normal 0.78753 0.616276 0
    outer loop
      vertex 17.3981 4.58697 25.15
      vertex 17.4085 4.57368 25.6
      vertex 17.4085 4.57368 25.15
    endloop
  endfacet
  facet normal 0.802286 0.596939 0
    outer loop
      vertex 17.4185 4.56024 25.6
      vertex 17.4085 4.57368 25.15
      vertex 17.4085 4.57368 25.6
    endloop
  endfacet
  facet normal 0.802286 0.596939 0
    outer loop
      vertex 17.4085 4.57368 25.15
      vertex 17.4185 4.56024 25.6
      vertex 17.4185 4.56024 25.15
    endloop
  endfacet
  facet normal 0.810079 0.58632 0
    outer loop
      vertex 17.4283 4.5467 25.6
      vertex 17.4185 4.56024 25.15
      vertex 17.4185 4.56024 25.6
    endloop
  endfacet
  facet normal 0.810079 0.58632 0
    outer loop
      vertex 17.4185 4.56024 25.15
      vertex 17.4283 4.5467 25.6
      vertex 17.4283 4.5467 25.15
    endloop
  endfacet
  facet normal 0.817367 0.576118 0
    outer loop
      vertex 17.4379 4.53308 25.6
      vertex 17.4283 4.5467 25.15
      vertex 17.4283 4.5467 25.6
    endloop
  endfacet
  facet normal 0.817367 0.576118 0
    outer loop
      vertex 17.4283 4.5467 25.15
      vertex 17.4379 4.53308 25.6
      vertex 17.4379 4.53308 25.15
    endloop
  endfacet
  facet normal 0.830557 0.556933 0
    outer loop
      vertex 17.4471 4.51936 25.6
      vertex 17.4379 4.53308 25.15
      vertex 17.4379 4.53308 25.6
    endloop
  endfacet
  facet normal 0.830557 0.556933 0
    outer loop
      vertex 17.4379 4.53308 25.15
      vertex 17.4471 4.51936 25.6
      vertex 17.4471 4.51936 25.15
    endloop
  endfacet
  facet normal 0.835198 0.549949 0
    outer loop
      vertex 17.4562 4.50554 25.6
      vertex 17.4471 4.51936 25.15
      vertex 17.4471 4.51936 25.6
    endloop
  endfacet
  facet normal 0.835198 0.549949 0
    outer loop
      vertex 17.4471 4.51936 25.15
      vertex 17.4562 4.50554 25.6
      vertex 17.4562 4.50554 25.15
    endloop
  endfacet
  facet normal 0.845258 0.534358 0
    outer loop
      vertex 17.465 4.49162 25.6
      vertex 17.4562 4.50554 25.15
      vertex 17.4562 4.50554 25.6
    endloop
  endfacet
  facet normal 0.845258 0.534358 0
    outer loop
      vertex 17.4562 4.50554 25.15
      vertex 17.465 4.49162 25.6
      vertex 17.465 4.49162 25.15
    endloop
  endfacet
  facet normal 0.854952 0.518707 0
    outer loop
      vertex 17.4735 4.47761 25.6
      vertex 17.465 4.49162 25.15
      vertex 17.465 4.49162 25.6
    endloop
  endfacet
  facet normal 0.854952 0.518707 0
    outer loop
      vertex 17.465 4.49162 25.15
      vertex 17.4735 4.47761 25.6
      vertex 17.4735 4.47761 25.15
    endloop
  endfacet
  facet normal 0.8646 0.502461 0
    outer loop
      vertex 17.4817 4.4635 25.6
      vertex 17.4735 4.47761 25.15
      vertex 17.4735 4.47761 25.6
    endloop
  endfacet
  facet normal 0.8646 0.502461 0
    outer loop
      vertex 17.4735 4.47761 25.15
      vertex 17.4817 4.4635 25.6
      vertex 17.4817 4.4635 25.15
    endloop
  endfacet
  facet normal 0.871395 0.490581 0
    outer loop
      vertex 17.4897 4.44929 25.6
      vertex 17.4817 4.4635 25.15
      vertex 17.4817 4.4635 25.6
    endloop
  endfacet
  facet normal 0.871395 0.490581 0
    outer loop
      vertex 17.4817 4.4635 25.15
      vertex 17.4897 4.44929 25.6
      vertex 17.4897 4.44929 25.15
    endloop
  endfacet
  facet normal 0.877896 0.478852 0
    outer loop
      vertex 17.4975 4.43499 25.6
      vertex 17.4897 4.44929 25.15
      vertex 17.4897 4.44929 25.6
    endloop
  endfacet
  facet normal 0.877896 0.478852 0
    outer loop
      vertex 17.4897 4.44929 25.15
      vertex 17.4975 4.43499 25.6
      vertex 17.4975 4.43499 25.15
    endloop
  endfacet
  facet normal 0.886651 0.46244 0
    outer loop
      vertex 17.505 4.42061 25.6
      vertex 17.4975 4.43499 25.15
      vertex 17.4975 4.43499 25.6
    endloop
  endfacet
  facet normal 0.886651 0.46244 0
    outer loop
      vertex 17.4975 4.43499 25.15
      vertex 17.505 4.42061 25.6
      vertex 17.505 4.42061 25.15
    endloop
  endfacet
  facet normal 0.892942 0.450171 0
    outer loop
      vertex 17.5123 4.40613 25.6
      vertex 17.505 4.42061 25.15
      vertex 17.505 4.42061 25.6
    endloop
  endfacet
  facet normal 0.892942 0.450171 0
    outer loop
      vertex 17.505 4.42061 25.15
      vertex 17.5123 4.40613 25.6
      vertex 17.5123 4.40613 25.15
    endloop
  endfacet
  facet normal 0.9016 0.43257 0
    outer loop
      vertex 17.5193 4.39154 25.6
      vertex 17.5123 4.40613 25.15
      vertex 17.5123 4.40613 25.6
    endloop
  endfacet
  facet normal 0.9016 0.43257 0
    outer loop
      vertex 17.5123 4.40613 25.15
      vertex 17.5193 4.39154 25.6
      vertex 17.5193 4.39154 25.15
    endloop
  endfacet
  facet normal 0.909729 0.415203 0
    outer loop
      vertex 17.526 4.37686 25.6
      vertex 17.5193 4.39154 25.15
      vertex 17.5193 4.39154 25.6
    endloop
  endfacet
  facet normal 0.909729 0.415203 0
    outer loop
      vertex 17.5193 4.39154 25.15
      vertex 17.526 4.37686 25.6
      vertex 17.526 4.37686 25.15
    endloop
  endfacet
  facet normal 0.915488 0.402344 0
    outer loop
      vertex 17.5325 4.36207 25.6
      vertex 17.526 4.37686 25.15
      vertex 17.526 4.37686 25.6
    endloop
  endfacet
  facet normal 0.915488 0.402344 0
    outer loop
      vertex 17.526 4.37686 25.15
      vertex 17.5325 4.36207 25.6
      vertex 17.5325 4.36207 25.15
    endloop
  endfacet
  facet normal 0.922985 0.384836 0
    outer loop
      vertex 17.5387 4.3472 25.6
      vertex 17.5325 4.36207 25.15
      vertex 17.5325 4.36207 25.6
    endloop
  endfacet
  facet normal 0.922985 0.384836 0
    outer loop
      vertex 17.5325 4.36207 25.15
      vertex 17.5387 4.3472 25.6
      vertex 17.5387 4.3472 25.15
    endloop
  endfacet
  facet normal -0.288657 0.957433 0
    outer loop
      vertex 18.2765 4.56964 25.15
      vertex 17.5387 4.3472 25.6
      vertex 18.2765 4.56964 25.6
    endloop
  endfacet
  facet normal -0.288657 0.957433 0
    outer loop
      vertex 17.5387 4.3472 25.6
      vertex 18.2765 4.56964 25.15
      vertex 17.5387 4.3472 25.15
    endloop
  endfacet
  facet normal -0.935375 -0.353658 0
    outer loop
      vertex 18.2765 4.56964 25.15
      vertex 18.2658 4.59794 25.6
      vertex 18.2658 4.59794 25.15
    endloop
  endfacet
  facet normal -0.935375 -0.353658 0
    outer loop
      vertex 18.2658 4.59794 25.6
      vertex 18.2765 4.56964 25.15
      vertex 18.2765 4.56964 25.6
    endloop
  endfacet
  facet normal -0.928293 -0.371849 0
    outer loop
      vertex 18.2658 4.59794 25.15
      vertex 18.2546 4.6259 25.6
      vertex 18.2546 4.6259 25.15
    endloop
  endfacet
  facet normal -0.928293 -0.371849 0
    outer loop
      vertex 18.2546 4.6259 25.6
      vertex 18.2658 4.59794 25.15
      vertex 18.2658 4.59794 25.6
    endloop
  endfacet
  facet normal -0.920792 -0.390053 0
    outer loop
      vertex 18.2546 4.6259 25.15
      vertex 18.2429 4.65352 25.6
      vertex 18.2429 4.65352 25.15
    endloop
  endfacet
  facet normal -0.920792 -0.390053 0
    outer loop
      vertex 18.2429 4.65352 25.6
      vertex 18.2546 4.6259 25.15
      vertex 18.2546 4.6259 25.6
    endloop
  endfacet
  facet normal -0.91395 -0.405827 0
    outer loop
      vertex 18.2429 4.65352 25.15
      vertex 18.2308 4.68077 25.6
      vertex 18.2308 4.68077 25.15
    endloop
  endfacet
  facet normal -0.91395 -0.405827 0
    outer loop
      vertex 18.2308 4.68077 25.6
      vertex 18.2429 4.65352 25.15
      vertex 18.2429 4.65352 25.6
    endloop
  endfacet
  facet normal -0.90558 -0.424175 0
    outer loop
      vertex 18.2308 4.68077 25.15
      vertex 18.2182 4.70767 25.6
      vertex 18.2182 4.70767 25.15
    endloop
  endfacet
  facet normal -0.90558 -0.424175 0
    outer loop
      vertex 18.2182 4.70767 25.6
      vertex 18.2308 4.68077 25.15
      vertex 18.2308 4.68077 25.6
    endloop
  endfacet
  facet normal -0.898183 -0.439623 0
    outer loop
      vertex 18.2182 4.70767 25.15
      vertex 18.2052 4.73423 25.6
      vertex 18.2052 4.73423 25.15
    endloop
  endfacet
  facet normal -0.898183 -0.439623 0
    outer loop
      vertex 18.2052 4.73423 25.6
      vertex 18.2182 4.70767 25.15
      vertex 18.2182 4.70767 25.6
    endloop
  endfacet
  facet normal -0.890312 -0.455351 0
    outer loop
      vertex 18.2052 4.73423 25.15
      vertex 18.1918 4.76043 25.6
      vertex 18.1918 4.76043 25.15
    endloop
  endfacet
  facet normal -0.890312 -0.455351 0
    outer loop
      vertex 18.1918 4.76043 25.6
      vertex 18.2052 4.73423 25.15
      vertex 18.2052 4.73423 25.6
    endloop
  endfacet
  facet normal -0.879476 -0.475944 0
    outer loop
      vertex 18.1918 4.76043 25.15
      vertex 18.1778 4.7863 25.6
      vertex 18.1778 4.7863 25.15
    endloop
  endfacet
  facet normal -0.879476 -0.475944 0
    outer loop
      vertex 18.1778 4.7863 25.6
      vertex 18.1918 4.76043 25.15
      vertex 18.1918 4.76043 25.6
    endloop
  endfacet
  facet normal -0.872214 -0.489124 0
    outer loop
      vertex 18.1778 4.7863 25.15
      vertex 18.1635 4.8118 25.6
      vertex 18.1635 4.8118 25.15
    endloop
  endfacet
  facet normal -0.872214 -0.489124 0
    outer loop
      vertex 18.1635 4.8118 25.6
      vertex 18.1778 4.7863 25.15
      vertex 18.1778 4.7863 25.6
    endloop
  endfacet
  facet normal -0.860436 -0.509559 0
    outer loop
      vertex 18.1635 4.8118 25.15
      vertex 18.1486 4.83696 25.6
      vertex 18.1486 4.83696 25.15
    endloop
  endfacet
  facet normal -0.860436 -0.509559 0
    outer loop
      vertex 18.1486 4.83696 25.6
      vertex 18.1635 4.8118 25.15
      vertex 18.1635 4.8118 25.6
    endloop
  endfacet
  facet normal -0.851163 -0.524901 0
    outer loop
      vertex 18.1486 4.83696 25.15
      vertex 18.1333 4.86177 25.6
      vertex 18.1333 4.86177 25.15
    endloop
  endfacet
  facet normal -0.851163 -0.524901 0
    outer loop
      vertex 18.1333 4.86177 25.6
      vertex 18.1486 4.83696 25.15
      vertex 18.1486 4.83696 25.6
    endloop
  endfacet
  facet normal -0.841558 -0.540166 0
    outer loop
      vertex 18.1333 4.86177 25.15
      vertex 18.1176 4.88623 25.6
      vertex 18.1176 4.88623 25.15
    endloop
  endfacet
  facet normal -0.841558 -0.540166 0
    outer loop
      vertex 18.1176 4.88623 25.6
      vertex 18.1333 4.86177 25.15
      vertex 18.1333 4.86177 25.6
    endloop
  endfacet
  facet normal -0.828438 -0.560081 0
    outer loop
      vertex 18.1176 4.88623 25.15
      vertex 18.1013 4.91034 25.6
      vertex 18.1013 4.91034 25.15
    endloop
  endfacet
  facet normal -0.828438 -0.560081 0
    outer loop
      vertex 18.1013 4.91034 25.6
      vertex 18.1176 4.88623 25.15
      vertex 18.1176 4.88623 25.6
    endloop
  endfacet
  facet normal -0.819637 -0.572883 0
    outer loop
      vertex 18.1013 4.91034 25.15
      vertex 18.0847 4.93409 25.6
      vertex 18.0847 4.93409 25.15
    endloop
  endfacet
  facet normal -0.819637 -0.572883 0
    outer loop
      vertex 18.0847 4.93409 25.6
      vertex 18.1013 4.91034 25.15
      vertex 18.1013 4.91034 25.6
    endloop
  endfacet
  facet normal -0.807511 -0.589852 0
    outer loop
      vertex 18.0847 4.93409 25.15
      vertex 18.0676 4.9575 25.6
      vertex 18.0676 4.9575 25.15
    endloop
  endfacet
  facet normal -0.807511 -0.589852 0
    outer loop
      vertex 18.0676 4.9575 25.6
      vertex 18.0847 4.93409 25.15
      vertex 18.0847 4.93409 25.6
    endloop
  endfacet
  facet normal -0.794925 -0.606708 0
    outer loop
      vertex 18.0676 4.9575 25.15
      vertex 18.05 4.98056 25.6
      vertex 18.05 4.98056 25.15
    endloop
  endfacet
  facet normal -0.794925 -0.606708 0
    outer loop
      vertex 18.05 4.98056 25.6
      vertex 18.0676 4.9575 25.15
      vertex 18.0676 4.9575 25.6
    endloop
  endfacet
  facet normal -0.781742 -0.623602 0
    outer loop
      vertex 18.05 4.98056 25.15
      vertex 18.0319 5.00325 25.6
      vertex 18.0319 5.00325 25.15
    endloop
  endfacet
  facet normal -0.781742 -0.623602 0
    outer loop
      vertex 18.0319 5.00325 25.6
      vertex 18.05 4.98056 25.15
      vertex 18.05 4.98056 25.6
    endloop
  endfacet
  facet normal -0.767373 -0.641201 0
    outer loop
      vertex 18.0319 5.00325 25.15
      vertex 18.0133 5.02551 25.6
      vertex 18.0133 5.02551 25.15
    endloop
  endfacet
  facet normal -0.767373 -0.641201 0
    outer loop
      vertex 18.0133 5.02551 25.6
      vertex 18.0319 5.00325 25.15
      vertex 18.0319 5.00325 25.6
    endloop
  endfacet
  facet normal -0.753195 -0.657797 0
    outer loop
      vertex 18.0133 5.02551 25.15
      vertex 17.9942 5.04738 25.6
      vertex 17.9942 5.04738 25.15
    endloop
  endfacet
  facet normal -0.753195 -0.657797 0
    outer loop
      vertex 17.9942 5.04738 25.6
      vertex 18.0133 5.02551 25.15
      vertex 18.0133 5.02551 25.6
    endloop
  endfacet
  facet normal -0.736198 -0.676766 0
    outer loop
      vertex 17.9942 5.04738 25.15
      vertex 17.9745 5.06881 25.6
      vertex 17.9745 5.06881 25.15
    endloop
  endfacet
  facet normal -0.736198 -0.676766 0
    outer loop
      vertex 17.9745 5.06881 25.6
      vertex 17.9942 5.04738 25.15
      vertex 17.9942 5.04738 25.6
    endloop
  endfacet
  facet normal -0.722911 -0.690942 0
    outer loop
      vertex 17.9745 5.06881 25.15
      vertex 17.9544 5.08984 25.6
      vertex 17.9544 5.08984 25.15
    endloop
  endfacet
  facet normal -0.722911 -0.690942 0
    outer loop
      vertex 17.9544 5.08984 25.6
      vertex 17.9745 5.06881 25.15
      vertex 17.9745 5.06881 25.6
    endloop
  endfacet
  facet normal -0.705736 -0.708474 0
    outer loop
      vertex 17.9337 5.11046 25.15
      vertex 17.9544 5.08984 25.6
      vertex 17.9337 5.11046 25.6
    endloop
  endfacet
  facet normal -0.705736 -0.708474 -0
    outer loop
      vertex 17.9544 5.08984 25.6
      vertex 17.9337 5.11046 25.15
      vertex 17.9544 5.08984 25.15
    endloop
  endfacet
  facet normal -0.688123 -0.725595 0
    outer loop
      vertex 17.9124 5.13066 25.15
      vertex 17.9337 5.11046 25.6
      vertex 17.9124 5.13066 25.6
    endloop
  endfacet
  facet normal -0.688123 -0.725595 -0
    outer loop
      vertex 17.9337 5.11046 25.6
      vertex 17.9124 5.13066 25.15
      vertex 17.9337 5.11046 25.15
    endloop
  endfacet
  facet normal -0.672149 -0.740416 0
    outer loop
      vertex 17.8906 5.15045 25.15
      vertex 17.9124 5.13066 25.6
      vertex 17.8906 5.15045 25.6
    endloop
  endfacet
  facet normal -0.672149 -0.740416 -0
    outer loop
      vertex 17.9124 5.13066 25.6
      vertex 17.8906 5.15045 25.15
      vertex 17.9124 5.13066 25.15
    endloop
  endfacet
  facet normal -0.655961 -0.754795 0
    outer loop
      vertex 17.8683 5.16983 25.15
      vertex 17.8906 5.15045 25.6
      vertex 17.8683 5.16983 25.6
    endloop
  endfacet
  facet normal -0.655961 -0.754795 -0
    outer loop
      vertex 17.8906 5.15045 25.6
      vertex 17.8683 5.16983 25.15
      vertex 17.8906 5.15045 25.15
    endloop
  endfacet
  facet normal -0.639388 -0.768884 0
    outer loop
      vertex 17.8455 5.18879 25.15
      vertex 17.8683 5.16983 25.6
      vertex 17.8455 5.18879 25.6
    endloop
  endfacet
  facet normal -0.639388 -0.768884 -0
    outer loop
      vertex 17.8683 5.16983 25.6
      vertex 17.8455 5.18879 25.15
      vertex 17.8683 5.16983 25.15
    endloop
  endfacet
  facet normal -0.621012 -0.783801 0
    outer loop
      vertex 17.8221 5.20733 25.15
      vertex 17.8455 5.18879 25.6
      vertex 17.8221 5.20733 25.6
    endloop
  endfacet
  facet normal -0.621012 -0.783801 -0
    outer loop
      vertex 17.8455 5.18879 25.6
      vertex 17.8221 5.20733 25.15
      vertex 17.8455 5.18879 25.15
    endloop
  endfacet
  facet normal -0.604788 -0.796387 0
    outer loop
      vertex 17.7982 5.22548 25.15
      vertex 17.8221 5.20733 25.6
      vertex 17.7982 5.22548 25.6
    endloop
  endfacet
  facet normal -0.604788 -0.796387 -0
    outer loop
      vertex 17.8221 5.20733 25.6
      vertex 17.7982 5.22548 25.15
      vertex 17.8221 5.20733 25.15
    endloop
  endfacet
  facet normal -0.587402 -0.809295 0
    outer loop
      vertex 17.7738 5.24319 25.15
      vertex 17.7982 5.22548 25.6
      vertex 17.7738 5.24319 25.6
    endloop
  endfacet
  facet normal -0.587402 -0.809295 -0
    outer loop
      vertex 17.7982 5.22548 25.6
      vertex 17.7738 5.24319 25.15
      vertex 17.7982 5.22548 25.15
    endloop
  endfacet
  facet normal -0.571026 -0.820932 0
    outer loop
      vertex 17.7489 5.26051 25.15
      vertex 17.7738 5.24319 25.6
      vertex 17.7489 5.26051 25.6
    endloop
  endfacet
  facet normal -0.571026 -0.820932 -0
    outer loop
      vertex 17.7738 5.24319 25.6
      vertex 17.7489 5.26051 25.15
      vertex 17.7738 5.24319 25.15
    endloop
  endfacet
  facet normal -0.552208 -0.833706 0
    outer loop
      vertex 17.7234 5.2774 25.15
      vertex 17.7489 5.26051 25.6
      vertex 17.7234 5.2774 25.6
    endloop
  endfacet
  facet normal -0.552208 -0.833706 -0
    outer loop
      vertex 17.7489 5.26051 25.6
      vertex 17.7234 5.2774 25.15
      vertex 17.7489 5.26051 25.15
    endloop
  endfacet
  facet normal -0.535361 -0.844623 0
    outer loop
      vertex 17.6974 5.29388 25.15
      vertex 17.7234 5.2774 25.6
      vertex 17.6974 5.29388 25.6
    endloop
  endfacet
  facet normal -0.535361 -0.844623 -0
    outer loop
      vertex 17.7234 5.2774 25.6
      vertex 17.6974 5.29388 25.15
      vertex 17.7234 5.2774 25.15
    endloop
  endfacet
  facet normal -0.516388 -0.856355 0
    outer loop
      vertex 17.6708 5.30992 25.15
      vertex 17.6974 5.29388 25.6
      vertex 17.6708 5.30992 25.6
    endloop
  endfacet
  facet normal -0.516388 -0.856355 -0
    outer loop
      vertex 17.6974 5.29388 25.6
      vertex 17.6708 5.30992 25.15
      vertex 17.6974 5.29388 25.15
    endloop
  endfacet
  facet normal -0.498411 -0.866941 0
    outer loop
      vertex 17.6437 5.3255 25.15
      vertex 17.6708 5.30992 25.6
      vertex 17.6437 5.3255 25.6
    endloop
  endfacet
  facet normal -0.498411 -0.866941 -0
    outer loop
      vertex 17.6708 5.30992 25.6
      vertex 17.6437 5.3255 25.15
      vertex 17.6708 5.30992 25.15
    endloop
  endfacet
  facet normal -0.47863 -0.878017 0
    outer loop
      vertex 17.616 5.3406 25.15
      vertex 17.6437 5.3255 25.6
      vertex 17.616 5.3406 25.6
    endloop
  endfacet
  facet normal -0.47863 -0.878017 -0
    outer loop
      vertex 17.6437 5.3255 25.6
      vertex 17.616 5.3406 25.15
      vertex 17.6437 5.3255 25.15
    endloop
  endfacet
  facet normal -0.461006 -0.887397 0
    outer loop
      vertex 17.5878 5.35525 25.15
      vertex 17.616 5.3406 25.6
      vertex 17.5878 5.35525 25.6
    endloop
  endfacet
  facet normal -0.461006 -0.887397 -0
    outer loop
      vertex 17.616 5.3406 25.6
      vertex 17.5878 5.35525 25.15
      vertex 17.616 5.3406 25.15
    endloop
  endfacet
  facet normal -0.44296 -0.896541 0
    outer loop
      vertex 17.5591 5.36943 25.15
      vertex 17.5878 5.35525 25.6
      vertex 17.5591 5.36943 25.6
    endloop
  endfacet
  facet normal -0.44296 -0.896541 -0
    outer loop
      vertex 17.5878 5.35525 25.6
      vertex 17.5591 5.36943 25.15
      vertex 17.5878 5.35525 25.15
    endloop
  endfacet
  facet normal -0.42407 -0.90563 0
    outer loop
      vertex 17.5298 5.38315 25.15
      vertex 17.5591 5.36943 25.6
      vertex 17.5298 5.38315 25.6
    endloop
  endfacet
  facet normal -0.42407 -0.90563 -0
    outer loop
      vertex 17.5591 5.36943 25.6
      vertex 17.5298 5.38315 25.15
      vertex 17.5591 5.36943 25.15
    endloop
  endfacet
  facet normal -0.40489 -0.914366 0
    outer loop
      vertex 17.4999 5.39639 25.15
      vertex 17.5298 5.38315 25.6
      vertex 17.4999 5.39639 25.6
    endloop
  endfacet
  facet normal -0.40489 -0.914366 -0
    outer loop
      vertex 17.5298 5.38315 25.6
      vertex 17.4999 5.39639 25.15
      vertex 17.5298 5.38315 25.15
    endloop
  endfacet
  facet normal -0.387284 -0.92196 0
    outer loop
      vertex 17.4695 5.40916 25.15
      vertex 17.4999 5.39639 25.6
      vertex 17.4695 5.40916 25.6
    endloop
  endfacet
  facet normal -0.387284 -0.92196 -0
    outer loop
      vertex 17.4999 5.39639 25.6
      vertex 17.4695 5.40916 25.15
      vertex 17.4999 5.39639 25.15
    endloop
  endfacet
  facet normal -0.370354 -0.928891 0
    outer loop
      vertex 17.4386 5.42148 25.15
      vertex 17.4695 5.40916 25.6
      vertex 17.4386 5.42148 25.6
    endloop
  endfacet
  facet normal -0.370354 -0.928891 -0
    outer loop
      vertex 17.4695 5.40916 25.6
      vertex 17.4386 5.42148 25.15
      vertex 17.4695 5.40916 25.15
    endloop
  endfacet
  facet normal -0.350864 -0.936427 0
    outer loop
      vertex 17.407 5.43332 25.15
      vertex 17.4386 5.42148 25.6
      vertex 17.407 5.43332 25.6
    endloop
  endfacet
  facet normal -0.350864 -0.936427 -0
    outer loop
      vertex 17.4386 5.42148 25.6
      vertex 17.407 5.43332 25.15
      vertex 17.4386 5.42148 25.15
    endloop
  endfacet
  facet normal -0.335068 -0.942194 0
    outer loop
      vertex 17.375 5.4447 25.15
      vertex 17.407 5.43332 25.6
      vertex 17.375 5.4447 25.6
    endloop
  endfacet
  facet normal -0.335068 -0.942194 -0
    outer loop
      vertex 17.407 5.43332 25.6
      vertex 17.375 5.4447 25.15
      vertex 17.407 5.43332 25.15
    endloop
  endfacet
  facet normal -0.317362 -0.948304 0
    outer loop
      vertex 17.3424 5.45561 25.15
      vertex 17.375 5.4447 25.6
      vertex 17.3424 5.45561 25.6
    endloop
  endfacet
  facet normal -0.317362 -0.948304 -0
    outer loop
      vertex 17.375 5.4447 25.6
      vertex 17.3424 5.45561 25.15
      vertex 17.375 5.4447 25.15
    endloop
  endfacet
  facet normal -0.300237 -0.953864 0
    outer loop
      vertex 17.3092 5.46606 25.15
      vertex 17.3424 5.45561 25.6
      vertex 17.3092 5.46606 25.6
    endloop
  endfacet
  facet normal -0.300237 -0.953864 -0
    outer loop
      vertex 17.3424 5.45561 25.6
      vertex 17.3092 5.46606 25.15
      vertex 17.3424 5.45561 25.15
    endloop
  endfacet
  facet normal -0.283953 -0.958838 0
    outer loop
      vertex 17.2755 5.47604 25.15
      vertex 17.3092 5.46606 25.6
      vertex 17.2755 5.47604 25.6
    endloop
  endfacet
  facet normal -0.283953 -0.958838 -0
    outer loop
      vertex 17.3092 5.46606 25.6
      vertex 17.2755 5.47604 25.15
      vertex 17.3092 5.46606 25.15
    endloop
  endfacet
  facet normal -0.26718 -0.963647 0
    outer loop
      vertex 17.2412 5.48555 25.15
      vertex 17.2755 5.47604 25.6
      vertex 17.2412 5.48555 25.6
    endloop
  endfacet
  facet normal -0.26718 -0.963647 -0
    outer loop
      vertex 17.2755 5.47604 25.6
      vertex 17.2412 5.48555 25.15
      vertex 17.2755 5.47604 25.15
    endloop
  endfacet
  facet normal -0.251686 -0.967809 0
    outer loop
      vertex 17.2064 5.4946 25.15
      vertex 17.2412 5.48555 25.6
      vertex 17.2064 5.4946 25.6
    endloop
  endfacet
  facet normal -0.251686 -0.967809 -0
    outer loop
      vertex 17.2412 5.48555 25.6
      vertex 17.2064 5.4946 25.15
      vertex 17.2412 5.48555 25.15
    endloop
  endfacet
  facet normal -0.234515 -0.972112 0
    outer loop
      vertex 17.171 5.50314 25.15
      vertex 17.2064 5.4946 25.6
      vertex 17.171 5.50314 25.6
    endloop
  endfacet
  facet normal -0.234515 -0.972112 -0
    outer loop
      vertex 17.2064 5.4946 25.6
      vertex 17.171 5.50314 25.15
      vertex 17.2064 5.4946 25.15
    endloop
  endfacet
  facet normal -0.21693 -0.976187 0
    outer loop
      vertex 17.135 5.51114 25.15
      vertex 17.171 5.50314 25.6
      vertex 17.135 5.51114 25.6
    endloop
  endfacet
  facet normal -0.21693 -0.976187 -0
    outer loop
      vertex 17.171 5.50314 25.6
      vertex 17.135 5.51114 25.15
      vertex 17.171 5.50314 25.15
    endloop
  endfacet
  facet normal -0.198427 -0.980116 0
    outer loop
      vertex 17.0983 5.51857 25.15
      vertex 17.135 5.51114 25.6
      vertex 17.0983 5.51857 25.6
    endloop
  endfacet
  facet normal -0.198427 -0.980116 -0
    outer loop
      vertex 17.135 5.51114 25.6
      vertex 17.0983 5.51857 25.15
      vertex 17.135 5.51114 25.15
    endloop
  endfacet
  facet normal -0.181391 -0.983411 0
    outer loop
      vertex 17.061 5.52545 25.15
      vertex 17.0983 5.51857 25.6
      vertex 17.061 5.52545 25.6
    endloop
  endfacet
  facet normal -0.181391 -0.983411 -0
    outer loop
      vertex 17.0983 5.51857 25.6
      vertex 17.061 5.52545 25.15
      vertex 17.0983 5.51857 25.15
    endloop
  endfacet
  facet normal -0.165243 -0.986253 0
    outer loop
      vertex 17.0231 5.5318 25.15
      vertex 17.061 5.52545 25.6
      vertex 17.0231 5.5318 25.6
    endloop
  endfacet
  facet normal -0.165243 -0.986253 -0
    outer loop
      vertex 17.061 5.52545 25.6
      vertex 17.0231 5.5318 25.15
      vertex 17.061 5.52545 25.15
    endloop
  endfacet
  facet normal -0.148466 -0.988918 0
    outer loop
      vertex 16.9846 5.53758 25.15
      vertex 17.0231 5.5318 25.6
      vertex 16.9846 5.53758 25.6
    endloop
  endfacet
  facet normal -0.148466 -0.988918 -0
    outer loop
      vertex 17.0231 5.5318 25.6
      vertex 16.9846 5.53758 25.15
      vertex 17.0231 5.5318 25.15
    endloop
  endfacet
  facet normal -0.132247 -0.991217 0
    outer loop
      vertex 16.9454 5.54281 25.15
      vertex 16.9846 5.53758 25.6
      vertex 16.9454 5.54281 25.6
    endloop
  endfacet
  facet normal -0.132247 -0.991217 -0
    outer loop
      vertex 16.9846 5.53758 25.6
      vertex 16.9454 5.54281 25.15
      vertex 16.9846 5.53758 25.15
    endloop
  endfacet
  facet normal -0.11732 -0.993094 0
    outer loop
      vertex 16.9057 5.5475 25.15
      vertex 16.9454 5.54281 25.6
      vertex 16.9057 5.5475 25.6
    endloop
  endfacet
  facet normal -0.11732 -0.993094 -0
    outer loop
      vertex 16.9454 5.54281 25.6
      vertex 16.9057 5.5475 25.15
      vertex 16.9454 5.54281 25.15
    endloop
  endfacet
  facet normal -0.101454 -0.99484 0
    outer loop
      vertex 16.8653 5.55162 25.15
      vertex 16.9057 5.5475 25.6
      vertex 16.8653 5.55162 25.6
    endloop
  endfacet
  facet normal -0.101454 -0.99484 -0
    outer loop
      vertex 16.9057 5.5475 25.6
      vertex 16.8653 5.55162 25.15
      vertex 16.9057 5.5475 25.15
    endloop
  endfacet
  facet normal -0.0867761 -0.996228 0
    outer loop
      vertex 16.8242 5.5552 25.15
      vertex 16.8653 5.55162 25.6
      vertex 16.8242 5.5552 25.6
    endloop
  endfacet
  facet normal -0.0867761 -0.996228 -0
    outer loop
      vertex 16.8653 5.55162 25.6
      vertex 16.8242 5.5552 25.15
      vertex 16.8653 5.55162 25.15
    endloop
  endfacet
  facet normal -0.0728826 -0.997341 0
    outer loop
      vertex 16.7826 5.55824 25.15
      vertex 16.8242 5.5552 25.6
      vertex 16.7826 5.55824 25.6
    endloop
  endfacet
  facet normal -0.0728826 -0.997341 -0
    outer loop
      vertex 16.8242 5.5552 25.6
      vertex 16.7826 5.55824 25.15
      vertex 16.8242 5.5552 25.15
    endloop
  endfacet
  facet normal -0.0582931 -0.9983 0
    outer loop
      vertex 16.7403 5.56071 25.15
      vertex 16.7826 5.55824 25.6
      vertex 16.7403 5.56071 25.6
    endloop
  endfacet
  facet normal -0.0582931 -0.9983 -0
    outer loop
      vertex 16.7826 5.55824 25.6
      vertex 16.7403 5.56071 25.15
      vertex 16.7826 5.55824 25.15
    endloop
  endfacet
  facet normal -0.0451753 -0.998979 0
    outer loop
      vertex 16.6974 5.56265 25.15
      vertex 16.7403 5.56071 25.6
      vertex 16.6974 5.56265 25.6
    endloop
  endfacet
  facet normal -0.0451753 -0.998979 -0
    outer loop
      vertex 16.7403 5.56071 25.6
      vertex 16.6974 5.56265 25.15
      vertex 16.7403 5.56071 25.15
    endloop
  endfacet
  facet normal -0.0314786 -0.999504 0
    outer loop
      vertex 16.6539 5.56402 25.15
      vertex 16.6974 5.56265 25.6
      vertex 16.6539 5.56402 25.6
    endloop
  endfacet
  facet normal -0.0314786 -0.999504 -0
    outer loop
      vertex 16.6974 5.56265 25.6
      vertex 16.6539 5.56402 25.15
      vertex 16.6974 5.56265 25.15
    endloop
  endfacet
  facet normal -0.018775 -0.999824 0
    outer loop
      vertex 16.6097 5.56485 25.15
      vertex 16.6539 5.56402 25.6
      vertex 16.6097 5.56485 25.6
    endloop
  endfacet
  facet normal -0.018775 -0.999824 -0
    outer loop
      vertex 16.6539 5.56402 25.6
      vertex 16.6097 5.56485 25.15
      vertex 16.6539 5.56402 25.15
    endloop
  endfacet
  facet normal -0.00602668 -0.999982 0
    outer loop
      vertex 16.5649 5.56512 25.15
      vertex 16.6097 5.56485 25.6
      vertex 16.5649 5.56512 25.6
    endloop
  endfacet
  facet normal -0.00602668 -0.999982 -0
    outer loop
      vertex 16.6097 5.56485 25.6
      vertex 16.5649 5.56512 25.15
      vertex 16.6097 5.56485 25.15
    endloop
  endfacet
  facet normal 0.00861757 -0.999963 0
    outer loop
      vertex 16.5034 5.56459 25.15
      vertex 16.5649 5.56512 25.6
      vertex 16.5034 5.56459 25.6
    endloop
  endfacet
  facet normal 0.00861757 -0.999963 0
    outer loop
      vertex 16.5649 5.56512 25.6
      vertex 16.5034 5.56459 25.15
      vertex 16.5649 5.56512 25.15
    endloop
  endfacet
  facet normal 0.0263934 -0.999652 0
    outer loop
      vertex 16.4428 5.56299 25.15
      vertex 16.5034 5.56459 25.6
      vertex 16.4428 5.56299 25.6
    endloop
  endfacet
  facet normal 0.0263934 -0.999652 0
    outer loop
      vertex 16.5034 5.56459 25.6
      vertex 16.4428 5.56299 25.15
      vertex 16.5034 5.56459 25.15
    endloop
  endfacet
  facet normal 0.045164 -0.99898 0
    outer loop
      vertex 16.3833 5.5603 25.15
      vertex 16.4428 5.56299 25.6
      vertex 16.3833 5.5603 25.6
    endloop
  endfacet
  facet normal 0.045164 -0.99898 0
    outer loop
      vertex 16.4428 5.56299 25.6
      vertex 16.3833 5.5603 25.15
      vertex 16.4428 5.56299 25.15
    endloop
  endfacet
  facet normal 0.0638014 -0.997963 0
    outer loop
      vertex 16.3248 5.55656 25.15
      vertex 16.3833 5.5603 25.6
      vertex 16.3248 5.55656 25.6
    endloop
  endfacet
  facet normal 0.0638014 -0.997963 0
    outer loop
      vertex 16.3833 5.5603 25.6
      vertex 16.3248 5.55656 25.15
      vertex 16.3833 5.5603 25.15
    endloop
  endfacet
  facet normal 0.0833891 -0.996517 0
    outer loop
      vertex 16.2672 5.55174 25.15
      vertex 16.3248 5.55656 25.6
      vertex 16.2672 5.55174 25.6
    endloop
  endfacet
  facet normal 0.0833891 -0.996517 0
    outer loop
      vertex 16.3248 5.55656 25.6
      vertex 16.2672 5.55174 25.15
      vertex 16.3248 5.55656 25.15
    endloop
  endfacet
  facet normal 0.103686 -0.99461 0
    outer loop
      vertex 16.2107 5.54585 25.15
      vertex 16.2672 5.55174 25.6
      vertex 16.2107 5.54585 25.6
    endloop
  endfacet
  facet normal 0.103686 -0.99461 0
    outer loop
      vertex 16.2672 5.55174 25.6
      vertex 16.2107 5.54585 25.15
      vertex 16.2672 5.55174 25.15
    endloop
  endfacet
  facet normal 0.124079 -0.992272 0
    outer loop
      vertex 16.1552 5.53891 25.15
      vertex 16.2107 5.54585 25.6
      vertex 16.1552 5.53891 25.6
    endloop
  endfacet
  facet normal 0.124079 -0.992272 0
    outer loop
      vertex 16.2107 5.54585 25.6
      vertex 16.1552 5.53891 25.15
      vertex 16.2107 5.54585 25.15
    endloop
  endfacet
  facet normal 0.145943 -0.989293 0
    outer loop
      vertex 16.1007 5.53087 25.15
      vertex 16.1552 5.53891 25.6
      vertex 16.1007 5.53087 25.6
    endloop
  endfacet
  facet normal 0.145943 -0.989293 0
    outer loop
      vertex 16.1552 5.53891 25.6
      vertex 16.1007 5.53087 25.15
      vertex 16.1552 5.53891 25.15
    endloop
  endfacet
  facet normal 0.167685 -0.985841 0
    outer loop
      vertex 16.0472 5.52177 25.15
      vertex 16.1007 5.53087 25.6
      vertex 16.0472 5.52177 25.6
    endloop
  endfacet
  facet normal 0.167685 -0.985841 0
    outer loop
      vertex 16.1007 5.53087 25.6
      vertex 16.0472 5.52177 25.15
      vertex 16.1007 5.53087 25.15
    endloop
  endfacet
  facet normal 0.190348 -0.981717 0
    outer loop
      vertex 15.9948 5.51161 25.15
      vertex 16.0472 5.52177 25.6
      vertex 15.9948 5.51161 25.6
    endloop
  endfacet
  facet normal 0.190348 -0.981717 0
    outer loop
      vertex 16.0472 5.52177 25.6
      vertex 15.9948 5.51161 25.15
      vertex 16.0472 5.52177 25.15
    endloop
  endfacet
  facet normal 0.213414 -0.976962 0
    outer loop
      vertex 15.9433 5.50036 25.15
      vertex 15.9948 5.51161 25.6
      vertex 15.9433 5.50036 25.6
    endloop
  endfacet
  facet normal 0.213414 -0.976962 0
    outer loop
      vertex 15.9948 5.51161 25.6
      vertex 15.9433 5.50036 25.15
      vertex 15.9948 5.51161 25.15
    endloop
  endfacet
  facet normal 0.236646 -0.971596 0
    outer loop
      vertex 15.8928 5.48806 25.15
      vertex 15.9433 5.50036 25.6
      vertex 15.8928 5.48806 25.6
    endloop
  endfacet
  facet normal 0.236646 -0.971596 0
    outer loop
      vertex 15.9433 5.50036 25.6
      vertex 15.8928 5.48806 25.15
      vertex 15.9433 5.50036 25.15
    endloop
  endfacet
  facet normal 0.260938 -0.965355 0
    outer loop
      vertex 15.8433 5.47468 25.15
      vertex 15.8928 5.48806 25.6
      vertex 15.8433 5.47468 25.6
    endloop
  endfacet
  facet normal 0.260938 -0.965355 0
    outer loop
      vertex 15.8928 5.48806 25.6
      vertex 15.8433 5.47468 25.15
      vertex 15.8928 5.48806 25.15
    endloop
  endfacet
  facet normal 0.286076 -0.958207 0
    outer loop
      vertex 15.7949 5.46023 25.15
      vertex 15.8433 5.47468 25.6
      vertex 15.7949 5.46023 25.6
    endloop
  endfacet
  facet normal 0.286076 -0.958207 0
    outer loop
      vertex 15.8433 5.47468 25.6
      vertex 15.7949 5.46023 25.15
      vertex 15.8433 5.47468 25.15
    endloop
  endfacet
  facet normal 0.310579 -0.950548 0
    outer loop
      vertex 15.7474 5.44471 25.15
      vertex 15.7949 5.46023 25.6
      vertex 15.7474 5.44471 25.6
    endloop
  endfacet
  facet normal 0.310579 -0.950548 0
    outer loop
      vertex 15.7949 5.46023 25.6
      vertex 15.7474 5.44471 25.15
      vertex 15.7949 5.46023 25.15
    endloop
  endfacet
  facet normal 0.336491 -0.941687 0
    outer loop
      vertex 15.701 5.42813 25.15
      vertex 15.7474 5.44471 25.6
      vertex 15.701 5.42813 25.6
    endloop
  endfacet
  facet normal 0.336491 -0.941687 0
    outer loop
      vertex 15.7474 5.44471 25.6
      vertex 15.701 5.42813 25.15
      vertex 15.7474 5.44471 25.15
    endloop
  endfacet
  facet normal 0.360407 -0.932795 0
    outer loop
      vertex 15.6555 5.41055 25.15
      vertex 15.701 5.42813 25.6
      vertex 15.6555 5.41055 25.6
    endloop
  endfacet
  facet normal 0.360407 -0.932795 0
    outer loop
      vertex 15.701 5.42813 25.6
      vertex 15.6555 5.41055 25.15
      vertex 15.701 5.42813 25.15
    endloop
  endfacet
  facet normal 0.383702 -0.923457 0
    outer loop
      vertex 15.611 5.39206 25.15
      vertex 15.6555 5.41055 25.6
      vertex 15.611 5.39206 25.6
    endloop
  endfacet
  facet normal 0.383702 -0.923457 0
    outer loop
      vertex 15.6555 5.41055 25.6
      vertex 15.611 5.39206 25.15
      vertex 15.6555 5.41055 25.15
    endloop
  endfacet
  facet normal 0.407307 -0.913291 0
    outer loop
      vertex 15.5675 5.37266 25.15
      vertex 15.611 5.39206 25.6
      vertex 15.5675 5.37266 25.6
    endloop
  endfacet
  facet normal 0.407307 -0.913291 0
    outer loop
      vertex 15.611 5.39206 25.6
      vertex 15.5675 5.37266 25.15
      vertex 15.611 5.39206 25.15
    endloop
  endfacet
  facet normal 0.431178 -0.902267 0
    outer loop
      vertex 15.525 5.35235 25.15
      vertex 15.5675 5.37266 25.6
      vertex 15.525 5.35235 25.6
    endloop
  endfacet
  facet normal 0.431178 -0.902267 0
    outer loop
      vertex 15.5675 5.37266 25.6
      vertex 15.525 5.35235 25.15
      vertex 15.5675 5.37266 25.15
    endloop
  endfacet
  facet normal 0.454394 -0.890801 0
    outer loop
      vertex 15.4834 5.33113 25.15
      vertex 15.525 5.35235 25.6
      vertex 15.4834 5.33113 25.6
    endloop
  endfacet
  facet normal 0.454394 -0.890801 0
    outer loop
      vertex 15.525 5.35235 25.6
      vertex 15.4834 5.33113 25.15
      vertex 15.525 5.35235 25.15
    endloop
  endfacet
  facet normal 0.479672 -0.877448 0
    outer loop
      vertex 15.4429 5.30899 25.15
      vertex 15.4834 5.33113 25.6
      vertex 15.4429 5.30899 25.6
    endloop
  endfacet
  facet normal 0.479672 -0.877448 0
    outer loop
      vertex 15.4834 5.33113 25.6
      vertex 15.4429 5.30899 25.15
      vertex 15.4834 5.33113 25.15
    endloop
  endfacet
  facet normal 0.502894 -0.864348 0
    outer loop
      vertex 15.4033 5.28595 25.15
      vertex 15.4429 5.30899 25.6
      vertex 15.4033 5.28595 25.6
    endloop
  endfacet
  facet normal 0.502894 -0.864348 0
    outer loop
      vertex 15.4429 5.30899 25.6
      vertex 15.4033 5.28595 25.15
      vertex 15.4429 5.30899 25.15
    endloop
  endfacet
  facet normal 0.5264 -0.850237 0
    outer loop
      vertex 15.3646 5.26199 25.15
      vertex 15.4033 5.28595 25.6
      vertex 15.3646 5.26199 25.6
    endloop
  endfacet
  facet normal 0.5264 -0.850237 0
    outer loop
      vertex 15.4033 5.28595 25.6
      vertex 15.3646 5.26199 25.15
      vertex 15.4033 5.28595 25.15
    endloop
  endfacet
  facet normal 0.551676 -0.834058 0
    outer loop
      vertex 15.327 5.23712 25.15
      vertex 15.3646 5.26199 25.6
      vertex 15.327 5.23712 25.6
    endloop
  endfacet
  facet normal 0.551676 -0.834058 0
    outer loop
      vertex 15.3646 5.26199 25.6
      vertex 15.327 5.23712 25.15
      vertex 15.3646 5.26199 25.15
    endloop
  endfacet
  facet normal 0.574659 -0.818393 0
    outer loop
      vertex 15.2903 5.21135 25.15
      vertex 15.327 5.23712 25.6
      vertex 15.2903 5.21135 25.6
    endloop
  endfacet
  facet normal 0.574659 -0.818393 0
    outer loop
      vertex 15.327 5.23712 25.6
      vertex 15.2903 5.21135 25.15
      vertex 15.327 5.23712 25.15
    endloop
  endfacet
  facet normal 0.598779 -0.800914 0
    outer loop
      vertex 15.2546 5.18466 25.15
      vertex 15.2903 5.21135 25.6
      vertex 15.2546 5.18466 25.6
    endloop
  endfacet
  facet normal 0.598779 -0.800914 0
    outer loop
      vertex 15.2903 5.21135 25.6
      vertex 15.2546 5.18466 25.15
      vertex 15.2903 5.21135 25.15
    endloop
  endfacet
  facet normal 0.621395 -0.783498 0
    outer loop
      vertex 15.2198 5.15706 25.15
      vertex 15.2546 5.18466 25.6
      vertex 15.2198 5.15706 25.6
    endloop
  endfacet
  facet normal 0.621395 -0.783498 0
    outer loop
      vertex 15.2546 5.18466 25.6
      vertex 15.2198 5.15706 25.15
      vertex 15.2546 5.18466 25.15
    endloop
  endfacet
  facet normal 0.646003 -0.763335 0
    outer loop
      vertex 15.1861 5.12854 25.15
      vertex 15.2198 5.15706 25.6
      vertex 15.1861 5.12854 25.6
    endloop
  endfacet
  facet normal 0.646003 -0.763335 0
    outer loop
      vertex 15.2198 5.15706 25.6
      vertex 15.1861 5.12854 25.15
      vertex 15.2198 5.15706 25.15
    endloop
  endfacet
  facet normal 0.667961 -0.744196 0
    outer loop
      vertex 15.1533 5.0991 25.15
      vertex 15.1861 5.12854 25.6
      vertex 15.1533 5.0991 25.6
    endloop
  endfacet
  facet normal 0.667961 -0.744196 0
    outer loop
      vertex 15.1861 5.12854 25.6
      vertex 15.1533 5.0991 25.15
      vertex 15.1861 5.12854 25.15
    endloop
  endfacet
  facet normal 0.690183 -0.723634 0
    outer loop
      vertex 15.1215 5.06877 25.15
      vertex 15.1533 5.0991 25.6
      vertex 15.1215 5.06877 25.6
    endloop
  endfacet
  facet normal 0.690183 -0.723634 0
    outer loop
      vertex 15.1533 5.0991 25.6
      vertex 15.1215 5.06877 25.15
      vertex 15.1533 5.0991 25.15
    endloop
  endfacet
  facet normal 0.712216 -0.70196 0
    outer loop
      vertex 15.0907 5.03752 25.6
      vertex 15.1215 5.06877 25.15
      vertex 15.1215 5.06877 25.6
    endloop
  endfacet
  facet normal 0.712216 -0.70196 0
    outer loop
      vertex 15.1215 5.06877 25.15
      vertex 15.0907 5.03752 25.6
      vertex 15.0907 5.03752 25.15
    endloop
  endfacet
  facet normal 0.731949 -0.68136 0
    outer loop
      vertex 15.0608 5.0054 25.6
      vertex 15.0907 5.03752 25.15
      vertex 15.0907 5.03752 25.6
    endloop
  endfacet
  facet normal 0.731949 -0.68136 0
    outer loop
      vertex 15.0907 5.03752 25.15
      vertex 15.0608 5.0054 25.6
      vertex 15.0608 5.0054 25.15
    endloop
  endfacet
  facet normal 0.7517 -0.659506 0
    outer loop
      vertex 15.0319 4.97246 25.6
      vertex 15.0608 5.0054 25.15
      vertex 15.0608 5.0054 25.6
    endloop
  endfacet
  facet normal 0.7517 -0.659506 0
    outer loop
      vertex 15.0608 5.0054 25.15
      vertex 15.0319 4.97246 25.6
      vertex 15.0319 4.97246 25.15
    endloop
  endfacet
  facet normal 0.771205 -0.636587 0
    outer loop
      vertex 15.004 4.93866 25.6
      vertex 15.0319 4.97246 25.15
      vertex 15.0319 4.97246 25.6
    endloop
  endfacet
  facet normal 0.771205 -0.636587 0
    outer loop
      vertex 15.0319 4.97246 25.15
      vertex 15.004 4.93866 25.6
      vertex 15.004 4.93866 25.15
    endloop
  endfacet
  facet normal 0.788714 -0.61476 0
    outer loop
      vertex 14.977 4.90402 25.6
      vertex 15.004 4.93866 25.15
      vertex 15.004 4.93866 25.6
    endloop
  endfacet
  facet normal 0.788714 -0.61476 0
    outer loop
      vertex 15.004 4.93866 25.15
      vertex 14.977 4.90402 25.6
      vertex 14.977 4.90402 25.15
    endloop
  endfacet
  facet normal 0.806448 -0.591305 0
    outer loop
      vertex 14.951 4.86856 25.6
      vertex 14.977 4.90402 25.15
      vertex 14.977 4.90402 25.6
    endloop
  endfacet
  facet normal 0.806448 -0.591305 0
    outer loop
      vertex 14.977 4.90402 25.15
      vertex 14.951 4.86856 25.6
      vertex 14.951 4.86856 25.15
    endloop
  endfacet
  facet normal 0.823578 -0.567203 0
    outer loop
      vertex 14.926 4.83226 25.6
      vertex 14.951 4.86856 25.15
      vertex 14.951 4.86856 25.6
    endloop
  endfacet
  facet normal 0.823578 -0.567203 0
    outer loop
      vertex 14.951 4.86856 25.15
      vertex 14.926 4.83226 25.6
      vertex 14.926 4.83226 25.15
    endloop
  endfacet
  facet normal 0.838867 -0.544337 0
    outer loop
      vertex 14.9019 4.79512 25.6
      vertex 14.926 4.83226 25.15
      vertex 14.926 4.83226 25.6
    endloop
  endfacet
  facet normal 0.838867 -0.544337 0
    outer loop
      vertex 14.926 4.83226 25.15
      vertex 14.9019 4.79512 25.6
      vertex 14.9019 4.79512 25.15
    endloop
  endfacet
  facet normal 0.854381 -0.519647 0
    outer loop
      vertex 14.8788 4.75714 25.6
      vertex 14.9019 4.79512 25.15
      vertex 14.9019 4.79512 25.6
    endloop
  endfacet
  facet normal 0.854381 -0.519647 0
    outer loop
      vertex 14.9019 4.79512 25.15
      vertex 14.8788 4.75714 25.6
      vertex 14.8788 4.75714 25.15
    endloop
  endfacet
  facet normal 0.868078 -0.496428 0
    outer loop
      vertex 14.8566 4.71832 25.6
      vertex 14.8788 4.75714 25.15
      vertex 14.8788 4.75714 25.6
    endloop
  endfacet
  facet normal 0.868078 -0.496428 0
    outer loop
      vertex 14.8788 4.75714 25.15
      vertex 14.8566 4.71832 25.6
      vertex 14.8566 4.71832 25.15
    endloop
  endfacet
  facet normal 0.881909 -0.471419 0
    outer loop
      vertex 14.8354 4.67866 25.6
      vertex 14.8566 4.71832 25.15
      vertex 14.8566 4.71832 25.6
    endloop
  endfacet
  facet normal 0.881909 -0.471419 0
    outer loop
      vertex 14.8566 4.71832 25.15
      vertex 14.8354 4.67866 25.6
      vertex 14.8354 4.67866 25.15
    endloop
  endfacet
  facet normal 0.894825 -0.446418 0
    outer loop
      vertex 14.8152 4.63817 25.6
      vertex 14.8354 4.67866 25.15
      vertex 14.8354 4.67866 25.6
    endloop
  endfacet
  facet normal 0.894825 -0.446418 0
    outer loop
      vertex 14.8354 4.67866 25.15
      vertex 14.8152 4.63817 25.6
      vertex 14.8152 4.63817 25.15
    endloop
  endfacet
  facet normal 0.906077 -0.423113 0
    outer loop
      vertex 14.7959 4.59684 25.6
      vertex 14.8152 4.63817 25.15
      vertex 14.8152 4.63817 25.6
    endloop
  endfacet
  facet normal 0.906077 -0.423113 0
    outer loop
      vertex 14.8152 4.63817 25.15
      vertex 14.7959 4.59684 25.6
      vertex 14.7959 4.59684 25.15
    endloop
  endfacet
  facet normal 0.917312 -0.398169 0
    outer loop
      vertex 14.7776 4.55468 25.6
      vertex 14.7959 4.59684 25.15
      vertex 14.7959 4.59684 25.6
    endloop
  endfacet
  facet normal 0.917312 -0.398169 0
    outer loop
      vertex 14.7959 4.59684 25.15
      vertex 14.7776 4.55468 25.6
      vertex 14.7776 4.55468 25.15
    endloop
  endfacet
  facet normal 0.927701 -0.373325 0
    outer loop
      vertex 14.7603 4.51169 25.6
      vertex 14.7776 4.55468 25.15
      vertex 14.7776 4.55468 25.6
    endloop
  endfacet
  facet normal 0.927701 -0.373325 0
    outer loop
      vertex 14.7776 4.55468 25.15
      vertex 14.7603 4.51169 25.6
      vertex 14.7603 4.51169 25.15
    endloop
  endfacet
  facet normal 0.937361 -0.348358 0
    outer loop
      vertex 14.744 4.46783 25.6
      vertex 14.7603 4.51169 25.15
      vertex 14.7603 4.51169 25.6
    endloop
  endfacet
  facet normal 0.937361 -0.348358 0
    outer loop
      vertex 14.7603 4.51169 25.15
      vertex 14.744 4.46783 25.6
      vertex 14.744 4.46783 25.15
    endloop
  endfacet
  facet normal 0.945373 -0.325991 0
    outer loop
      vertex 14.7286 4.42317 25.6
      vertex 14.744 4.46783 25.15
      vertex 14.744 4.46783 25.6
    endloop
  endfacet
  facet normal 0.945373 -0.325991 0
    outer loop
      vertex 14.744 4.46783 25.15
      vertex 14.7286 4.42317 25.6
      vertex 14.7286 4.42317 25.15
    endloop
  endfacet
  facet normal 0.952672 -0.304 0
    outer loop
      vertex 14.7141 4.37773 25.6
      vertex 14.7286 4.42317 25.15
      vertex 14.7286 4.42317 25.6
    endloop
  endfacet
  facet normal 0.952672 -0.304 0
    outer loop
      vertex 14.7286 4.42317 25.15
      vertex 14.7141 4.37773 25.6
      vertex 14.7141 4.37773 25.15
    endloop
  endfacet
  facet normal 0.959713 -0.280983 0
    outer loop
      vertex 14.7006 4.33162 25.6
      vertex 14.7141 4.37773 25.15
      vertex 14.7141 4.37773 25.6
    endloop
  endfacet
  facet normal 0.959713 -0.280983 0
    outer loop
      vertex 14.7141 4.37773 25.15
      vertex 14.7006 4.33162 25.6
      vertex 14.7006 4.33162 25.15
    endloop
  endfacet
  facet normal 0.965602 -0.260025 0
    outer loop
      vertex 14.688 4.28483 25.6
      vertex 14.7006 4.33162 25.15
      vertex 14.7006 4.33162 25.6
    endloop
  endfacet
  facet normal 0.965602 -0.260025 0
    outer loop
      vertex 14.7006 4.33162 25.15
      vertex 14.688 4.28483 25.6
      vertex 14.688 4.28483 25.15
    endloop
  endfacet
  facet normal 0.970943 -0.23931 0
    outer loop
      vertex 14.6763 4.23736 25.6
      vertex 14.688 4.28483 25.15
      vertex 14.688 4.28483 25.6
    endloop
  endfacet
  facet normal 0.970943 -0.23931 0
    outer loop
      vertex 14.688 4.28483 25.15
      vertex 14.6763 4.23736 25.6
      vertex 14.6763 4.23736 25.15
    endloop
  endfacet
  facet normal 0.976187 -0.21693 0
    outer loop
      vertex 14.6656 4.18921 25.6
      vertex 14.6763 4.23736 25.15
      vertex 14.6763 4.23736 25.6
    endloop
  endfacet
  facet normal 0.976187 -0.21693 0
    outer loop
      vertex 14.6763 4.23736 25.15
      vertex 14.6656 4.18921 25.6
      vertex 14.6656 4.18921 25.15
    endloop
  endfacet
  facet normal 0.980441 -0.196811 0
    outer loop
      vertex 14.6558 4.14039 25.6
      vertex 14.6656 4.18921 25.15
      vertex 14.6656 4.18921 25.6
    endloop
  endfacet
  facet normal 0.980441 -0.196811 0
    outer loop
      vertex 14.6656 4.18921 25.15
      vertex 14.6558 4.14039 25.6
      vertex 14.6558 4.14039 25.15
    endloop
  endfacet
  facet normal 0.984569 -0.174999 0
    outer loop
      vertex 14.647 4.09088 25.6
      vertex 14.6558 4.14039 25.15
      vertex 14.6558 4.14039 25.6
    endloop
  endfacet
  facet normal 0.984569 -0.174999 0
    outer loop
      vertex 14.6558 4.14039 25.15
      vertex 14.647 4.09088 25.6
      vertex 14.647 4.09088 25.15
    endloop
  endfacet
  facet normal 0.987524 -0.157468 0
    outer loop
      vertex 14.639 4.04071 25.6
      vertex 14.647 4.09088 25.15
      vertex 14.647 4.09088 25.6
    endloop
  endfacet
  facet normal 0.987524 -0.157468 0
    outer loop
      vertex 14.647 4.09088 25.15
      vertex 14.639 4.04071 25.6
      vertex 14.639 4.04071 25.15
    endloop
  endfacet
  facet normal 0.990661 -0.136347 0
    outer loop
      vertex 14.632 3.98985 25.6
      vertex 14.639 4.04071 25.15
      vertex 14.639 4.04071 25.6
    endloop
  endfacet
  facet normal 0.990661 -0.136347 0
    outer loop
      vertex 14.639 4.04071 25.15
      vertex 14.632 3.98985 25.6
      vertex 14.632 3.98985 25.15
    endloop
  endfacet
  facet normal 0.993292 -0.115634 0
    outer loop
      vertex 14.626 3.93831 25.6
      vertex 14.632 3.98985 25.15
      vertex 14.632 3.98985 25.6
    endloop
  endfacet
  facet normal 0.993292 -0.115634 0
    outer loop
      vertex 14.632 3.98985 25.15
      vertex 14.626 3.93831 25.6
      vertex 14.626 3.93831 25.15
    endloop
  endfacet
  facet normal 0.995079 -0.0990886 0
    outer loop
      vertex 14.6208 3.88609 25.6
      vertex 14.626 3.93831 25.15
      vertex 14.626 3.93831 25.6
    endloop
  endfacet
  facet normal 0.995079 -0.0990886 0
    outer loop
      vertex 14.626 3.93831 25.15
      vertex 14.6208 3.88609 25.6
      vertex 14.6208 3.88609 25.15
    endloop
  endfacet
  facet normal 0.997009 -0.0772875 0
    outer loop
      vertex 14.6167 3.8332 25.6
      vertex 14.6208 3.88609 25.15
      vertex 14.6208 3.88609 25.6
    endloop
  endfacet
  facet normal 0.997009 -0.0772875 0
    outer loop
      vertex 14.6208 3.88609 25.15
      vertex 14.6167 3.8332 25.6
      vertex 14.6167 3.8332 25.15
    endloop
  endfacet
  facet normal 0.998108 -0.0614851 0
    outer loop
      vertex 14.6134 3.77963 25.6
      vertex 14.6167 3.8332 25.15
      vertex 14.6167 3.8332 25.6
    endloop
  endfacet
  facet normal 0.998108 -0.0614851 0
    outer loop
      vertex 14.6167 3.8332 25.15
      vertex 14.6134 3.77963 25.6
      vertex 14.6134 3.77963 25.15
    endloop
  endfacet
  facet normal 0.999103 -0.0423505 0
    outer loop
      vertex 14.6111 3.72537 25.6
      vertex 14.6134 3.77963 25.15
      vertex 14.6134 3.77963 25.6
    endloop
  endfacet
  facet normal 0.999103 -0.0423505 0
    outer loop
      vertex 14.6134 3.77963 25.15
      vertex 14.6111 3.72537 25.6
      vertex 14.6111 3.72537 25.15
    endloop
  endfacet
  facet normal 0.999675 -0.0254833 0
    outer loop
      vertex 14.6097 3.67045 25.6
      vertex 14.6111 3.72537 25.15
      vertex 14.6111 3.72537 25.6
    endloop
  endfacet
  facet normal 0.999675 -0.0254833 0
    outer loop
      vertex 14.6111 3.72537 25.15
      vertex 14.6097 3.67045 25.6
      vertex 14.6097 3.67045 25.15
    endloop
  endfacet
  facet normal 0.99996 -0.00899244 0
    outer loop
      vertex 14.6092 3.61485 25.6
      vertex 14.6097 3.67045 25.15
      vertex 14.6097 3.67045 25.6
    endloop
  endfacet
  facet normal 0.99996 -0.00899244 0
    outer loop
      vertex 14.6097 3.67045 25.15
      vertex 14.6092 3.61485 25.6
      vertex 14.6092 3.61485 25.15
    endloop
  endfacet
  facet normal 0.999972 0.00745552 0
    outer loop
      vertex 14.6096 3.5612 25.6
      vertex 14.6092 3.61485 25.15
      vertex 14.6092 3.61485 25.6
    endloop
  endfacet
  facet normal 0.999972 0.00745552 0
    outer loop
      vertex 14.6092 3.61485 25.15
      vertex 14.6096 3.5612 25.6
      vertex 14.6096 3.5612 25.15
    endloop
  endfacet
  facet normal 0.9997 0.0244748 0
    outer loop
      vertex 14.6109 3.5081 25.6
      vertex 14.6096 3.5612 25.15
      vertex 14.6096 3.5612 25.6
    endloop
  endfacet
  facet normal 0.9997 0.0244748 0
    outer loop
      vertex 14.6096 3.5612 25.15
      vertex 14.6109 3.5081 25.6
      vertex 14.6109 3.5081 25.15
    endloop
  endfacet
  facet normal 0.999045 0.0437011 0
    outer loop
      vertex 14.6132 3.45552 25.6
      vertex 14.6109 3.5081 25.15
      vertex 14.6109 3.5081 25.6
    endloop
  endfacet
  facet normal 0.999045 0.0437011 0
    outer loop
      vertex 14.6109 3.5081 25.15
      vertex 14.6132 3.45552 25.6
      vertex 14.6132 3.45552 25.15
    endloop
  endfacet
  facet normal 0.998344 0.0575194 0
    outer loop
      vertex 14.6162 3.40345 25.6
      vertex 14.6132 3.45552 25.15
      vertex 14.6132 3.45552 25.6
    endloop
  endfacet
  facet normal 0.998344 0.0575194 0
    outer loop
      vertex 14.6132 3.45552 25.15
      vertex 14.6162 3.40345 25.6
      vertex 14.6162 3.40345 25.15
    endloop
  endfacet
  facet normal 0.997 0.0774068 0
    outer loop
      vertex 14.6202 3.35193 25.6
      vertex 14.6162 3.40345 25.15
      vertex 14.6162 3.40345 25.6
    endloop
  endfacet
  facet normal 0.997 0.0774068 0
    outer loop
      vertex 14.6162 3.40345 25.15
      vertex 14.6202 3.35193 25.6
      vertex 14.6202 3.35193 25.15
    endloop
  endfacet
  facet normal 0.9956 0.0937035 0
    outer loop
      vertex 14.625 3.30093 25.6
      vertex 14.6202 3.35193 25.15
      vertex 14.6202 3.35193 25.6
    endloop
  endfacet
  facet normal 0.9956 0.0937035 0
    outer loop
      vertex 14.6202 3.35193 25.15
      vertex 14.625 3.30093 25.6
      vertex 14.625 3.30093 25.15
    endloop
  endfacet
  facet normal 0.99368 0.112247 0
    outer loop
      vertex 14.6307 3.25047 25.6
      vertex 14.625 3.30093 25.15
      vertex 14.625 3.30093 25.6
    endloop
  endfacet
  facet normal 0.99368 0.112247 0
    outer loop
      vertex 14.625 3.30093 25.15
      vertex 14.6307 3.25047 25.6
      vertex 14.6307 3.25047 25.15
    endloop
  endfacet
  facet normal 0.99138 0.131019 0
    outer loop
      vertex 14.6373 3.20053 25.6
      vertex 14.6307 3.25047 25.15
      vertex 14.6307 3.25047 25.6
    endloop
  endfacet
  facet normal 0.99138 0.131019 0
    outer loop
      vertex 14.6307 3.25047 25.15
      vertex 14.6373 3.20053 25.6
      vertex 14.6373 3.20053 25.15
    endloop
  endfacet
  facet normal 0.988675 0.150072 0
    outer loop
      vertex 14.6448 3.15112 25.6
      vertex 14.6373 3.20053 25.15
      vertex 14.6373 3.20053 25.6
    endloop
  endfacet
  facet normal 0.988675 0.150072 0
    outer loop
      vertex 14.6373 3.20053 25.15
      vertex 14.6448 3.15112 25.6
      vertex 14.6448 3.15112 25.15
    endloop
  endfacet
  facet normal 0.985547 0.1694 0
    outer loop
      vertex 14.6532 3.10225 25.6
      vertex 14.6448 3.15112 25.15
      vertex 14.6448 3.15112 25.6
    endloop
  endfacet
  facet normal 0.985547 0.1694 0
    outer loop
      vertex 14.6448 3.15112 25.15
      vertex 14.6532 3.10225 25.6
      vertex 14.6532 3.10225 25.15
    endloop
  endfacet
  facet normal 0.982381 0.186888 0
    outer loop
      vertex 14.6624 3.05389 25.6
      vertex 14.6532 3.10225 25.15
      vertex 14.6532 3.10225 25.6
    endloop
  endfacet
  facet normal 0.982381 0.186888 0
    outer loop
      vertex 14.6532 3.10225 25.15
      vertex 14.6624 3.05389 25.6
      vertex 14.6624 3.05389 25.15
    endloop
  endfacet
  facet normal 0.978415 0.20665 0
    outer loop
      vertex 14.6725 3.00607 25.6
      vertex 14.6624 3.05389 25.15
      vertex 14.6624 3.05389 25.6
    endloop
  endfacet
  facet normal 0.978415 0.20665 0
    outer loop
      vertex 14.6624 3.05389 25.15
      vertex 14.6725 3.00607 25.6
      vertex 14.6725 3.00607 25.15
    endloop
  endfacet
  facet normal 0.973997 0.226559 0
    outer loop
      vertex 14.6835 2.95878 25.6
      vertex 14.6725 3.00607 25.15
      vertex 14.6725 3.00607 25.6
    endloop
  endfacet
  facet normal 0.973997 0.226559 0
    outer loop
      vertex 14.6725 3.00607 25.15
      vertex 14.6835 2.95878 25.6
      vertex 14.6835 2.95878 25.15
    endloop
  endfacet
  facet normal 0.969097 0.246679 0
    outer loop
      vertex 14.6954 2.91203 25.6
      vertex 14.6835 2.95878 25.15
      vertex 14.6835 2.95878 25.6
    endloop
  endfacet
  facet normal 0.969097 0.246679 0
    outer loop
      vertex 14.6835 2.95878 25.15
      vertex 14.6954 2.91203 25.6
      vertex 14.6954 2.91203 25.15
    endloop
  endfacet
  facet normal 0.964276 0.2649 0
    outer loop
      vertex 14.7081 2.8658 25.6
      vertex 14.6954 2.91203 25.15
      vertex 14.6954 2.91203 25.6
    endloop
  endfacet
  facet normal 0.964276 0.2649 0
    outer loop
      vertex 14.6954 2.91203 25.15
      vertex 14.7081 2.8658 25.6
      vertex 14.7081 2.8658 25.15
    endloop
  endfacet
  facet normal 0.957884 0.287156 0
    outer loop
      vertex 14.7218 2.8201 25.6
      vertex 14.7081 2.8658 25.15
      vertex 14.7081 2.8658 25.6
    endloop
  endfacet
  facet normal 0.957884 0.287156 0
    outer loop
      vertex 14.7081 2.8658 25.15
      vertex 14.7218 2.8201 25.6
      vertex 14.7218 2.8201 25.15
    endloop
  endfacet
  facet normal 0.951908 0.306385 0
    outer loop
      vertex 14.7363 2.77505 25.6
      vertex 14.7218 2.8201 25.15
      vertex 14.7218 2.8201 25.6
    endloop
  endfacet
  facet normal 0.951908 0.306385 0
    outer loop
      vertex 14.7218 2.8201 25.15
      vertex 14.7363 2.77505 25.6
      vertex 14.7363 2.77505 25.15
    endloop
  endfacet
  facet normal 0.943845 0.330388 0
    outer loop
      vertex 14.7518 2.73077 25.6
      vertex 14.7363 2.77505 25.15
      vertex 14.7363 2.77505 25.6
    endloop
  endfacet
  facet normal 0.943845 0.330388 0
    outer loop
      vertex 14.7363 2.77505 25.15
      vertex 14.7518 2.73077 25.6
      vertex 14.7518 2.73077 25.15
    endloop
  endfacet
  facet normal 0.934998 0.354654 0
    outer loop
      vertex 14.7683 2.68727 25.6
      vertex 14.7518 2.73077 25.15
      vertex 14.7518 2.73077 25.6
    endloop
  endfacet
  facet normal 0.934998 0.354654 0
    outer loop
      vertex 14.7518 2.73077 25.15
      vertex 14.7683 2.68727 25.6
      vertex 14.7683 2.68727 25.15
    endloop
  endfacet
  facet normal 0.925399 0.378995 0
    outer loop
      vertex 14.7858 2.64454 25.6
      vertex 14.7683 2.68727 25.15
      vertex 14.7683 2.68727 25.6
    endloop
  endfacet
  facet normal 0.925399 0.378995 0
    outer loop
      vertex 14.7683 2.68727 25.15
      vertex 14.7858 2.64454 25.6
      vertex 14.7858 2.64454 25.15
    endloop
  endfacet
  facet normal 0.915746 0.401758 0
    outer loop
      vertex 14.8042 2.6026 25.6
      vertex 14.7858 2.64454 25.15
      vertex 14.7858 2.64454 25.6
    endloop
  endfacet
  facet normal 0.915746 0.401758 0
    outer loop
      vertex 14.7858 2.64454 25.15
      vertex 14.8042 2.6026 25.6
      vertex 14.8042 2.6026 25.15
    endloop
  endfacet
  facet normal 0.905525 0.424293 0
    outer loop
      vertex 14.8235 2.56141 25.6
      vertex 14.8042 2.6026 25.15
      vertex 14.8042 2.6026 25.6
    endloop
  endfacet
  facet normal 0.905525 0.424293 0
    outer loop
      vertex 14.8042 2.6026 25.15
      vertex 14.8235 2.56141 25.6
      vertex 14.8235 2.56141 25.15
    endloop
  endfacet
  facet normal 0.892653 0.450745 0
    outer loop
      vertex 14.8439 2.52101 25.6
      vertex 14.8235 2.56141 25.15
      vertex 14.8235 2.56141 25.6
    endloop
  endfacet
  facet normal 0.892653 0.450745 0
    outer loop
      vertex 14.8235 2.56141 25.15
      vertex 14.8439 2.52101 25.6
      vertex 14.8439 2.52101 25.15
    endloop
  endfacet
  facet normal 0.880885 0.473331 0
    outer loop
      vertex 14.8652 2.48137 25.6
      vertex 14.8439 2.52101 25.15
      vertex 14.8439 2.52101 25.6
    endloop
  endfacet
  facet normal 0.880885 0.473331 0
    outer loop
      vertex 14.8439 2.52101 25.15
      vertex 14.8652 2.48137 25.6
      vertex 14.8652 2.48137 25.15
    endloop
  endfacet
  facet normal 0.86739 0.497628 0
    outer loop
      vertex 14.8875 2.4425 25.6
      vertex 14.8652 2.48137 25.15
      vertex 14.8652 2.48137 25.6
    endloop
  endfacet
  facet normal 0.86739 0.497628 0
    outer loop
      vertex 14.8652 2.48137 25.15
      vertex 14.8875 2.4425 25.6
      vertex 14.8875 2.4425 25.15
    endloop
  endfacet
  facet normal 0.853991 0.520288 0
    outer loop
      vertex 14.9107 2.40442 25.6
      vertex 14.8875 2.4425 25.15
      vertex 14.8875 2.4425 25.6
    endloop
  endfacet
  facet normal 0.853991 0.520288 0
    outer loop
      vertex 14.8875 2.4425 25.15
      vertex 14.9107 2.40442 25.6
      vertex 14.9107 2.40442 25.15
    endloop
  endfacet
  facet normal 0.838972 0.544174 0
    outer loop
      vertex 14.9349 2.36711 25.6
      vertex 14.9107 2.40442 25.15
      vertex 14.9107 2.40442 25.6
    endloop
  endfacet
  facet normal 0.838972 0.544174 0
    outer loop
      vertex 14.9107 2.40442 25.15
      vertex 14.9349 2.36711 25.6
      vertex 14.9349 2.36711 25.15
    endloop
  endfacet
  facet normal 0.823285 0.567628 0
    outer loop
      vertex 14.9601 2.33056 25.6
      vertex 14.9349 2.36711 25.15
      vertex 14.9349 2.36711 25.6
    endloop
  endfacet
  facet normal 0.823285 0.567628 0
    outer loop
      vertex 14.9349 2.36711 25.15
      vertex 14.9601 2.33056 25.6
      vertex 14.9601 2.33056 25.15
    endloop
  endfacet
  facet normal 0.807739 0.589541 0
    outer loop
      vertex 14.9862 2.2948 25.6
      vertex 14.9601 2.33056 25.15
      vertex 14.9601 2.33056 25.6
    endloop
  endfacet
  facet normal 0.807739 0.589541 0
    outer loop
      vertex 14.9601 2.33056 25.15
      vertex 14.9862 2.2948 25.6
      vertex 14.9862 2.2948 25.15
    endloop
  endfacet
  facet normal 0.79147 0.611208 0
    outer loop
      vertex 15 2.27693 25.6
      vertex 14.9862 2.2948 25.15
      vertex 14.9862 2.2948 25.6
    endloop
  endfacet
  facet normal 0.79147 0.611208 0
    outer loop
      vertex 14.9862 2.2948 25.15
      vertex 15 2.27693 25.6
      vertex 15 2.27693 25.15
    endloop
  endfacet
  facet normal 0.109869 0.993946 -0
    outer loop
      vertex 16.2427 1.64645 25.15
      vertex 16.2 1.65117 25.6
      vertex 16.2427 1.64645 25.6
    endloop
  endfacet
  facet normal 0.109869 0.993946 0
    outer loop
      vertex 16.2 1.65117 25.6
      vertex 16.2427 1.64645 25.15
      vertex 16.2 1.65117 25.15
    endloop
  endfacet
  facet normal 0.0886902 0.996059 -0
    outer loop
      vertex 16.3011 1.64125 25.15
      vertex 16.2427 1.64645 25.6
      vertex 16.3011 1.64125 25.6
    endloop
  endfacet
  facet normal 0.0886902 0.996059 0
    outer loop
      vertex 16.2427 1.64645 25.6
      vertex 16.3011 1.64125 25.15
      vertex 16.2427 1.64645 25.15
    endloop
  endfacet
  facet normal 0.0674634 0.997722 -0
    outer loop
      vertex 16.3607 1.63722 25.15
      vertex 16.3011 1.64125 25.6
      vertex 16.3607 1.63722 25.6
    endloop
  endfacet
  facet normal 0.0674634 0.997722 0
    outer loop
      vertex 16.3011 1.64125 25.6
      vertex 16.3607 1.63722 25.15
      vertex 16.3011 1.64125 25.15
    endloop
  endfacet
  facet normal 0.0478001 0.998857 -0
    outer loop
      vertex 16.4213 1.63432 25.15
      vertex 16.3607 1.63722 25.6
      vertex 16.4213 1.63432 25.6
    endloop
  endfacet
  facet normal 0.0478001 0.998857 0
    outer loop
      vertex 16.3607 1.63722 25.6
      vertex 16.4213 1.63432 25.15
      vertex 16.3607 1.63722 25.15
    endloop
  endfacet
  facet normal 0.0278209 0.999613 -0
    outer loop
      vertex 16.4831 1.6326 25.15
      vertex 16.4213 1.63432 25.6
      vertex 16.4831 1.6326 25.6
    endloop
  endfacet
  facet normal 0.0278209 0.999613 0
    outer loop
      vertex 16.4213 1.63432 25.6
      vertex 16.4831 1.6326 25.15
      vertex 16.4213 1.63432 25.15
    endloop
  endfacet
  facet normal 0.00923527 0.999957 -0
    outer loop
      vertex 16.5459 1.63202 25.15
      vertex 16.4831 1.6326 25.6
      vertex 16.5459 1.63202 25.6
    endloop
  endfacet
  facet normal 0.00923527 0.999957 0
    outer loop
      vertex 16.4831 1.6326 25.6
      vertex 16.5459 1.63202 25.15
      vertex 16.4831 1.6326 25.15
    endloop
  endfacet
  facet normal -0.0054973 0.999985 0
    outer loop
      vertex 16.5841 1.63223 25.15
      vertex 16.5459 1.63202 25.6
      vertex 16.5841 1.63223 25.6
    endloop
  endfacet
  facet normal -0.0054973 0.999985 0
    outer loop
      vertex 16.5459 1.63202 25.6
      vertex 16.5841 1.63223 25.15
      vertex 16.5459 1.63202 25.15
    endloop
  endfacet
  facet normal -0.500361 0.865817 0
    outer loop
      vertex 21.0086 1.82483 25.15
      vertex 21 1.81986 25.6
      vertex 21.0086 1.82483 25.6
    endloop
  endfacet
  facet normal -0.500361 0.865817 0
    outer loop
      vertex 21 1.81986 25.6
      vertex 21.0086 1.82483 25.15
      vertex 21 1.81986 25.15
    endloop
  endfacet
  facet normal -0.524269 0.851553 0
    outer loop
      vertex 21.0335 1.84016 25.15
      vertex 21.0086 1.82483 25.6
      vertex 21.0335 1.84016 25.6
    endloop
  endfacet
  facet normal -0.524269 0.851553 0
    outer loop
      vertex 21.0086 1.82483 25.6
      vertex 21.0335 1.84016 25.15
      vertex 21.0086 1.82483 25.15
    endloop
  endfacet
  facet normal -0.546804 0.837261 0
    outer loop
      vertex 21.0578 1.85603 25.15
      vertex 21.0335 1.84016 25.6
      vertex 21.0578 1.85603 25.6
    endloop
  endfacet
  facet normal -0.546804 0.837261 0
    outer loop
      vertex 21.0335 1.84016 25.6
      vertex 21.0578 1.85603 25.15
      vertex 21.0335 1.84016 25.15
    endloop
  endfacet
  facet normal -0.571126 0.820863 0
    outer loop
      vertex 21.0814 1.87245 25.15
      vertex 21.0578 1.85603 25.6
      vertex 21.0814 1.87245 25.6
    endloop
  endfacet
  facet normal -0.571126 0.820863 0
    outer loop
      vertex 21.0578 1.85603 25.6
      vertex 21.0814 1.87245 25.15
      vertex 21.0578 1.85603 25.15
    endloop
  endfacet
  facet normal -0.593259 0.805012 0
    outer loop
      vertex 21.1044 1.8894 25.15
      vertex 21.0814 1.87245 25.6
      vertex 21.1044 1.8894 25.6
    endloop
  endfacet
  facet normal -0.593259 0.805012 0
    outer loop
      vertex 21.0814 1.87245 25.6
      vertex 21.1044 1.8894 25.15
      vertex 21.0814 1.87245 25.15
    endloop
  endfacet
  facet normal -0.617354 0.786685 0
    outer loop
      vertex 21.1267 1.9069 25.15
      vertex 21.1044 1.8894 25.6
      vertex 21.1267 1.9069 25.6
    endloop
  endfacet
  facet normal -0.617354 0.786685 0
    outer loop
      vertex 21.1044 1.8894 25.6
      vertex 21.1267 1.9069 25.15
      vertex 21.1044 1.8894 25.15
    endloop
  endfacet
  facet normal -0.639278 0.768976 0
    outer loop
      vertex 21.1484 1.92494 25.15
      vertex 21.1267 1.9069 25.6
      vertex 21.1484 1.92494 25.6
    endloop
  endfacet
  facet normal -0.639278 0.768976 0
    outer loop
      vertex 21.1267 1.9069 25.6
      vertex 21.1484 1.92494 25.15
      vertex 21.1267 1.9069 25.15
    endloop
  endfacet
  facet normal -0.662035 0.749473 0
    outer loop
      vertex 21.1694 1.94349 25.15
      vertex 21.1484 1.92494 25.6
      vertex 21.1694 1.94349 25.6
    endloop
  endfacet
  facet normal -0.662035 0.749473 0
    outer loop
      vertex 21.1484 1.92494 25.6
      vertex 21.1694 1.94349 25.15
      vertex 21.1484 1.92494 25.15
    endloop
  endfacet
  facet normal -0.681935 0.731413 0
    outer loop
      vertex 21.1898 1.96251 25.15
      vertex 21.1694 1.94349 25.6
      vertex 21.1898 1.96251 25.6
    endloop
  endfacet
  facet normal -0.681935 0.731413 0
    outer loop
      vertex 21.1694 1.94349 25.6
      vertex 21.1898 1.96251 25.15
      vertex 21.1694 1.94349 25.15
    endloop
  endfacet
  facet normal -0.70349 0.710705 0
    outer loop
      vertex 21.2095 1.98201 25.15
      vertex 21.1898 1.96251 25.6
      vertex 21.2095 1.98201 25.6
    endloop
  endfacet
  facet normal -0.70349 0.710705 0
    outer loop
      vertex 21.1898 1.96251 25.6
      vertex 21.2095 1.98201 25.15
      vertex 21.1898 1.96251 25.15
    endloop
  endfacet
  facet normal -0.724827 0.68893 0
    outer loop
      vertex 21.2095 1.98201 25.15
      vertex 21.2285 2.002 25.6
      vertex 21.2285 2.002 25.15
    endloop
  endfacet
  facet normal -0.724827 0.68893 0
    outer loop
      vertex 21.2285 2.002 25.6
      vertex 21.2095 1.98201 25.15
      vertex 21.2095 1.98201 25.6
    endloop
  endfacet
  facet normal -0.745032 0.667029 0
    outer loop
      vertex 21.2285 2.002 25.15
      vertex 21.2468 2.02244 25.6
      vertex 21.2468 2.02244 25.15
    endloop
  endfacet
  facet normal -0.745032 0.667029 0
    outer loop
      vertex 21.2468 2.02244 25.6
      vertex 21.2285 2.002 25.15
      vertex 21.2285 2.002 25.6
    endloop
  endfacet
  facet normal -0.763718 0.64555 0
    outer loop
      vertex 21.2468 2.02244 25.15
      vertex 21.2645 2.04338 25.6
      vertex 21.2645 2.04338 25.15
    endloop
  endfacet
  facet normal -0.763718 0.64555 0
    outer loop
      vertex 21.2645 2.04338 25.6
      vertex 21.2468 2.02244 25.15
      vertex 21.2468 2.02244 25.6
    endloop
  endfacet
  facet normal -0.783148 0.621836 0
    outer loop
      vertex 21.2645 2.04338 25.15
      vertex 21.2815 2.06479 25.6
      vertex 21.2815 2.06479 25.15
    endloop
  endfacet
  facet normal -0.783148 0.621836 0
    outer loop
      vertex 21.2815 2.06479 25.6
      vertex 21.2645 2.04338 25.15
      vertex 21.2645 2.04338 25.6
    endloop
  endfacet
  facet normal -0.800307 0.59959 0
    outer loop
      vertex 21.2815 2.06479 25.15
      vertex 21.2979 2.08668 25.6
      vertex 21.2979 2.08668 25.15
    endloop
  endfacet
  facet normal -0.800307 0.59959 0
    outer loop
      vertex 21.2979 2.08668 25.6
      vertex 21.2815 2.06479 25.15
      vertex 21.2815 2.06479 25.6
    endloop
  endfacet
  facet normal -0.818406 0.574641 0
    outer loop
      vertex 21.2979 2.08668 25.15
      vertex 21.3136 2.10904 25.6
      vertex 21.3136 2.10904 25.15
    endloop
  endfacet
  facet normal -0.818406 0.574641 0
    outer loop
      vertex 21.3136 2.10904 25.6
      vertex 21.2979 2.08668 25.15
      vertex 21.2979 2.08668 25.6
    endloop
  endfacet
  facet normal -0.835859 0.548944 0
    outer loop
      vertex 21.3136 2.10904 25.15
      vertex 21.3286 2.13188 25.6
      vertex 21.3286 2.13188 25.15
    endloop
  endfacet
  facet normal -0.835859 0.548944 0
    outer loop
      vertex 21.3286 2.13188 25.6
      vertex 21.3136 2.10904 25.15
      vertex 21.3136 2.10904 25.6
    endloop
  endfacet
  facet normal -0.850755 0.525563 0
    outer loop
      vertex 21.3286 2.13188 25.15
      vertex 21.343 2.15519 25.6
      vertex 21.343 2.15519 25.15
    endloop
  endfacet
  facet normal -0.850755 0.525563 0
    outer loop
      vertex 21.343 2.15519 25.6
      vertex 21.3286 2.13188 25.15
      vertex 21.3286 2.13188 25.6
    endloop
  endfacet
  facet normal -0.868333 0.495982 0
    outer loop
      vertex 21.343 2.15519 25.15
      vertex 21.3566 2.179 25.6
      vertex 21.3566 2.179 25.15
    endloop
  endfacet
  facet normal -0.868333 0.495982 0
    outer loop
      vertex 21.3566 2.179 25.6
      vertex 21.343 2.15519 25.15
      vertex 21.343 2.15519 25.6
    endloop
  endfacet
  facet normal -0.879911 0.475138 0
    outer loop
      vertex 21.3566 2.179 25.15
      vertex 21.3697 2.20326 25.6
      vertex 21.3697 2.20326 25.15
    endloop
  endfacet
  facet normal -0.879911 0.475138 0
    outer loop
      vertex 21.3697 2.20326 25.6
      vertex 21.3566 2.179 25.15
      vertex 21.3566 2.179 25.6
    endloop
  endfacet
  facet normal -0.89551 0.445041 0
    outer loop
      vertex 21.3697 2.20326 25.15
      vertex 21.382 2.22801 25.6
      vertex 21.382 2.22801 25.15
    endloop
  endfacet
  facet normal -0.89551 0.445041 0
    outer loop
      vertex 21.382 2.22801 25.6
      vertex 21.3697 2.20326 25.15
      vertex 21.3697 2.20326 25.6
    endloop
  endfacet
  facet normal -0.907136 0.420837 0
    outer loop
      vertex 21.382 2.22801 25.15
      vertex 21.3937 2.25323 25.6
      vertex 21.3937 2.25323 25.15
    endloop
  endfacet
  facet normal -0.907136 0.420837 0
    outer loop
      vertex 21.3937 2.25323 25.6
      vertex 21.382 2.22801 25.15
      vertex 21.382 2.22801 25.6
    endloop
  endfacet
  facet normal -0.919385 0.393358 0
    outer loop
      vertex 21.3937 2.25323 25.15
      vertex 21.4047 2.27894 25.6
      vertex 21.4047 2.27894 25.15
    endloop
  endfacet
  facet normal -0.919385 0.393358 0
    outer loop
      vertex 21.4047 2.27894 25.6
      vertex 21.3937 2.25323 25.15
      vertex 21.3937 2.25323 25.6
    endloop
  endfacet
  facet normal -0.930379 0.366599 0
    outer loop
      vertex 21.4047 2.27894 25.15
      vertex 21.415 2.30508 25.6
      vertex 21.415 2.30508 25.15
    endloop
  endfacet
  facet normal -0.930379 0.366599 0
    outer loop
      vertex 21.415 2.30508 25.6
      vertex 21.4047 2.27894 25.15
      vertex 21.4047 2.27894 25.6
    endloop
  endfacet
  facet normal -0.939359 0.342935 0
    outer loop
      vertex 21.415 2.30508 25.15
      vertex 21.4247 2.33165 25.6
      vertex 21.4247 2.33165 25.15
    endloop
  endfacet
  facet normal -0.939359 0.342935 0
    outer loop
      vertex 21.4247 2.33165 25.6
      vertex 21.415 2.30508 25.15
      vertex 21.415 2.30508 25.6
    endloop
  endfacet
  facet normal -0.948578 0.316544 0
    outer loop
      vertex 21.4247 2.33165 25.15
      vertex 21.4337 2.35862 25.6
      vertex 21.4337 2.35862 25.15
    endloop
  endfacet
  facet normal -0.948578 0.316544 0
    outer loop
      vertex 21.4337 2.35862 25.6
      vertex 21.4247 2.33165 25.15
      vertex 21.4247 2.33165 25.6
    endloop
  endfacet
  facet normal -0.95602 0.293301 0
    outer loop
      vertex 21.4337 2.35862 25.15
      vertex 21.4421 2.386 25.6
      vertex 21.4421 2.386 25.15
    endloop
  endfacet
  facet normal -0.95602 0.293301 0
    outer loop
      vertex 21.4421 2.386 25.6
      vertex 21.4337 2.35862 25.15
      vertex 21.4337 2.35862 25.6
    endloop
  endfacet
  facet normal -0.963716 0.266929 0
    outer loop
      vertex 21.4421 2.386 25.15
      vertex 21.4498 2.4138 25.6
      vertex 21.4498 2.4138 25.15
    endloop
  endfacet
  facet normal -0.963716 0.266929 0
    outer loop
      vertex 21.4498 2.4138 25.6
      vertex 21.4421 2.386 25.15
      vertex 21.4421 2.386 25.6
    endloop
  endfacet
  facet normal -0.970566 0.240835 0
    outer loop
      vertex 21.4498 2.4138 25.15
      vertex 21.4568 2.44201 25.6
      vertex 21.4568 2.44201 25.15
    endloop
  endfacet
  facet normal -0.970566 0.240835 0
    outer loop
      vertex 21.4568 2.44201 25.6
      vertex 21.4498 2.4138 25.15
      vertex 21.4498 2.4138 25.6
    endloop
  endfacet
  facet normal -0.976634 0.214907 0
    outer loop
      vertex 21.4568 2.44201 25.15
      vertex 21.4631 2.47064 25.6
      vertex 21.4631 2.47064 25.15
    endloop
  endfacet
  facet normal -0.976634 0.214907 0
    outer loop
      vertex 21.4631 2.47064 25.6
      vertex 21.4568 2.44201 25.15
      vertex 21.4568 2.44201 25.6
    endloop
  endfacet
  facet normal -0.981276 0.192606 0
    outer loop
      vertex 21.4631 2.47064 25.15
      vertex 21.4688 2.49968 25.6
      vertex 21.4688 2.49968 25.15
    endloop
  endfacet
  facet normal -0.981276 0.192606 0
    outer loop
      vertex 21.4688 2.49968 25.6
      vertex 21.4631 2.47064 25.15
      vertex 21.4631 2.47064 25.6
    endloop
  endfacet
  facet normal -0.985892 0.167384 0
    outer loop
      vertex 21.4688 2.49968 25.15
      vertex 21.4738 2.52913 25.6
      vertex 21.4738 2.52913 25.15
    endloop
  endfacet
  facet normal -0.985892 0.167384 0
    outer loop
      vertex 21.4738 2.52913 25.6
      vertex 21.4688 2.49968 25.15
      vertex 21.4688 2.49968 25.6
    endloop
  endfacet
  facet normal -0.98979 0.142535 0
    outer loop
      vertex 21.4738 2.52913 25.15
      vertex 21.4781 2.55899 25.6
      vertex 21.4781 2.55899 25.15
    endloop
  endfacet
  facet normal -0.98979 0.142535 0
    outer loop
      vertex 21.4781 2.55899 25.6
      vertex 21.4738 2.52913 25.15
      vertex 21.4738 2.52913 25.6
    endloop
  endfacet
  facet normal -0.992622 0.121251 0
    outer loop
      vertex 21.4781 2.55899 25.15
      vertex 21.4818 2.58928 25.6
      vertex 21.4818 2.58928 25.15
    endloop
  endfacet
  facet normal -0.992622 0.121251 0
    outer loop
      vertex 21.4818 2.58928 25.6
      vertex 21.4781 2.55899 25.15
      vertex 21.4781 2.55899 25.6
    endloop
  endfacet
  facet normal -0.995253 0.0973194 0
    outer loop
      vertex 21.4818 2.58928 25.15
      vertex 21.4848 2.61996 25.6
      vertex 21.4848 2.61996 25.15
    endloop
  endfacet
  facet normal -0.995253 0.0973194 0
    outer loop
      vertex 21.4848 2.61996 25.6
      vertex 21.4818 2.58928 25.15
      vertex 21.4818 2.58928 25.6
    endloop
  endfacet
  facet normal -0.997278 0.07373 0
    outer loop
      vertex 21.4848 2.61996 25.15
      vertex 21.4871 2.65107 25.6
      vertex 21.4871 2.65107 25.15
    endloop
  endfacet
  facet normal -0.997278 0.07373 0
    outer loop
      vertex 21.4871 2.65107 25.6
      vertex 21.4848 2.61996 25.15
      vertex 21.4848 2.61996 25.6
    endloop
  endfacet
  facet normal -0.998548 0.0538728 0
    outer loop
      vertex 21.4871 2.65107 25.15
      vertex 21.4888 2.68258 25.6
      vertex 21.4888 2.68258 25.15
    endloop
  endfacet
  facet normal -0.998548 0.0538728 0
    outer loop
      vertex 21.4888 2.68258 25.6
      vertex 21.4871 2.65107 25.15
      vertex 21.4871 2.65107 25.6
    endloop
  endfacet
  facet normal -0.99951 0.0312934 0
    outer loop
      vertex 21.4888 2.68258 25.15
      vertex 21.4898 2.71452 25.6
      vertex 21.4898 2.71452 25.15
    endloop
  endfacet
  facet normal -0.99951 0.0312934 0
    outer loop
      vertex 21.4898 2.71452 25.6
      vertex 21.4888 2.68258 25.15
      vertex 21.4888 2.68258 25.6
    endloop
  endfacet
  facet normal -0.999957 0.00927891 0
    outer loop
      vertex 21.4898 2.71452 25.15
      vertex 21.4901 2.74685 25.6
      vertex 21.4901 2.74685 25.15
    endloop
  endfacet
  facet normal -0.999957 0.00927891 0
    outer loop
      vertex 21.4901 2.74685 25.6
      vertex 21.4898 2.71452 25.15
      vertex 21.4898 2.71452 25.6
    endloop
  endfacet
  facet normal -0.999954 -0.0095461 0
    outer loop
      vertex 21.4901 2.74685 25.15
      vertex 21.4899 2.7678 25.6
      vertex 21.4899 2.7678 25.15
    endloop
  endfacet
  facet normal -0.999954 -0.0095461 0
    outer loop
      vertex 21.4899 2.7678 25.6
      vertex 21.4901 2.74685 25.15
      vertex 21.4901 2.74685 25.6
    endloop
  endfacet
  facet normal -0.999585 -0.0288065 0
    outer loop
      vertex 21.4899 2.7678 25.15
      vertex 21.4893 2.78862 25.6
      vertex 21.4893 2.78862 25.15
    endloop
  endfacet
  facet normal -0.999585 -0.0288065 0
    outer loop
      vertex 21.4893 2.78862 25.6
      vertex 21.4899 2.7678 25.15
      vertex 21.4899 2.7678 25.6
    endloop
  endfacet
  facet normal -0.998587 -0.053142 0
    outer loop
      vertex 21.4893 2.78862 25.15
      vertex 21.4882 2.80929 25.6
      vertex 21.4882 2.80929 25.15
    endloop
  endfacet
  facet normal -0.998587 -0.053142 0
    outer loop
      vertex 21.4882 2.80929 25.6
      vertex 21.4893 2.78862 25.15
      vertex 21.4893 2.78862 25.6
    endloop
  endfacet
  facet normal -0.997685 -0.0680019 0
    outer loop
      vertex 21.4882 2.80929 25.15
      vertex 21.4868 2.82983 25.6
      vertex 21.4868 2.82983 25.15
    endloop
  endfacet
  facet normal -0.997685 -0.0680019 0
    outer loop
      vertex 21.4868 2.82983 25.6
      vertex 21.4882 2.80929 25.15
      vertex 21.4882 2.80929 25.6
    endloop
  endfacet
  facet normal -0.995229 -0.0975714 0
    outer loop
      vertex 21.4868 2.82983 25.15
      vertex 21.4848 2.85023 25.6
      vertex 21.4848 2.85023 25.15
    endloop
  endfacet
  facet normal -0.995229 -0.0975714 0
    outer loop
      vertex 21.4848 2.85023 25.6
      vertex 21.4868 2.82983 25.15
      vertex 21.4868 2.82983 25.6
    endloop
  endfacet
  facet normal -0.993624 -0.112745 0
    outer loop
      vertex 21.4848 2.85023 25.15
      vertex 21.4825 2.8705 25.6
      vertex 21.4825 2.8705 25.15
    endloop
  endfacet
  facet normal -0.993624 -0.112745 0
    outer loop
      vertex 21.4825 2.8705 25.6
      vertex 21.4848 2.85023 25.15
      vertex 21.4848 2.85023 25.6
    endloop
  endfacet
  facet normal -0.991116 -0.133003 0
    outer loop
      vertex 21.4825 2.8705 25.15
      vertex 21.4798 2.89062 25.6
      vertex 21.4798 2.89062 25.15
    endloop
  endfacet
  facet normal -0.991116 -0.133003 0
    outer loop
      vertex 21.4798 2.89062 25.6
      vertex 21.4825 2.8705 25.15
      vertex 21.4825 2.8705 25.6
    endloop
  endfacet
  facet normal -0.987428 -0.158068 0
    outer loop
      vertex 21.4798 2.89062 25.15
      vertex 21.4766 2.91061 25.6
      vertex 21.4766 2.91061 25.15
    endloop
  endfacet
  facet normal -0.987428 -0.158068 0
    outer loop
      vertex 21.4766 2.91061 25.6
      vertex 21.4798 2.89062 25.15
      vertex 21.4798 2.89062 25.6
    endloop
  endfacet
  facet normal -0.983949 -0.178449 0
    outer loop
      vertex 21.4766 2.91061 25.15
      vertex 21.473 2.93046 25.6
      vertex 21.473 2.93046 25.15
    endloop
  endfacet
  facet normal -0.983949 -0.178449 0
    outer loop
      vertex 21.473 2.93046 25.6
      vertex 21.4766 2.91061 25.15
      vertex 21.4766 2.91061 25.6
    endloop
  endfacet
  facet normal -0.979022 -0.203756 0
    outer loop
      vertex 21.473 2.93046 25.15
      vertex 21.4689 2.95016 25.6
      vertex 21.4689 2.95016 25.15
    endloop
  endfacet
  facet normal -0.979022 -0.203756 0
    outer loop
      vertex 21.4689 2.95016 25.6
      vertex 21.473 2.93046 25.15
      vertex 21.473 2.93046 25.6
    endloop
  endfacet
  facet normal -0.975668 -0.219251 0
    outer loop
      vertex 21.4689 2.95016 25.15
      vertex 21.4645 2.96974 25.6
      vertex 21.4645 2.96974 25.15
    endloop
  endfacet
  facet normal -0.975668 -0.219251 0
    outer loop
      vertex 21.4645 2.96974 25.6
      vertex 21.4689 2.95016 25.15
      vertex 21.4689 2.95016 25.6
    endloop
  endfacet
  facet normal -0.969671 -0.244413 0
    outer loop
      vertex 21.4645 2.96974 25.15
      vertex 21.4596 2.98918 25.6
      vertex 21.4596 2.98918 25.15
    endloop
  endfacet
  facet normal -0.969671 -0.244413 0
    outer loop
      vertex 21.4596 2.98918 25.6
      vertex 21.4645 2.96974 25.15
      vertex 21.4645 2.96974 25.6
    endloop
  endfacet
  facet normal -0.964266 -0.264936 0
    outer loop
      vertex 21.4596 2.98918 25.15
      vertex 21.4543 3.00847 25.6
      vertex 21.4543 3.00847 25.15
    endloop
  endfacet
  facet normal -0.964266 -0.264936 0
    outer loop
      vertex 21.4543 3.00847 25.6
      vertex 21.4596 2.98918 25.15
      vertex 21.4596 2.98918 25.6
    endloop
  endfacet
  facet normal -0.958485 -0.285144 0
    outer loop
      vertex 21.4543 3.00847 25.15
      vertex 21.4486 3.02763 25.6
      vertex 21.4486 3.02763 25.15
    endloop
  endfacet
  facet normal -0.958485 -0.285144 0
    outer loop
      vertex 21.4486 3.02763 25.6
      vertex 21.4543 3.00847 25.15
      vertex 21.4543 3.00847 25.6
    endloop
  endfacet
  facet normal -0.952273 -0.305248 0
    outer loop
      vertex 21.4486 3.02763 25.15
      vertex 21.4425 3.04666 25.6
      vertex 21.4425 3.04666 25.15
    endloop
  endfacet
  facet normal -0.952273 -0.305248 0
    outer loop
      vertex 21.4425 3.04666 25.6
      vertex 21.4486 3.02763 25.15
      vertex 21.4486 3.02763 25.6
    endloop
  endfacet
  facet normal -0.943929 -0.33015 0
    outer loop
      vertex 21.4425 3.04666 25.15
      vertex 21.4359 3.06553 25.6
      vertex 21.4359 3.06553 25.15
    endloop
  endfacet
  facet normal -0.943929 -0.33015 0
    outer loop
      vertex 21.4359 3.06553 25.6
      vertex 21.4425 3.04666 25.15
      vertex 21.4425 3.04666 25.6
    endloop
  endfacet
  facet normal -0.936596 -0.35041 0
    outer loop
      vertex 21.4359 3.06553 25.15
      vertex 21.4289 3.08424 25.6
      vertex 21.4289 3.08424 25.15
    endloop
  endfacet
  facet normal -0.936596 -0.35041 0
    outer loop
      vertex 21.4289 3.08424 25.6
      vertex 21.4359 3.06553 25.15
      vertex 21.4359 3.06553 25.6
    endloop
  endfacet
  facet normal -0.926384 -0.376579 0
    outer loop
      vertex 21.4289 3.08424 25.15
      vertex 21.4214 3.10269 25.6
      vertex 21.4214 3.10269 25.15
    endloop
  endfacet
  facet normal -0.926384 -0.376579 0
    outer loop
      vertex 21.4214 3.10269 25.6
      vertex 21.4289 3.08424 25.15
      vertex 21.4289 3.08424 25.6
    endloop
  endfacet
  facet normal -0.919302 -0.393554 0
    outer loop
      vertex 21.4214 3.10269 25.15
      vertex 21.4136 3.12091 25.6
      vertex 21.4136 3.12091 25.15
    endloop
  endfacet
  facet normal -0.919302 -0.393554 0
    outer loop
      vertex 21.4136 3.12091 25.6
      vertex 21.4214 3.10269 25.15
      vertex 21.4214 3.10269 25.6
    endloop
  endfacet
  facet normal -0.905822 -0.423658 0
    outer loop
      vertex 21.4136 3.12091 25.15
      vertex 21.4052 3.13887 25.6
      vertex 21.4052 3.13887 25.15
    endloop
  endfacet
  facet normal -0.905822 -0.423658 0
    outer loop
      vertex 21.4052 3.13887 25.6
      vertex 21.4136 3.12091 25.15
      vertex 21.4136 3.12091 25.6
    endloop
  endfacet
  facet normal -0.895737 -0.444585 0
    outer loop
      vertex 21.4052 3.13887 25.15
      vertex 21.3964 3.1566 25.6
      vertex 21.3964 3.1566 25.15
    endloop
  endfacet
  facet normal -0.895737 -0.444585 0
    outer loop
      vertex 21.3964 3.1566 25.6
      vertex 21.4052 3.13887 25.15
      vertex 21.4052 3.13887 25.6
    endloop
  endfacet
  facet normal -0.884808 -0.465955 0
    outer loop
      vertex 21.3964 3.1566 25.15
      vertex 21.3872 3.17407 25.6
      vertex 21.3872 3.17407 25.15
    endloop
  endfacet
  facet normal -0.884808 -0.465955 0
    outer loop
      vertex 21.3872 3.17407 25.6
      vertex 21.3964 3.1566 25.15
      vertex 21.3964 3.1566 25.6
    endloop
  endfacet
  facet normal -0.871522 -0.490357 0
    outer loop
      vertex 21.3872 3.17407 25.15
      vertex 21.3775 3.19131 25.6
      vertex 21.3775 3.19131 25.15
    endloop
  endfacet
  facet normal -0.871522 -0.490357 0
    outer loop
      vertex 21.3775 3.19131 25.6
      vertex 21.3872 3.17407 25.15
      vertex 21.3872 3.17407 25.6
    endloop
  endfacet
  facet normal -0.859452 -0.511217 0
    outer loop
      vertex 21.3775 3.19131 25.15
      vertex 21.3674 3.20829 25.6
      vertex 21.3674 3.20829 25.15
    endloop
  endfacet
  facet normal -0.859452 -0.511217 0
    outer loop
      vertex 21.3674 3.20829 25.6
      vertex 21.3775 3.19131 25.15
      vertex 21.3775 3.19131 25.6
    endloop
  endfacet
  facet normal -0.845153 -0.534524 0
    outer loop
      vertex 21.3674 3.20829 25.15
      vertex 21.3568 3.22505 25.6
      vertex 21.3568 3.22505 25.15
    endloop
  endfacet
  facet normal -0.845153 -0.534524 0
    outer loop
      vertex 21.3568 3.22505 25.6
      vertex 21.3674 3.20829 25.15
      vertex 21.3674 3.20829 25.6
    endloop
  endfacet
  facet normal -0.831895 -0.554933 0
    outer loop
      vertex 21.3568 3.22505 25.15
      vertex 21.3458 3.24154 25.6
      vertex 21.3458 3.24154 25.15
    endloop
  endfacet
  facet normal -0.831895 -0.554933 0
    outer loop
      vertex 21.3458 3.24154 25.6
      vertex 21.3568 3.22505 25.15
      vertex 21.3568 3.22505 25.6
    endloop
  endfacet
  facet normal -0.818972 -0.573834 0
    outer loop
      vertex 21.3458 3.24154 25.15
      vertex 21.3344 3.25781 25.6
      vertex 21.3344 3.25781 25.15
    endloop
  endfacet
  facet normal -0.818972 -0.573834 0
    outer loop
      vertex 21.3344 3.25781 25.6
      vertex 21.3458 3.24154 25.15
      vertex 21.3458 3.24154 25.6
    endloop
  endfacet
  facet normal -0.802758 -0.596306 0
    outer loop
      vertex 21.3344 3.25781 25.15
      vertex 21.3225 3.27383 25.6
      vertex 21.3225 3.27383 25.15
    endloop
  endfacet
  facet normal -0.802758 -0.596306 0
    outer loop
      vertex 21.3225 3.27383 25.6
      vertex 21.3344 3.25781 25.15
      vertex 21.3344 3.25781 25.6
    endloop
  endfacet
  facet normal -0.785903 -0.61835 0
    outer loop
      vertex 21.3225 3.27383 25.15
      vertex 21.3101 3.28959 25.6
      vertex 21.3101 3.28959 25.15
    endloop
  endfacet
  facet normal -0.785903 -0.61835 0
    outer loop
      vertex 21.3101 3.28959 25.6
      vertex 21.3225 3.27383 25.15
      vertex 21.3225 3.27383 25.6
    endloop
  endfacet
  facet normal -0.771873 -0.635777 0
    outer loop
      vertex 21.3101 3.28959 25.15
      vertex 21.2973 3.30513 25.6
      vertex 21.2973 3.30513 25.15
    endloop
  endfacet
  facet normal -0.771873 -0.635777 0
    outer loop
      vertex 21.2973 3.30513 25.6
      vertex 21.3101 3.28959 25.15
      vertex 21.3101 3.28959 25.6
    endloop
  endfacet
  facet normal -0.756945 -0.653478 0
    outer loop
      vertex 21.2973 3.30513 25.15
      vertex 21.2841 3.32042 25.6
      vertex 21.2841 3.32042 25.15
    endloop
  endfacet
  facet normal -0.756945 -0.653478 0
    outer loop
      vertex 21.2841 3.32042 25.6
      vertex 21.2973 3.30513 25.15
      vertex 21.2973 3.30513 25.6
    endloop
  endfacet
  facet normal -0.739272 -0.673406 0
    outer loop
      vertex 21.2841 3.32042 25.15
      vertex 21.2704 3.33546 25.6
      vertex 21.2704 3.33546 25.15
    endloop
  endfacet
  facet normal -0.739272 -0.673406 0
    outer loop
      vertex 21.2704 3.33546 25.6
      vertex 21.2841 3.32042 25.15
      vertex 21.2841 3.32042 25.6
    endloop
  endfacet
  facet normal -0.723089 -0.690755 0
    outer loop
      vertex 21.2704 3.33546 25.15
      vertex 21.2563 3.35022 25.6
      vertex 21.2563 3.35022 25.15
    endloop
  endfacet
  facet normal -0.723089 -0.690755 0
    outer loop
      vertex 21.2563 3.35022 25.6
      vertex 21.2704 3.33546 25.15
      vertex 21.2704 3.33546 25.6
    endloop
  endfacet
  facet normal -0.701263 -0.712902 0
    outer loop
      vertex 21.2416 3.36468 25.15
      vertex 21.2563 3.35022 25.6
      vertex 21.2416 3.36468 25.6
    endloop
  endfacet
  facet normal -0.701263 -0.712902 -0
    outer loop
      vertex 21.2563 3.35022 25.6
      vertex 21.2416 3.36468 25.15
      vertex 21.2563 3.35022 25.15
    endloop
  endfacet
  facet normal -0.68378 -0.729688 0
    outer loop
      vertex 21.2265 3.37883 25.15
      vertex 21.2416 3.36468 25.6
      vertex 21.2265 3.37883 25.6
    endloop
  endfacet
  facet normal -0.68378 -0.729688 -0
    outer loop
      vertex 21.2416 3.36468 25.6
      vertex 21.2265 3.37883 25.15
      vertex 21.2416 3.36468 25.15
    endloop
  endfacet
  facet normal -0.663917 -0.747806 0
    outer loop
      vertex 21.2109 3.39268 25.15
      vertex 21.2265 3.37883 25.6
      vertex 21.2109 3.39268 25.6
    endloop
  endfacet
  facet normal -0.663917 -0.747806 -0
    outer loop
      vertex 21.2265 3.37883 25.6
      vertex 21.2109 3.39268 25.15
      vertex 21.2265 3.37883 25.15
    endloop
  endfacet
  facet normal -0.643638 -0.76533 0
    outer loop
      vertex 21.1948 3.40622 25.15
      vertex 21.2109 3.39268 25.6
      vertex 21.1948 3.40622 25.6
    endloop
  endfacet
  facet normal -0.643638 -0.76533 -0
    outer loop
      vertex 21.2109 3.39268 25.6
      vertex 21.1948 3.40622 25.15
      vertex 21.2109 3.39268 25.15
    endloop
  endfacet
  facet normal -0.623258 -0.782016 0
    outer loop
      vertex 21.1782 3.41945 25.15
      vertex 21.1948 3.40622 25.6
      vertex 21.1782 3.41945 25.6
    endloop
  endfacet
  facet normal -0.623258 -0.782016 -0
    outer loop
      vertex 21.1948 3.40622 25.6
      vertex 21.1782 3.41945 25.15
      vertex 21.1948 3.40622 25.15
    endloop
  endfacet
  facet normal -0.605083 -0.796162 0
    outer loop
      vertex 21.1612 3.43237 25.15
      vertex 21.1782 3.41945 25.6
      vertex 21.1612 3.43237 25.6
    endloop
  endfacet
  facet normal -0.605083 -0.796162 -0
    outer loop
      vertex 21.1782 3.41945 25.6
      vertex 21.1612 3.43237 25.15
      vertex 21.1782 3.41945 25.15
    endloop
  endfacet
  facet normal -0.582112 -0.813109 0
    outer loop
      vertex 21.1436 3.44497 25.15
      vertex 21.1612 3.43237 25.6
      vertex 21.1436 3.44497 25.6
    endloop
  endfacet
  facet normal -0.582112 -0.813109 -0
    outer loop
      vertex 21.1612 3.43237 25.6
      vertex 21.1436 3.44497 25.15
      vertex 21.1612 3.43237 25.15
    endloop
  endfacet
  facet normal -0.564815 -0.825217 0
    outer loop
      vertex 21.1256 3.45729 25.15
      vertex 21.1436 3.44497 25.6
      vertex 21.1256 3.45729 25.6
    endloop
  endfacet
  facet normal -0.564815 -0.825217 -0
    outer loop
      vertex 21.1436 3.44497 25.6
      vertex 21.1256 3.45729 25.15
      vertex 21.1436 3.44497 25.15
    endloop
  endfacet
  facet normal -0.541808 -0.840502 0
    outer loop
      vertex 21.107 3.46928 25.15
      vertex 21.1256 3.45729 25.6
      vertex 21.107 3.46928 25.6
    endloop
  endfacet
  facet normal -0.541808 -0.840502 -0
    outer loop
      vertex 21.1256 3.45729 25.6
      vertex 21.107 3.46928 25.15
      vertex 21.1256 3.45729 25.15
    endloop
  endfacet
  facet normal -0.524022 -0.851704 0
    outer loop
      vertex 21.088 3.48097 25.15
      vertex 21.107 3.46928 25.6
      vertex 21.088 3.48097 25.6
    endloop
  endfacet
  facet normal -0.524022 -0.851704 -0
    outer loop
      vertex 21.107 3.46928 25.6
      vertex 21.088 3.48097 25.15
      vertex 21.107 3.46928 25.15
    endloop
  endfacet
  facet normal -0.504036 -0.863682 0
    outer loop
      vertex 21.0685 3.49235 25.15
      vertex 21.088 3.48097 25.6
      vertex 21.0685 3.49235 25.6
    endloop
  endfacet
  facet normal -0.504036 -0.863682 -0
    outer loop
      vertex 21.088 3.48097 25.6
      vertex 21.0685 3.49235 25.15
      vertex 21.088 3.48097 25.15
    endloop
  endfacet
  facet normal -0.484603 -0.874734 0
    outer loop
      vertex 21.0485 3.50343 25.15
      vertex 21.0685 3.49235 25.6
      vertex 21.0485 3.50343 25.6
    endloop
  endfacet
  facet normal -0.484603 -0.874734 -0
    outer loop
      vertex 21.0685 3.49235 25.6
      vertex 21.0485 3.50343 25.15
      vertex 21.0685 3.49235 25.15
    endloop
  endfacet
  facet normal -0.465088 -0.885265 0
    outer loop
      vertex 21.028 3.5142 25.15
      vertex 21.0485 3.50343 25.6
      vertex 21.028 3.5142 25.6
    endloop
  endfacet
  facet normal -0.465088 -0.885265 -0
    outer loop
      vertex 21.0485 3.50343 25.6
      vertex 21.028 3.5142 25.15
      vertex 21.0485 3.50343 25.15
    endloop
  endfacet
  facet normal -0.447898 -0.894085 0
    outer loop
      vertex 21.0071 3.52467 25.15
      vertex 21.028 3.5142 25.6
      vertex 21.0071 3.52467 25.6
    endloop
  endfacet
  facet normal -0.447898 -0.894085 -0
    outer loop
      vertex 21.028 3.5142 25.6
      vertex 21.0071 3.52467 25.15
      vertex 21.028 3.5142 25.15
    endloop
  endfacet
  facet normal -0.426911 -0.904294 0
    outer loop
      vertex 20.9856 3.53482 25.15
      vertex 21.0071 3.52467 25.6
      vertex 20.9856 3.53482 25.6
    endloop
  endfacet
  facet normal -0.426911 -0.904294 -0
    outer loop
      vertex 21.0071 3.52467 25.6
      vertex 20.9856 3.53482 25.15
      vertex 21.0071 3.52467 25.15
    endloop
  endfacet
  facet normal -0.40811 -0.912933 0
    outer loop
      vertex 20.9637 3.54461 25.15
      vertex 20.9856 3.53482 25.6
      vertex 20.9637 3.54461 25.6
    endloop
  endfacet
  facet normal -0.40811 -0.912933 -0
    outer loop
      vertex 20.9856 3.53482 25.6
      vertex 20.9637 3.54461 25.15
      vertex 20.9856 3.53482 25.15
    endloop
  endfacet
  facet normal -0.384441 -0.92315 0
    outer loop
      vertex 20.9412 3.55398 25.15
      vertex 20.9637 3.54461 25.6
      vertex 20.9412 3.55398 25.6
    endloop
  endfacet
  facet normal -0.384441 -0.92315 -0
    outer loop
      vertex 20.9637 3.54461 25.6
      vertex 20.9412 3.55398 25.15
      vertex 20.9637 3.54461 25.15
    endloop
  endfacet
  facet normal -0.364721 -0.931117 0
    outer loop
      vertex 20.9183 3.56295 25.15
      vertex 20.9412 3.55398 25.6
      vertex 20.9183 3.56295 25.6
    endloop
  endfacet
  facet normal -0.364721 -0.931117 -0
    outer loop
      vertex 20.9412 3.55398 25.6
      vertex 20.9183 3.56295 25.15
      vertex 20.9412 3.55398 25.15
    endloop
  endfacet
  facet normal -0.343901 -0.939006 0
    outer loop
      vertex 20.8949 3.57152 25.15
      vertex 20.9183 3.56295 25.6
      vertex 20.8949 3.57152 25.6
    endloop
  endfacet
  facet normal -0.343901 -0.939006 -0
    outer loop
      vertex 20.9183 3.56295 25.6
      vertex 20.8949 3.57152 25.15
      vertex 20.9183 3.56295 25.15
    endloop
  endfacet
  facet normal -0.3224 -0.946604 0
    outer loop
      vertex 20.871 3.57966 25.15
      vertex 20.8949 3.57152 25.6
      vertex 20.871 3.57966 25.6
    endloop
  endfacet
  facet normal -0.3224 -0.946604 -0
    outer loop
      vertex 20.8949 3.57152 25.6
      vertex 20.871 3.57966 25.15
      vertex 20.8949 3.57152 25.15
    endloop
  endfacet
  facet normal -0.301655 -0.953417 0
    outer loop
      vertex 20.8466 3.58738 25.15
      vertex 20.871 3.57966 25.6
      vertex 20.8466 3.58738 25.6
    endloop
  endfacet
  facet normal -0.301655 -0.953417 -0
    outer loop
      vertex 20.871 3.57966 25.6
      vertex 20.8466 3.58738 25.15
      vertex 20.871 3.57966 25.15
    endloop
  endfacet
  facet normal -0.283443 -0.958989 0
    outer loop
      vertex 20.8218 3.59471 25.15
      vertex 20.8466 3.58738 25.6
      vertex 20.8218 3.59471 25.6
    endloop
  endfacet
  facet normal -0.283443 -0.958989 -0
    outer loop
      vertex 20.8466 3.58738 25.6
      vertex 20.8218 3.59471 25.15
      vertex 20.8466 3.58738 25.15
    endloop
  endfacet
  facet normal -0.262153 -0.965026 0
    outer loop
      vertex 20.7964 3.60161 25.15
      vertex 20.8218 3.59471 25.6
      vertex 20.7964 3.60161 25.6
    endloop
  endfacet
  facet normal -0.262153 -0.965026 -0
    outer loop
      vertex 20.8218 3.59471 25.6
      vertex 20.7964 3.60161 25.15
      vertex 20.8218 3.59471 25.15
    endloop
  endfacet
  facet normal -0.244304 -0.969699 0
    outer loop
      vertex 20.7706 3.60811 25.15
      vertex 20.7964 3.60161 25.6
      vertex 20.7706 3.60811 25.6
    endloop
  endfacet
  facet normal -0.244304 -0.969699 -0
    outer loop
      vertex 20.7964 3.60161 25.6
      vertex 20.7706 3.60811 25.15
      vertex 20.7964 3.60161 25.15
    endloop
  endfacet
  facet normal -0.224887 -0.974385 0
    outer loop
      vertex 20.7443 3.61418 25.15
      vertex 20.7706 3.60811 25.6
      vertex 20.7443 3.61418 25.6
    endloop
  endfacet
  facet normal -0.224887 -0.974385 -0
    outer loop
      vertex 20.7706 3.60811 25.6
      vertex 20.7443 3.61418 25.15
      vertex 20.7706 3.60811 25.15
    endloop
  endfacet
  facet normal -0.2059 -0.978573 0
    outer loop
      vertex 20.7174 3.61984 25.15
      vertex 20.7443 3.61418 25.6
      vertex 20.7174 3.61984 25.6
    endloop
  endfacet
  facet normal -0.2059 -0.978573 -0
    outer loop
      vertex 20.7443 3.61418 25.6
      vertex 20.7174 3.61984 25.15
      vertex 20.7443 3.61418 25.15
    endloop
  endfacet
  facet normal -0.188847 -0.982006 0
    outer loop
      vertex 20.6901 3.62509 25.15
      vertex 20.7174 3.61984 25.6
      vertex 20.6901 3.62509 25.6
    endloop
  endfacet
  facet normal -0.188847 -0.982006 -0
    outer loop
      vertex 20.7174 3.61984 25.6
      vertex 20.6901 3.62509 25.15
      vertex 20.7174 3.61984 25.15
    endloop
  endfacet
  facet normal -0.172122 -0.985076 0
    outer loop
      vertex 20.6624 3.62993 25.15
      vertex 20.6901 3.62509 25.6
      vertex 20.6624 3.62993 25.6
    endloop
  endfacet
  facet normal -0.172122 -0.985076 -0
    outer loop
      vertex 20.6901 3.62509 25.6
      vertex 20.6624 3.62993 25.15
      vertex 20.6901 3.62509 25.15
    endloop
  endfacet
  facet normal -0.154313 -0.988022 0
    outer loop
      vertex 20.6341 3.63435 25.15
      vertex 20.6624 3.62993 25.6
      vertex 20.6341 3.63435 25.6
    endloop
  endfacet
  facet normal -0.154313 -0.988022 -0
    outer loop
      vertex 20.6624 3.62993 25.6
      vertex 20.6341 3.63435 25.15
      vertex 20.6624 3.62993 25.15
    endloop
  endfacet
  facet normal -0.137906 -0.990445 0
    outer loop
      vertex 20.6053 3.63836 25.15
      vertex 20.6341 3.63435 25.6
      vertex 20.6053 3.63836 25.6
    endloop
  endfacet
  facet normal -0.137906 -0.990445 -0
    outer loop
      vertex 20.6341 3.63435 25.6
      vertex 20.6053 3.63836 25.15
      vertex 20.6341 3.63435 25.15
    endloop
  endfacet
  facet normal -0.122361 -0.992486 0
    outer loop
      vertex 20.5761 3.64196 25.15
      vertex 20.6053 3.63836 25.6
      vertex 20.5761 3.64196 25.6
    endloop
  endfacet
  facet normal -0.122361 -0.992486 -0
    outer loop
      vertex 20.6053 3.63836 25.6
      vertex 20.5761 3.64196 25.15
      vertex 20.6053 3.63836 25.15
    endloop
  endfacet
  facet normal -1 0 0
    outer loop
      vertex 20.5761 3.64196 25.15
      vertex 20.5761 3.6528 25.6
      vertex 20.5761 3.6528 25.15
    endloop
  endfacet
  facet normal -1 -0 0
    outer loop
      vertex 20.5761 3.6528 25.6
      vertex 20.5761 3.64196 25.15
      vertex 20.5761 3.64196 25.6
    endloop
  endfacet
  facet normal -0.196476 0.980509 0
    outer loop
      vertex 20.6023 3.65805 25.15
      vertex 20.5761 3.6528 25.6
      vertex 20.6023 3.65805 25.6
    endloop
  endfacet
  facet normal -0.196476 0.980509 0
    outer loop
      vertex 20.5761 3.6528 25.6
      vertex 20.6023 3.65805 25.15
      vertex 20.5761 3.6528 25.15
    endloop
  endfacet
  facet normal -0.211391 0.977401 0
    outer loop
      vertex 20.6281 3.66363 25.15
      vertex 20.6023 3.65805 25.6
      vertex 20.6281 3.66363 25.6
    endloop
  endfacet
  facet normal -0.211391 0.977401 0
    outer loop
      vertex 20.6023 3.65805 25.6
      vertex 20.6281 3.66363 25.15
      vertex 20.6023 3.65805 25.15
    endloop
  endfacet
  facet normal -0.227473 0.973784 0
    outer loop
      vertex 20.6534 3.66954 25.15
      vertex 20.6281 3.66363 25.6
      vertex 20.6534 3.66954 25.6
    endloop
  endfacet
  facet normal -0.227473 0.973784 0
    outer loop
      vertex 20.6281 3.66363 25.6
      vertex 20.6534 3.66954 25.15
      vertex 20.6281 3.66363 25.15
    endloop
  endfacet
  facet normal -0.242352 0.970188 0
    outer loop
      vertex 20.6783 3.67576 25.15
      vertex 20.6534 3.66954 25.6
      vertex 20.6783 3.67576 25.6
    endloop
  endfacet
  facet normal -0.242352 0.970188 0
    outer loop
      vertex 20.6534 3.66954 25.6
      vertex 20.6783 3.67576 25.15
      vertex 20.6534 3.66954 25.15
    endloop
  endfacet
  facet normal -0.260371 0.965509 0
    outer loop
      vertex 20.7027 3.68234 25.15
      vertex 20.6783 3.67576 25.6
      vertex 20.7027 3.68234 25.6
    endloop
  endfacet
  facet normal -0.260371 0.965509 0
    outer loop
      vertex 20.6783 3.67576 25.6
      vertex 20.7027 3.68234 25.15
      vertex 20.6783 3.67576 25.15
    endloop
  endfacet
  facet normal -0.275567 0.961282 0
    outer loop
      vertex 20.7267 3.68922 25.15
      vertex 20.7027 3.68234 25.6
      vertex 20.7267 3.68922 25.6
    endloop
  endfacet
  facet normal -0.275567 0.961282 0
    outer loop
      vertex 20.7027 3.68234 25.6
      vertex 20.7267 3.68922 25.15
      vertex 20.7027 3.68234 25.15
    endloop
  endfacet
  facet normal -0.292548 0.956251 0
    outer loop
      vertex 20.7503 3.69644 25.15
      vertex 20.7267 3.68922 25.6
      vertex 20.7503 3.69644 25.6
    endloop
  endfacet
  facet normal -0.292548 0.956251 0
    outer loop
      vertex 20.7267 3.68922 25.6
      vertex 20.7503 3.69644 25.15
      vertex 20.7267 3.68922 25.15
    endloop
  endfacet
  facet normal -0.310667 0.950519 0
    outer loop
      vertex 20.7734 3.70399 25.15
      vertex 20.7503 3.69644 25.6
      vertex 20.7734 3.70399 25.6
    endloop
  endfacet
  facet normal -0.310667 0.950519 0
    outer loop
      vertex 20.7503 3.69644 25.6
      vertex 20.7734 3.70399 25.15
      vertex 20.7503 3.69644 25.15
    endloop
  endfacet
  facet normal -0.329234 0.944249 0
    outer loop
      vertex 20.796 3.71187 25.15
      vertex 20.7734 3.70399 25.6
      vertex 20.796 3.71187 25.6
    endloop
  endfacet
  facet normal -0.329234 0.944249 0
    outer loop
      vertex 20.7734 3.70399 25.6
      vertex 20.796 3.71187 25.15
      vertex 20.7734 3.70399 25.15
    endloop
  endfacet
  facet normal -0.34512 0.938559 0
    outer loop
      vertex 20.8183 3.72007 25.15
      vertex 20.796 3.71187 25.6
      vertex 20.8183 3.72007 25.6
    endloop
  endfacet
  facet normal -0.34512 0.938559 0
    outer loop
      vertex 20.796 3.71187 25.6
      vertex 20.8183 3.72007 25.15
      vertex 20.796 3.71187 25.15
    endloop
  endfacet
  facet normal -0.365838 0.930678 0
    outer loop
      vertex 20.84 3.7286 25.15
      vertex 20.8183 3.72007 25.6
      vertex 20.84 3.7286 25.6
    endloop
  endfacet
  facet normal -0.365838 0.930678 0
    outer loop
      vertex 20.8183 3.72007 25.6
      vertex 20.84 3.7286 25.15
      vertex 20.8183 3.72007 25.15
    endloop
  endfacet
  facet normal -0.382898 0.923791 0
    outer loop
      vertex 20.8614 3.73747 25.15
      vertex 20.84 3.7286 25.6
      vertex 20.8614 3.73747 25.6
    endloop
  endfacet
  facet normal -0.382898 0.923791 0
    outer loop
      vertex 20.84 3.7286 25.6
      vertex 20.8614 3.73747 25.15
      vertex 20.84 3.7286 25.15
    endloop
  endfacet
  facet normal -0.404138 0.914698 0
    outer loop
      vertex 20.8822 3.74666 25.15
      vertex 20.8614 3.73747 25.6
      vertex 20.8822 3.74666 25.6
    endloop
  endfacet
  facet normal -0.404138 0.914698 0
    outer loop
      vertex 20.8614 3.73747 25.6
      vertex 20.8822 3.74666 25.15
      vertex 20.8614 3.73747 25.15
    endloop
  endfacet
  facet normal -0.421189 0.906973 0
    outer loop
      vertex 20.9027 3.75618 25.15
      vertex 20.8822 3.74666 25.6
      vertex 20.9027 3.75618 25.6
    endloop
  endfacet
  facet normal -0.421189 0.906973 0
    outer loop
      vertex 20.8822 3.74666 25.6
      vertex 20.9027 3.75618 25.15
      vertex 20.8822 3.74666 25.15
    endloop
  endfacet
  facet normal -0.441823 0.897102 0
    outer loop
      vertex 20.9227 3.76603 25.15
      vertex 20.9027 3.75618 25.6
      vertex 20.9227 3.76603 25.6
    endloop
  endfacet
  facet normal -0.441823 0.897102 0
    outer loop
      vertex 20.9027 3.75618 25.6
      vertex 20.9227 3.76603 25.15
      vertex 20.9027 3.75618 25.15
    endloop
  endfacet
  facet normal -0.462426 0.886658 0
    outer loop
      vertex 20.9422 3.7762 25.15
      vertex 20.9227 3.76603 25.6
      vertex 20.9422 3.7762 25.6
    endloop
  endfacet
  facet normal -0.462426 0.886658 0
    outer loop
      vertex 20.9227 3.76603 25.6
      vertex 20.9422 3.7762 25.15
      vertex 20.9227 3.76603 25.15
    endloop
  endfacet
  facet normal -0.481037 0.8767 0
    outer loop
      vertex 20.9613 3.78668 25.15
      vertex 20.9422 3.7762 25.6
      vertex 20.9613 3.78668 25.6
    endloop
  endfacet
  facet normal -0.481037 0.8767 0
    outer loop
      vertex 20.9422 3.7762 25.6
      vertex 20.9613 3.78668 25.15
      vertex 20.9422 3.7762 25.15
    endloop
  endfacet
  facet normal -0.497687 0.867357 0
    outer loop
      vertex 20.98 3.79741 25.15
      vertex 20.9613 3.78668 25.6
      vertex 20.98 3.79741 25.6
    endloop
  endfacet
  facet normal -0.497687 0.867357 0
    outer loop
      vertex 20.9613 3.78668 25.6
      vertex 20.98 3.79741 25.15
      vertex 20.9613 3.78668 25.15
    endloop
  endfacet
  facet normal -0.514151 0.8577 0
    outer loop
      vertex 20.9983 3.80838 25.15
      vertex 20.98 3.79741 25.6
      vertex 20.9983 3.80838 25.6
    endloop
  endfacet
  facet normal -0.514151 0.8577 0
    outer loop
      vertex 20.98 3.79741 25.6
      vertex 20.9983 3.80838 25.15
      vertex 20.98 3.79741 25.15
    endloop
  endfacet
  facet normal -0.533582 0.845748 0
    outer loop
      vertex 21.0161 3.81961 25.15
      vertex 20.9983 3.80838 25.6
      vertex 21.0161 3.81961 25.6
    endloop
  endfacet
  facet normal -0.533582 0.845748 0
    outer loop
      vertex 20.9983 3.80838 25.6
      vertex 21.0161 3.81961 25.15
      vertex 20.9983 3.80838 25.15
    endloop
  endfacet
  facet normal -0.553255 0.833012 0
    outer loop
      vertex 21.0334 3.8311 25.15
      vertex 21.0161 3.81961 25.6
      vertex 21.0334 3.8311 25.6
    endloop
  endfacet
  facet normal -0.553255 0.833012 0
    outer loop
      vertex 21.0161 3.81961 25.6
      vertex 21.0334 3.8311 25.15
      vertex 21.0161 3.81961 25.15
    endloop
  endfacet
  facet normal -0.568581 0.822627 0
    outer loop
      vertex 21.0504 3.84285 25.15
      vertex 21.0334 3.8311 25.6
      vertex 21.0504 3.84285 25.6
    endloop
  endfacet
  facet normal -0.568581 0.822627 0
    outer loop
      vertex 21.0334 3.8311 25.6
      vertex 21.0504 3.84285 25.15
      vertex 21.0334 3.8311 25.15
    endloop
  endfacet
  facet normal -0.587851 0.808969 0
    outer loop
      vertex 21.0669 3.85484 25.15
      vertex 21.0504 3.84285 25.6
      vertex 21.0669 3.85484 25.6
    endloop
  endfacet
  facet normal -0.587851 0.808969 0
    outer loop
      vertex 21.0504 3.84285 25.6
      vertex 21.0669 3.85484 25.15
      vertex 21.0504 3.84285 25.15
    endloop
  endfacet
  facet normal -0.607911 0.794006 0
    outer loop
      vertex 21.0829 3.86709 25.15
      vertex 21.0669 3.85484 25.6
      vertex 21.0829 3.86709 25.6
    endloop
  endfacet
  facet normal -0.607911 0.794006 0
    outer loop
      vertex 21.0669 3.85484 25.6
      vertex 21.0829 3.86709 25.15
      vertex 21.0669 3.85484 25.15
    endloop
  endfacet
  facet normal -0.62287 0.782325 0
    outer loop
      vertex 21.0986 3.87959 25.15
      vertex 21.0829 3.86709 25.6
      vertex 21.0986 3.87959 25.6
    endloop
  endfacet
  facet normal -0.62287 0.782325 0
    outer loop
      vertex 21.0829 3.86709 25.6
      vertex 21.0986 3.87959 25.15
      vertex 21.0829 3.86709 25.15
    endloop
  endfacet
  facet normal -0.643251 0.765655 0
    outer loop
      vertex 21.1138 3.89236 25.15
      vertex 21.0986 3.87959 25.6
      vertex 21.1138 3.89236 25.6
    endloop
  endfacet
  facet normal -0.643251 0.765655 0
    outer loop
      vertex 21.0986 3.87959 25.6
      vertex 21.1138 3.89236 25.15
      vertex 21.0986 3.87959 25.15
    endloop
  endfacet
  facet normal -0.659941 0.751317 0
    outer loop
      vertex 21.1286 3.90536 25.15
      vertex 21.1138 3.89236 25.6
      vertex 21.1286 3.90536 25.6
    endloop
  endfacet
  facet normal -0.659941 0.751317 0
    outer loop
      vertex 21.1138 3.89236 25.6
      vertex 21.1286 3.90536 25.15
      vertex 21.1138 3.89236 25.15
    endloop
  endfacet
  facet normal -0.68049 0.732757 0
    outer loop
      vertex 21.1429 3.91864 25.15
      vertex 21.1286 3.90536 25.6
      vertex 21.1429 3.91864 25.6
    endloop
  endfacet
  facet normal -0.68049 0.732757 0
    outer loop
      vertex 21.1286 3.90536 25.6
      vertex 21.1429 3.91864 25.15
      vertex 21.1286 3.90536 25.15
    endloop
  endfacet
  facet normal -0.69724 0.716837 0
    outer loop
      vertex 21.1568 3.93216 25.15
      vertex 21.1429 3.91864 25.6
      vertex 21.1568 3.93216 25.6
    endloop
  endfacet
  facet normal -0.69724 0.716837 0
    outer loop
      vertex 21.1429 3.91864 25.6
      vertex 21.1568 3.93216 25.15
      vertex 21.1429 3.91864 25.15
    endloop
  endfacet
  facet normal -0.716923 0.697153 0
    outer loop
      vertex 21.1568 3.93216 25.15
      vertex 21.1702 3.94594 25.6
      vertex 21.1702 3.94594 25.15
    endloop
  endfacet
  facet normal -0.716923 0.697153 0
    outer loop
      vertex 21.1702 3.94594 25.6
      vertex 21.1568 3.93216 25.15
      vertex 21.1568 3.93216 25.6
    endloop
  endfacet
  facet normal -0.730674 0.682727 0
    outer loop
      vertex 21.1702 3.94594 25.15
      vertex 21.1833 3.95996 25.6
      vertex 21.1833 3.95996 25.15
    endloop
  endfacet
  facet normal -0.730674 0.682727 0
    outer loop
      vertex 21.1833 3.95996 25.6
      vertex 21.1702 3.94594 25.15
      vertex 21.1702 3.94594 25.6
    endloop
  endfacet
  facet normal -0.749838 0.661622 0
    outer loop
      vertex 21.1833 3.95996 25.15
      vertex 21.1959 3.97424 25.6
      vertex 21.1959 3.97424 25.15
    endloop
  endfacet
  facet normal -0.749838 0.661622 0
    outer loop
      vertex 21.1959 3.97424 25.6
      vertex 21.1833 3.95996 25.15
      vertex 21.1833 3.95996 25.6
    endloop
  endfacet
  facet normal -0.768438 0.639924 0
    outer loop
      vertex 21.1959 3.97424 25.15
      vertex 21.208 3.98877 25.6
      vertex 21.208 3.98877 25.15
    endloop
  endfacet
  facet normal -0.768438 0.639924 0
    outer loop
      vertex 21.208 3.98877 25.6
      vertex 21.1959 3.97424 25.15
      vertex 21.1959 3.97424 25.6
    endloop
  endfacet
  facet normal -0.780869 0.624695 0
    outer loop
      vertex 21.208 3.98877 25.15
      vertex 21.2198 4.00352 25.6
      vertex 21.2198 4.00352 25.15
    endloop
  endfacet
  facet normal -0.780869 0.624695 0
    outer loop
      vertex 21.2198 4.00352 25.6
      vertex 21.208 3.98877 25.15
      vertex 21.208 3.98877 25.6
    endloop
  endfacet
  facet normal -0.796162 0.605083 0
    outer loop
      vertex 21.2198 4.00352 25.15
      vertex 21.2312 4.01852 25.6
      vertex 21.2312 4.01852 25.15
    endloop
  endfacet
  facet normal -0.796162 0.605083 0
    outer loop
      vertex 21.2312 4.01852 25.6
      vertex 21.2198 4.00352 25.15
      vertex 21.2198 4.00352 25.6
    endloop
  endfacet
  facet normal -0.810665 0.58551 0
    outer loop
      vertex 21.2312 4.01852 25.15
      vertex 21.2422 4.03375 25.6
      vertex 21.2422 4.03375 25.15
    endloop
  endfacet
  facet normal -0.810665 0.58551 0
    outer loop
      vertex 21.2422 4.03375 25.6
      vertex 21.2312 4.01852 25.15
      vertex 21.2312 4.01852 25.6
    endloop
  endfacet
  facet normal -0.824757 0.565487 0
    outer loop
      vertex 21.2422 4.03375 25.15
      vertex 21.2528 4.04921 25.6
      vertex 21.2528 4.04921 25.15
    endloop
  endfacet
  facet normal -0.824757 0.565487 0
    outer loop
      vertex 21.2528 4.04921 25.6
      vertex 21.2422 4.03375 25.15
      vertex 21.2422 4.03375 25.6
    endloop
  endfacet
  facet normal -0.838248 0.545289 0
    outer loop
      vertex 21.2528 4.04921 25.15
      vertex 21.263 4.06489 25.6
      vertex 21.263 4.06489 25.15
    endloop
  endfacet
  facet normal -0.838248 0.545289 0
    outer loop
      vertex 21.263 4.06489 25.6
      vertex 21.2528 4.04921 25.15
      vertex 21.2528 4.04921 25.6
    endloop
  endfacet
  facet normal -0.849343 0.527841 0
    outer loop
      vertex 21.263 4.06489 25.15
      vertex 21.2729 4.08082 25.6
      vertex 21.2729 4.08082 25.15
    endloop
  endfacet
  facet normal -0.849343 0.527841 0
    outer loop
      vertex 21.2729 4.08082 25.6
      vertex 21.263 4.06489 25.15
      vertex 21.263 4.06489 25.6
    endloop
  endfacet
  facet normal -0.864399 0.502806 0
    outer loop
      vertex 21.2729 4.08082 25.15
      vertex 21.2823 4.09698 25.6
      vertex 21.2823 4.09698 25.15
    endloop
  endfacet
  facet normal -0.864399 0.502806 0
    outer loop
      vertex 21.2823 4.09698 25.6
      vertex 21.2729 4.08082 25.15
      vertex 21.2729 4.08082 25.6
    endloop
  endfacet
  facet normal -0.874283 0.485416 0
    outer loop
      vertex 21.2823 4.09698 25.15
      vertex 21.2914 4.11337 25.6
      vertex 21.2914 4.11337 25.15
    endloop
  endfacet
  facet normal -0.874283 0.485416 0
    outer loop
      vertex 21.2914 4.11337 25.6
      vertex 21.2823 4.09698 25.15
      vertex 21.2823 4.09698 25.6
    endloop
  endfacet
  facet normal -0.888255 0.45935 0
    outer loop
      vertex 21.2914 4.11337 25.15
      vertex 21.3 4.13 25.6
      vertex 21.3 4.13 25.15
    endloop
  endfacet
  facet normal -0.888255 0.45935 0
    outer loop
      vertex 21.3 4.13 25.6
      vertex 21.2914 4.11337 25.15
      vertex 21.2914 4.11337 25.6
    endloop
  endfacet
  facet normal -0.897177 0.441671 0
    outer loop
      vertex 21.3 4.13 25.15
      vertex 21.3083 4.14686 25.6
      vertex 21.3083 4.14686 25.15
    endloop
  endfacet
  facet normal -0.897177 0.441671 0
    outer loop
      vertex 21.3083 4.14686 25.6
      vertex 21.3 4.13 25.15
      vertex 21.3 4.13 25.6
    endloop
  endfacet
  facet normal -0.909727 0.415206 0
    outer loop
      vertex 21.3083 4.14686 25.15
      vertex 21.3161 4.16395 25.6
      vertex 21.3161 4.16395 25.15
    endloop
  endfacet
  facet normal -0.909727 0.415206 0
    outer loop
      vertex 21.3161 4.16395 25.6
      vertex 21.3083 4.14686 25.15
      vertex 21.3083 4.14686 25.6
    endloop
  endfacet
  facet normal -0.917659 0.39737 0
    outer loop
      vertex 21.3161 4.16395 25.15
      vertex 21.3236 4.18127 25.6
      vertex 21.3236 4.18127 25.15
    endloop
  endfacet
  facet normal -0.917659 0.39737 0
    outer loop
      vertex 21.3236 4.18127 25.6
      vertex 21.3161 4.16395 25.15
      vertex 21.3161 4.16395 25.6
    endloop
  endfacet
  facet normal -0.927087 0.374847 0
    outer loop
      vertex 21.3236 4.18127 25.15
      vertex 21.3307 4.19883 25.6
      vertex 21.3307 4.19883 25.15
    endloop
  endfacet
  facet normal -0.927087 0.374847 0
    outer loop
      vertex 21.3307 4.19883 25.6
      vertex 21.3236 4.18127 25.15
      vertex 21.3236 4.18127 25.6
    endloop
  endfacet
  facet normal -0.935896 0.352276 0
    outer loop
      vertex 21.3307 4.19883 25.15
      vertex 21.3374 4.21663 25.6
      vertex 21.3374 4.21663 25.15
    endloop
  endfacet
  facet normal -0.935896 0.352276 0
    outer loop
      vertex 21.3374 4.21663 25.6
      vertex 21.3307 4.19883 25.15
      vertex 21.3307 4.19883 25.6
    endloop
  endfacet
  facet normal -0.943973 0.330024 0
    outer loop
      vertex 21.3374 4.21663 25.15
      vertex 21.3437 4.23465 25.6
      vertex 21.3437 4.23465 25.15
    endloop
  endfacet
  facet normal -0.943973 0.330024 0
    outer loop
      vertex 21.3437 4.23465 25.6
      vertex 21.3374 4.21663 25.15
      vertex 21.3374 4.21663 25.6
    endloop
  endfacet
  facet normal -0.951364 0.308071 0
    outer loop
      vertex 21.3437 4.23465 25.15
      vertex 21.3496 4.25287 25.6
      vertex 21.3496 4.25287 25.15
    endloop
  endfacet
  facet normal -0.951364 0.308071 0
    outer loop
      vertex 21.3496 4.25287 25.6
      vertex 21.3437 4.23465 25.15
      vertex 21.3437 4.23465 25.6
    endloop
  endfacet
  facet normal -0.958155 0.286249 0
    outer loop
      vertex 21.3496 4.25287 25.15
      vertex 21.3551 4.27128 25.6
      vertex 21.3551 4.27128 25.15
    endloop
  endfacet
  facet normal -0.958155 0.286249 0
    outer loop
      vertex 21.3551 4.27128 25.6
      vertex 21.3496 4.25287 25.15
      vertex 21.3496 4.25287 25.6
    endloop
  endfacet
  facet normal -0.963034 0.26938 0
    outer loop
      vertex 21.3551 4.27128 25.15
      vertex 21.3603 4.28987 25.6
      vertex 21.3603 4.28987 25.15
    endloop
  endfacet
  facet normal -0.963034 0.26938 0
    outer loop
      vertex 21.3603 4.28987 25.6
      vertex 21.3551 4.27128 25.15
      vertex 21.3551 4.27128 25.6
    endloop
  endfacet
  facet normal -0.970051 0.2429 0
    outer loop
      vertex 21.3603 4.28987 25.15
      vertex 21.365 4.30864 25.6
      vertex 21.365 4.30864 25.15
    endloop
  endfacet
  facet normal -0.970051 0.2429 0
    outer loop
      vertex 21.365 4.30864 25.6
      vertex 21.3603 4.28987 25.15
      vertex 21.3603 4.28987 25.6
    endloop
  endfacet
  facet normal -0.974087 0.226173 0
    outer loop
      vertex 21.365 4.30864 25.15
      vertex 21.3694 4.32759 25.6
      vertex 21.3694 4.32759 25.15
    endloop
  endfacet
  facet normal -0.974087 0.226173 0
    outer loop
      vertex 21.3694 4.32759 25.6
      vertex 21.365 4.30864 25.15
      vertex 21.365 4.30864 25.6
    endloop
  endfacet
  facet normal -0.978831 0.204669 0
    outer loop
      vertex 21.3694 4.32759 25.15
      vertex 21.3734 4.34672 25.6
      vertex 21.3734 4.34672 25.15
    endloop
  endfacet
  facet normal -0.978831 0.204669 0
    outer loop
      vertex 21.3734 4.34672 25.6
      vertex 21.3694 4.32759 25.15
      vertex 21.3694 4.32759 25.6
    endloop
  endfacet
  facet normal -0.983045 0.183366 0
    outer loop
      vertex 21.3734 4.34672 25.15
      vertex 21.377 4.36602 25.6
      vertex 21.377 4.36602 25.15
    endloop
  endfacet
  facet normal -0.983045 0.183366 0
    outer loop
      vertex 21.377 4.36602 25.6
      vertex 21.3734 4.34672 25.15
      vertex 21.3734 4.34672 25.6
    endloop
  endfacet
  facet normal -0.985995 0.166775 0
    outer loop
      vertex 21.377 4.36602 25.15
      vertex 21.3803 4.38553 25.6
      vertex 21.3803 4.38553 25.15
    endloop
  endfacet
  facet normal -0.985995 0.166775 0
    outer loop
      vertex 21.3803 4.38553 25.6
      vertex 21.377 4.36602 25.15
      vertex 21.377 4.36602 25.6
    endloop
  endfacet
  facet normal -0.99001 0.140998 0
    outer loop
      vertex 21.3803 4.38553 25.15
      vertex 21.3831 4.40519 25.6
      vertex 21.3831 4.40519 25.15
    endloop
  endfacet
  facet normal -0.99001 0.140998 0
    outer loop
      vertex 21.3831 4.40519 25.6
      vertex 21.3803 4.38553 25.15
      vertex 21.3803 4.38553 25.6
    endloop
  endfacet
  facet normal -0.99217 0.124896 0
    outer loop
      vertex 21.3831 4.40519 25.15
      vertex 21.3856 4.42505 25.6
      vertex 21.3856 4.42505 25.15
    endloop
  endfacet
  facet normal -0.99217 0.124896 0
    outer loop
      vertex 21.3856 4.42505 25.6
      vertex 21.3831 4.40519 25.15
      vertex 21.3831 4.40519 25.6
    endloop
  endfacet
  facet normal -0.994543 0.104323 0
    outer loop
      vertex 21.3856 4.42505 25.15
      vertex 21.3877 4.44507 25.6
      vertex 21.3877 4.44507 25.15
    endloop
  endfacet
  facet normal -0.994543 0.104323 0
    outer loop
      vertex 21.3877 4.44507 25.6
      vertex 21.3856 4.42505 25.15
      vertex 21.3856 4.42505 25.6
    endloop
  endfacet
  facet normal -0.996057 0.0887137 0
    outer loop
      vertex 21.3877 4.44507 25.15
      vertex 21.3895 4.46528 25.6
      vertex 21.3895 4.46528 25.15
    endloop
  endfacet
  facet normal -0.996057 0.0887137 0
    outer loop
      vertex 21.3895 4.46528 25.6
      vertex 21.3877 4.44507 25.15
      vertex 21.3877 4.44507 25.6
    endloop
  endfacet
  facet normal -0.997974 0.0636276 0
    outer loop
      vertex 21.3895 4.46528 25.15
      vertex 21.3908 4.48567 25.6
      vertex 21.3908 4.48567 25.15
    endloop
  endfacet
  facet normal -0.997974 0.0636276 0
    outer loop
      vertex 21.3908 4.48567 25.6
      vertex 21.3895 4.46528 25.15
      vertex 21.3895 4.46528 25.6
    endloop
  endfacet
  facet normal -0.999044 0.0437112 0
    outer loop
      vertex 21.3908 4.48567 25.15
      vertex 21.3917 4.50624 25.6
      vertex 21.3917 4.50624 25.15
    endloop
  endfacet
  facet normal -0.999044 0.0437112 0
    outer loop
      vertex 21.3917 4.50624 25.6
      vertex 21.3908 4.48567 25.15
      vertex 21.3908 4.48567 25.6
    endloop
  endfacet
  facet normal -0.999582 0.0289036 0
    outer loop
      vertex 21.3917 4.50624 25.15
      vertex 21.3923 4.52699 25.6
      vertex 21.3923 4.52699 25.15
    endloop
  endfacet
  facet normal -0.999582 0.0289036 0
    outer loop
      vertex 21.3923 4.52699 25.6
      vertex 21.3917 4.50624 25.15
      vertex 21.3917 4.50624 25.6
    endloop
  endfacet
  facet normal -0.999954 0.00955523 0
    outer loop
      vertex 21.3923 4.52699 25.15
      vertex 21.3925 4.54792 25.6
      vertex 21.3925 4.54792 25.15
    endloop
  endfacet
  facet normal -0.999954 0.00955523 0
    outer loop
      vertex 21.3925 4.54792 25.6
      vertex 21.3923 4.52699 25.15
      vertex 21.3923 4.52699 25.6
    endloop
  endfacet
  facet normal -0.999934 -0.0115288 0
    outer loop
      vertex 21.3925 4.54792 25.15
      vertex 21.3922 4.57394 25.6
      vertex 21.3922 4.57394 25.15
    endloop
  endfacet
  facet normal -0.999934 -0.0115288 0
    outer loop
      vertex 21.3922 4.57394 25.6
      vertex 21.3925 4.54792 25.15
      vertex 21.3925 4.54792 25.6
    endloop
  endfacet
  facet normal -0.99952 -0.0309689 0
    outer loop
      vertex 21.3922 4.57394 25.15
      vertex 21.3914 4.59976 25.6
      vertex 21.3914 4.59976 25.15
    endloop
  endfacet
  facet normal -0.99952 -0.0309689 0
    outer loop
      vertex 21.3914 4.59976 25.6
      vertex 21.3922 4.57394 25.15
      vertex 21.3922 4.57394 25.6
    endloop
  endfacet
  facet normal -0.998292 -0.0584252 0
    outer loop
      vertex 21.3914 4.59976 25.15
      vertex 21.3899 4.62539 25.6
      vertex 21.3899 4.62539 25.15
    endloop
  endfacet
  facet normal -0.998292 -0.0584252 0
    outer loop
      vertex 21.3899 4.62539 25.6
      vertex 21.3914 4.59976 25.15
      vertex 21.3914 4.59976 25.6
    endloop
  endfacet
  facet normal -0.996924 -0.0783745 0
    outer loop
      vertex 21.3899 4.62539 25.15
      vertex 21.3879 4.65083 25.6
      vertex 21.3879 4.65083 25.15
    endloop
  endfacet
  facet normal -0.996924 -0.0783745 0
    outer loop
      vertex 21.3879 4.65083 25.6
      vertex 21.3899 4.62539 25.15
      vertex 21.3899 4.62539 25.6
    endloop
  endfacet
  facet normal -0.99474 -0.102429 0
    outer loop
      vertex 21.3879 4.65083 25.15
      vertex 21.3853 4.67608 25.6
      vertex 21.3853 4.67608 25.15
    endloop
  endfacet
  facet normal -0.99474 -0.102429 0
    outer loop
      vertex 21.3853 4.67608 25.6
      vertex 21.3879 4.65083 25.15
      vertex 21.3879 4.65083 25.6
    endloop
  endfacet
  facet normal -0.992435 -0.122767 0
    outer loop
      vertex 21.3853 4.67608 25.15
      vertex 21.3822 4.70114 25.6
      vertex 21.3822 4.70114 25.15
    endloop
  endfacet
  facet normal -0.992435 -0.122767 0
    outer loop
      vertex 21.3822 4.70114 25.6
      vertex 21.3853 4.67608 25.15
      vertex 21.3853 4.67608 25.6
    endloop
  endfacet
  facet normal -0.989114 -0.147154 0
    outer loop
      vertex 21.3822 4.70114 25.15
      vertex 21.3785 4.72601 25.6
      vertex 21.3785 4.72601 25.15
    endloop
  endfacet
  facet normal -0.989114 -0.147154 0
    outer loop
      vertex 21.3785 4.72601 25.6
      vertex 21.3822 4.70114 25.15
      vertex 21.3822 4.70114 25.6
    endloop
  endfacet
  facet normal -0.985171 -0.171577 0
    outer loop
      vertex 21.3785 4.72601 25.15
      vertex 21.3742 4.7507 25.6
      vertex 21.3742 4.7507 25.15
    endloop
  endfacet
  facet normal -0.985171 -0.171577 0
    outer loop
      vertex 21.3742 4.7507 25.6
      vertex 21.3785 4.72601 25.15
      vertex 21.3785 4.72601 25.6
    endloop
  endfacet
  facet normal -0.980534 -0.196347 0
    outer loop
      vertex 21.3742 4.7507 25.15
      vertex 21.3693 4.77517 25.6
      vertex 21.3693 4.77517 25.15
    endloop
  endfacet
  facet normal -0.980534 -0.196347 0
    outer loop
      vertex 21.3693 4.77517 25.6
      vertex 21.3742 4.7507 25.15
      vertex 21.3742 4.7507 25.6
    endloop
  endfacet
  facet normal -0.976206 -0.216845 0
    outer loop
      vertex 21.3693 4.77517 25.15
      vertex 21.3639 4.79948 25.6
      vertex 21.3639 4.79948 25.15
    endloop
  endfacet
  facet normal -0.976206 -0.216845 0
    outer loop
      vertex 21.3639 4.79948 25.6
      vertex 21.3693 4.77517 25.15
      vertex 21.3693 4.77517 25.6
    endloop
  endfacet
  facet normal -0.970379 -0.241588 0
    outer loop
      vertex 21.3639 4.79948 25.15
      vertex 21.3579 4.82358 25.6
      vertex 21.3579 4.82358 25.15
    endloop
  endfacet
  facet normal -0.970379 -0.241588 0
    outer loop
      vertex 21.3579 4.82358 25.6
      vertex 21.3639 4.79948 25.15
      vertex 21.3639 4.79948 25.6
    endloop
  endfacet
  facet normal -0.963978 -0.265981 0
    outer loop
      vertex 21.3579 4.82358 25.15
      vertex 21.3513 4.8475 25.6
      vertex 21.3513 4.8475 25.15
    endloop
  endfacet
  facet normal -0.963978 -0.265981 0
    outer loop
      vertex 21.3513 4.8475 25.6
      vertex 21.3579 4.82358 25.15
      vertex 21.3579 4.82358 25.6
    endloop
  endfacet
  facet normal -0.956855 -0.290567 0
    outer loop
      vertex 21.3513 4.8475 25.15
      vertex 21.3441 4.87121 25.6
      vertex 21.3441 4.87121 25.15
    endloop
  endfacet
  facet normal -0.956855 -0.290567 0
    outer loop
      vertex 21.3441 4.87121 25.6
      vertex 21.3513 4.8475 25.15
      vertex 21.3513 4.8475 25.6
    endloop
  endfacet
  facet normal -0.950484 -0.310774 0
    outer loop
      vertex 21.3441 4.87121 25.15
      vertex 21.3364 4.89476 25.6
      vertex 21.3364 4.89476 25.15
    endloop
  endfacet
  facet normal -0.950484 -0.310774 0
    outer loop
      vertex 21.3364 4.89476 25.6
      vertex 21.3441 4.87121 25.15
      vertex 21.3441 4.87121 25.6
    endloop
  endfacet
  facet normal -0.942152 -0.335185 0
    outer loop
      vertex 21.3364 4.89476 25.15
      vertex 21.3281 4.91809 25.6
      vertex 21.3281 4.91809 25.15
    endloop
  endfacet
  facet normal -0.942152 -0.335185 0
    outer loop
      vertex 21.3281 4.91809 25.6
      vertex 21.3364 4.89476 25.15
      vertex 21.3364 4.89476 25.6
    endloop
  endfacet
  facet normal -0.934743 -0.355324 0
    outer loop
      vertex 21.3281 4.91809 25.15
      vertex 21.3193 4.94124 25.6
      vertex 21.3193 4.94124 25.15
    endloop
  endfacet
  facet normal -0.934743 -0.355324 0
    outer loop
      vertex 21.3193 4.94124 25.6
      vertex 21.3281 4.91809 25.15
      vertex 21.3281 4.91809 25.6
    endloop
  endfacet
  facet normal -0.923554 -0.383469 0
    outer loop
      vertex 21.3193 4.94124 25.15
      vertex 21.3098 4.96412 25.6
      vertex 21.3098 4.96412 25.15
    endloop
  endfacet
  facet normal -0.923554 -0.383469 0
    outer loop
      vertex 21.3098 4.96412 25.6
      vertex 21.3193 4.94124 25.15
      vertex 21.3193 4.94124 25.6
    endloop
  endfacet
  facet normal -0.912368 -0.40937 0
    outer loop
      vertex 21.3098 4.96412 25.15
      vertex 21.2997 4.98663 25.6
      vertex 21.2997 4.98663 25.15
    endloop
  endfacet
  facet normal -0.912368 -0.40937 0
    outer loop
      vertex 21.2997 4.98663 25.6
      vertex 21.3098 4.96412 25.15
      vertex 21.3098 4.96412 25.6
    endloop
  endfacet
  facet normal -0.898924 -0.438104 0
    outer loop
      vertex 21.2997 4.98663 25.15
      vertex 21.2889 5.00879 25.6
      vertex 21.2889 5.00879 25.15
    endloop
  endfacet
  facet normal -0.898924 -0.438104 0
    outer loop
      vertex 21.2889 5.00879 25.6
      vertex 21.2997 4.98663 25.15
      vertex 21.2997 4.98663 25.6
    endloop
  endfacet
  facet normal -0.88773 -0.460365 0
    outer loop
      vertex 21.2889 5.00879 25.15
      vertex 21.2776 5.03058 25.6
      vertex 21.2776 5.03058 25.15
    endloop
  endfacet
  facet normal -0.88773 -0.460365 0
    outer loop
      vertex 21.2776 5.03058 25.6
      vertex 21.2889 5.00879 25.15
      vertex 21.2889 5.00879 25.6
    endloop
  endfacet
  facet normal -0.870782 -0.491669 0
    outer loop
      vertex 21.2776 5.03058 25.15
      vertex 21.2655 5.05201 25.6
      vertex 21.2655 5.05201 25.15
    endloop
  endfacet
  facet normal -0.870782 -0.491669 0
    outer loop
      vertex 21.2655 5.05201 25.6
      vertex 21.2776 5.03058 25.15
      vertex 21.2776 5.03058 25.6
    endloop
  endfacet
  facet normal -0.858354 -0.513058 0
    outer loop
      vertex 21.2655 5.05201 25.15
      vertex 21.2529 5.07309 25.6
      vertex 21.2529 5.07309 25.15
    endloop
  endfacet
  facet normal -0.858354 -0.513058 0
    outer loop
      vertex 21.2529 5.07309 25.6
      vertex 21.2655 5.05201 25.15
      vertex 21.2655 5.05201 25.6
    endloop
  endfacet
  facet normal -0.841311 -0.540552 0
    outer loop
      vertex 21.2529 5.07309 25.15
      vertex 21.2396 5.09379 25.6
      vertex 21.2396 5.09379 25.15
    endloop
  endfacet
  facet normal -0.841311 -0.540552 0
    outer loop
      vertex 21.2396 5.09379 25.6
      vertex 21.2529 5.07309 25.15
      vertex 21.2529 5.07309 25.6
    endloop
  endfacet
  facet normal -0.825884 -0.56384 0
    outer loop
      vertex 21.2396 5.09379 25.15
      vertex 21.2257 5.11415 25.6
      vertex 21.2257 5.11415 25.15
    endloop
  endfacet
  facet normal -0.825884 -0.56384 0
    outer loop
      vertex 21.2257 5.11415 25.6
      vertex 21.2396 5.09379 25.15
      vertex 21.2396 5.09379 25.6
    endloop
  endfacet
  facet normal -0.807687 -0.589612 0
    outer loop
      vertex 21.2257 5.11415 25.15
      vertex 21.2111 5.13415 25.6
      vertex 21.2111 5.13415 25.15
    endloop
  endfacet
  facet normal -0.807687 -0.589612 0
    outer loop
      vertex 21.2111 5.13415 25.6
      vertex 21.2257 5.11415 25.15
      vertex 21.2257 5.11415 25.6
    endloop
  endfacet
  facet normal -0.790673 -0.612238 0
    outer loop
      vertex 21.2111 5.13415 25.15
      vertex 21.1959 5.15378 25.6
      vertex 21.1959 5.15378 25.15
    endloop
  endfacet
  facet normal -0.790673 -0.612238 0
    outer loop
      vertex 21.1959 5.15378 25.6
      vertex 21.2111 5.13415 25.15
      vertex 21.2111 5.13415 25.6
    endloop
  endfacet
  facet normal -0.773295 -0.634046 0
    outer loop
      vertex 21.1959 5.15378 25.15
      vertex 21.1801 5.17305 25.6
      vertex 21.1801 5.17305 25.15
    endloop
  endfacet
  facet normal -0.773295 -0.634046 0
    outer loop
      vertex 21.1801 5.17305 25.6
      vertex 21.1959 5.15378 25.15
      vertex 21.1959 5.15378 25.6
    endloop
  endfacet
  facet normal -0.753317 -0.657658 0
    outer loop
      vertex 21.1801 5.17305 25.15
      vertex 21.1636 5.19195 25.6
      vertex 21.1636 5.19195 25.15
    endloop
  endfacet
  facet normal -0.753317 -0.657658 0
    outer loop
      vertex 21.1636 5.19195 25.6
      vertex 21.1801 5.17305 25.15
      vertex 21.1801 5.17305 25.6
    endloop
  endfacet
  facet normal -0.735441 -0.677589 0
    outer loop
      vertex 21.1636 5.19195 25.15
      vertex 21.1465 5.21051 25.6
      vertex 21.1465 5.21051 25.15
    endloop
  endfacet
  facet normal -0.735441 -0.677589 0
    outer loop
      vertex 21.1465 5.21051 25.6
      vertex 21.1636 5.19195 25.15
      vertex 21.1636 5.19195 25.6
    endloop
  endfacet
  facet normal -0.716694 -0.697388 0
    outer loop
      vertex 21.1465 5.21051 25.15
      vertex 21.1288 5.2287 25.6
      vertex 21.1288 5.2287 25.15
    endloop
  endfacet
  facet normal -0.716694 -0.697388 0
    outer loop
      vertex 21.1288 5.2287 25.6
      vertex 21.1465 5.21051 25.15
      vertex 21.1465 5.21051 25.6
    endloop
  endfacet
  facet normal -0.695896 -0.718143 0
    outer loop
      vertex 21.1104 5.24653 25.15
      vertex 21.1288 5.2287 25.6
      vertex 21.1104 5.24653 25.6
    endloop
  endfacet
  facet normal -0.695896 -0.718143 -0
    outer loop
      vertex 21.1288 5.2287 25.6
      vertex 21.1104 5.24653 25.15
      vertex 21.1288 5.2287 25.15
    endloop
  endfacet
  facet normal -0.676847 -0.736124 0
    outer loop
      vertex 21.0914 5.264 25.15
      vertex 21.1104 5.24653 25.6
      vertex 21.0914 5.264 25.6
    endloop
  endfacet
  facet normal -0.676847 -0.736124 -0
    outer loop
      vertex 21.1104 5.24653 25.6
      vertex 21.0914 5.264 25.15
      vertex 21.1104 5.24653 25.15
    endloop
  endfacet
  facet normal -0.656978 -0.75391 0
    outer loop
      vertex 21.0718 5.28108 25.15
      vertex 21.0914 5.264 25.6
      vertex 21.0718 5.28108 25.6
    endloop
  endfacet
  facet normal -0.656978 -0.75391 -0
    outer loop
      vertex 21.0914 5.264 25.6
      vertex 21.0718 5.28108 25.15
      vertex 21.0914 5.264 25.15
    endloop
  endfacet
  facet normal -0.631622 -0.775276 0
    outer loop
      vertex 21.0514 5.2977 25.15
      vertex 21.0718 5.28108 25.6
      vertex 21.0514 5.2977 25.6
    endloop
  endfacet
  facet normal -0.631622 -0.775276 -0
    outer loop
      vertex 21.0718 5.28108 25.6
      vertex 21.0514 5.2977 25.15
      vertex 21.0718 5.28108 25.15
    endloop
  endfacet
  facet normal -0.610567 -0.791965 0
    outer loop
      vertex 21.0304 5.31389 25.15
      vertex 21.0514 5.2977 25.6
      vertex 21.0304 5.31389 25.6
    endloop
  endfacet
  facet normal -0.610567 -0.791965 -0
    outer loop
      vertex 21.0514 5.2977 25.6
      vertex 21.0304 5.31389 25.15
      vertex 21.0514 5.2977 25.15
    endloop
  endfacet
  facet normal -0.586906 -0.809655 0
    outer loop
      vertex 21.0087 5.32962 25.15
      vertex 21.0304 5.31389 25.6
      vertex 21.0087 5.32962 25.6
    endloop
  endfacet
  facet normal -0.586906 -0.809655 -0
    outer loop
      vertex 21.0304 5.31389 25.6
      vertex 21.0087 5.32962 25.15
      vertex 21.0304 5.31389 25.15
    endloop
  endfacet
  facet normal -0.563772 -0.825931 0
    outer loop
      vertex 20.9863 5.34491 25.15
      vertex 21.0087 5.32962 25.6
      vertex 20.9863 5.34491 25.6
    endloop
  endfacet
  facet normal -0.563772 -0.825931 -0
    outer loop
      vertex 21.0087 5.32962 25.6
      vertex 20.9863 5.34491 25.15
      vertex 21.0087 5.32962 25.15
    endloop
  endfacet
  facet normal -0.54216 -0.840275 0
    outer loop
      vertex 20.9633 5.35975 25.15
      vertex 20.9863 5.34491 25.6
      vertex 20.9633 5.35975 25.6
    endloop
  endfacet
  facet normal -0.54216 -0.840275 -0
    outer loop
      vertex 20.9863 5.34491 25.6
      vertex 20.9633 5.35975 25.15
      vertex 20.9863 5.34491 25.15
    endloop
  endfacet
  facet normal -0.517927 -0.855425 0
    outer loop
      vertex 20.9395 5.37416 25.15
      vertex 20.9633 5.35975 25.6
      vertex 20.9395 5.37416 25.6
    endloop
  endfacet
  facet normal -0.517927 -0.855425 -0
    outer loop
      vertex 20.9633 5.35975 25.6
      vertex 20.9395 5.37416 25.15
      vertex 20.9633 5.35975 25.15
    endloop
  endfacet
  facet normal -0.496599 -0.86798 0
    outer loop
      vertex 20.9151 5.38812 25.15
      vertex 20.9395 5.37416 25.6
      vertex 20.9151 5.38812 25.6
    endloop
  endfacet
  facet normal -0.496599 -0.86798 -0
    outer loop
      vertex 20.9395 5.37416 25.6
      vertex 20.9151 5.38812 25.15
      vertex 20.9395 5.37416 25.15
    endloop
  endfacet
  facet normal -0.473681 -0.880696 0
    outer loop
      vertex 20.89 5.40162 25.15
      vertex 20.9151 5.38812 25.6
      vertex 20.89 5.40162 25.6
    endloop
  endfacet
  facet normal -0.473681 -0.880696 -0
    outer loop
      vertex 20.9151 5.38812 25.6
      vertex 20.89 5.40162 25.15
      vertex 20.9151 5.38812 25.15
    endloop
  endfacet
  facet normal -0.45191 -0.892064 0
    outer loop
      vertex 20.8642 5.41469 25.15
      vertex 20.89 5.40162 25.6
      vertex 20.8642 5.41469 25.6
    endloop
  endfacet
  facet normal -0.45191 -0.892064 -0
    outer loop
      vertex 20.89 5.40162 25.6
      vertex 20.8642 5.41469 25.15
      vertex 20.89 5.40162 25.15
    endloop
  endfacet
  facet normal -0.431008 -0.902348 0
    outer loop
      vertex 20.8378 5.4273 25.15
      vertex 20.8642 5.41469 25.6
      vertex 20.8378 5.4273 25.6
    endloop
  endfacet
  facet normal -0.431008 -0.902348 -0
    outer loop
      vertex 20.8642 5.41469 25.6
      vertex 20.8378 5.4273 25.15
      vertex 20.8642 5.41469 25.15
    endloop
  endfacet
  facet normal -0.409945 -0.91211 0
    outer loop
      vertex 20.8107 5.43948 25.15
      vertex 20.8378 5.4273 25.6
      vertex 20.8107 5.43948 25.6
    endloop
  endfacet
  facet normal -0.409945 -0.91211 -0
    outer loop
      vertex 20.8378 5.4273 25.6
      vertex 20.8107 5.43948 25.15
      vertex 20.8378 5.4273 25.15
    endloop
  endfacet
  facet normal -0.388753 -0.921342 0
    outer loop
      vertex 20.7829 5.45121 25.15
      vertex 20.8107 5.43948 25.6
      vertex 20.7829 5.45121 25.6
    endloop
  endfacet
  facet normal -0.388753 -0.921342 -0
    outer loop
      vertex 20.8107 5.43948 25.6
      vertex 20.7829 5.45121 25.15
      vertex 20.8107 5.43948 25.15
    endloop
  endfacet
  facet normal -0.368013 -0.929821 0
    outer loop
      vertex 20.7544 5.46249 25.15
      vertex 20.7829 5.45121 25.6
      vertex 20.7544 5.46249 25.6
    endloop
  endfacet
  facet normal -0.368013 -0.929821 -0
    outer loop
      vertex 20.7829 5.45121 25.6
      vertex 20.7544 5.46249 25.15
      vertex 20.7829 5.45121 25.15
    endloop
  endfacet
  facet normal -0.347743 -0.93759 0
    outer loop
      vertex 20.7252 5.47332 25.15
      vertex 20.7544 5.46249 25.6
      vertex 20.7252 5.47332 25.6
    endloop
  endfacet
  facet normal -0.347743 -0.93759 -0
    outer loop
      vertex 20.7544 5.46249 25.6
      vertex 20.7252 5.47332 25.15
      vertex 20.7544 5.46249 25.15
    endloop
  endfacet
  facet normal -0.329504 -0.944154 0
    outer loop
      vertex 20.6954 5.48372 25.15
      vertex 20.7252 5.47332 25.6
      vertex 20.6954 5.48372 25.6
    endloop
  endfacet
  facet normal -0.329504 -0.944154 -0
    outer loop
      vertex 20.7252 5.47332 25.6
      vertex 20.6954 5.48372 25.15
      vertex 20.7252 5.47332 25.15
    endloop
  endfacet
  facet normal -0.306412 -0.951899 0
    outer loop
      vertex 20.6648 5.49357 25.15
      vertex 20.6954 5.48372 25.6
      vertex 20.6648 5.49357 25.6
    endloop
  endfacet
  facet normal -0.306412 -0.951899 -0
    outer loop
      vertex 20.6954 5.48372 25.6
      vertex 20.6648 5.49357 25.15
      vertex 20.6954 5.48372 25.15
    endloop
  endfacet
  facet normal -0.282846 -0.959165 0
    outer loop
      vertex 20.6335 5.5028 25.15
      vertex 20.6648 5.49357 25.6
      vertex 20.6335 5.5028 25.6
    endloop
  endfacet
  facet normal -0.282846 -0.959165 -0
    outer loop
      vertex 20.6648 5.49357 25.6
      vertex 20.6335 5.5028 25.15
      vertex 20.6648 5.49357 25.15
    endloop
  endfacet
  facet normal -0.258977 -0.965883 0
    outer loop
      vertex 20.6015 5.51138 25.15
      vertex 20.6335 5.5028 25.6
      vertex 20.6015 5.51138 25.6
    endloop
  endfacet
  facet normal -0.258977 -0.965883 -0
    outer loop
      vertex 20.6335 5.5028 25.6
      vertex 20.6015 5.51138 25.15
      vertex 20.6335 5.5028 25.15
    endloop
  endfacet
  facet normal -0.235558 -0.97186 0
    outer loop
      vertex 20.5687 5.51933 25.15
      vertex 20.6015 5.51138 25.6
      vertex 20.5687 5.51933 25.6
    endloop
  endfacet
  facet normal -0.235558 -0.97186 -0
    outer loop
      vertex 20.6015 5.51138 25.6
      vertex 20.5687 5.51933 25.15
      vertex 20.6015 5.51138 25.15
    endloop
  endfacet
  facet normal -0.213471 -0.976949 0
    outer loop
      vertex 20.5352 5.52665 25.15
      vertex 20.5687 5.51933 25.6
      vertex 20.5352 5.52665 25.6
    endloop
  endfacet
  facet normal -0.213471 -0.976949 -0
    outer loop
      vertex 20.5687 5.51933 25.6
      vertex 20.5352 5.52665 25.15
      vertex 20.5687 5.51933 25.15
    endloop
  endfacet
  facet normal -0.191423 -0.981508 0
    outer loop
      vertex 20.501 5.53332 25.15
      vertex 20.5352 5.52665 25.6
      vertex 20.501 5.53332 25.6
    endloop
  endfacet
  facet normal -0.191423 -0.981508 -0
    outer loop
      vertex 20.5352 5.52665 25.6
      vertex 20.501 5.53332 25.15
      vertex 20.5352 5.52665 25.15
    endloop
  endfacet
  facet normal -0.170058 -0.985434 0
    outer loop
      vertex 20.466 5.53936 25.15
      vertex 20.501 5.53332 25.6
      vertex 20.466 5.53936 25.6
    endloop
  endfacet
  facet normal -0.170058 -0.985434 -0
    outer loop
      vertex 20.501 5.53332 25.6
      vertex 20.466 5.53936 25.15
      vertex 20.501 5.53332 25.15
    endloop
  endfacet
  facet normal -0.149421 -0.988774 0
    outer loop
      vertex 20.4302 5.54477 25.15
      vertex 20.466 5.53936 25.6
      vertex 20.4302 5.54477 25.6
    endloop
  endfacet
  facet normal -0.149421 -0.988774 -0
    outer loop
      vertex 20.466 5.53936 25.6
      vertex 20.4302 5.54477 25.15
      vertex 20.466 5.53936 25.15
    endloop
  endfacet
  facet normal -0.129933 -0.991523 0
    outer loop
      vertex 20.3938 5.54954 25.15
      vertex 20.4302 5.54477 25.6
      vertex 20.3938 5.54954 25.6
    endloop
  endfacet
  facet normal -0.129933 -0.991523 -0
    outer loop
      vertex 20.4302 5.54477 25.6
      vertex 20.3938 5.54954 25.15
      vertex 20.4302 5.54477 25.15
    endloop
  endfacet
  facet normal -0.110315 -0.993897 0
    outer loop
      vertex 20.3565 5.55368 25.15
      vertex 20.3938 5.54954 25.6
      vertex 20.3565 5.55368 25.6
    endloop
  endfacet
  facet normal -0.110315 -0.993897 -0
    outer loop
      vertex 20.3938 5.54954 25.6
      vertex 20.3565 5.55368 25.15
      vertex 20.3938 5.54954 25.15
    endloop
  endfacet
  facet normal -0.0916965 -0.995787 0
    outer loop
      vertex 20.3186 5.55717 25.15
      vertex 20.3565 5.55368 25.6
      vertex 20.3186 5.55717 25.6
    endloop
  endfacet
  facet normal -0.0916965 -0.995787 -0
    outer loop
      vertex 20.3565 5.55368 25.6
      vertex 20.3186 5.55717 25.15
      vertex 20.3565 5.55368 25.15
    endloop
  endfacet
  facet normal -0.0739571 -0.997261 0
    outer loop
      vertex 20.2799 5.56004 25.15
      vertex 20.3186 5.55717 25.6
      vertex 20.2799 5.56004 25.6
    endloop
  endfacet
  facet normal -0.0739571 -0.997261 -0
    outer loop
      vertex 20.3186 5.55717 25.6
      vertex 20.2799 5.56004 25.15
      vertex 20.3186 5.55717 25.15
    endloop
  endfacet
  facet normal -0.0563659 -0.99841 0
    outer loop
      vertex 20.2404 5.56227 25.15
      vertex 20.2799 5.56004 25.6
      vertex 20.2404 5.56227 25.6
    endloop
  endfacet
  facet normal -0.0563659 -0.99841 -0
    outer loop
      vertex 20.2799 5.56004 25.6
      vertex 20.2404 5.56227 25.15
      vertex 20.2799 5.56004 25.15
    endloop
  endfacet
  facet normal -0.0395213 -0.999219 0
    outer loop
      vertex 20.2002 5.56386 25.15
      vertex 20.2404 5.56227 25.6
      vertex 20.2002 5.56386 25.6
    endloop
  endfacet
  facet normal -0.0395213 -0.999219 -0
    outer loop
      vertex 20.2404 5.56227 25.6
      vertex 20.2002 5.56386 25.15
      vertex 20.2404 5.56227 25.15
    endloop
  endfacet
  facet normal -0.0229768 -0.999736 0
    outer loop
      vertex 20.1593 5.5648 25.15
      vertex 20.2002 5.56386 25.6
      vertex 20.1593 5.5648 25.6
    endloop
  endfacet
  facet normal -0.0229768 -0.999736 -0
    outer loop
      vertex 20.2002 5.56386 25.6
      vertex 20.1593 5.5648 25.15
      vertex 20.2002 5.56386 25.15
    endloop
  endfacet
  facet normal -0.00767363 -0.999971 0
    outer loop
      vertex 20.1176 5.56512 25.15
      vertex 20.1593 5.5648 25.6
      vertex 20.1176 5.56512 25.6
    endloop
  endfacet
  facet normal -0.00767363 -0.999971 -0
    outer loop
      vertex 20.1593 5.5648 25.6
      vertex 20.1176 5.56512 25.15
      vertex 20.1593 5.5648 25.15
    endloop
  endfacet
  facet normal 0.00757076 -0.999971 0
    outer loop
      vertex 20.0859 5.56488 25.15
      vertex 20.1176 5.56512 25.6
      vertex 20.0859 5.56488 25.6
    endloop
  endfacet
  facet normal 0.00757076 -0.999971 0
    outer loop
      vertex 20.1176 5.56512 25.6
      vertex 20.0859 5.56488 25.15
      vertex 20.1176 5.56512 25.15
    endloop
  endfacet
  facet normal 0.0237275 -0.999718 0
    outer loop
      vertex 20.0543 5.56413 25.15
      vertex 20.0859 5.56488 25.6
      vertex 20.0543 5.56413 25.6
    endloop
  endfacet
  facet normal 0.0237275 -0.999718 0
    outer loop
      vertex 20.0859 5.56488 25.6
      vertex 20.0543 5.56413 25.15
      vertex 20.0859 5.56488 25.15
    endloop
  endfacet
  facet normal 0.0399043 -0.999204 0
    outer loop
      vertex 20.023 5.56288 25.15
      vertex 20.0543 5.56413 25.6
      vertex 20.023 5.56288 25.6
    endloop
  endfacet
  facet normal 0.0399043 -0.999204 0
    outer loop
      vertex 20.0543 5.56413 25.6
      vertex 20.023 5.56288 25.15
      vertex 20.0543 5.56413 25.15
    endloop
  endfacet
  facet normal 0.0556827 -0.998449 0
    outer loop
      vertex 19.9918 5.56114 25.15
      vertex 20.023 5.56288 25.6
      vertex 19.9918 5.56114 25.6
    endloop
  endfacet
  facet normal 0.0556827 -0.998449 0
    outer loop
      vertex 20.023 5.56288 25.6
      vertex 19.9918 5.56114 25.15
      vertex 20.023 5.56288 25.15
    endloop
  endfacet
  facet normal 0.0723022 -0.997383 0
    outer loop
      vertex 19.9609 5.5589 25.15
      vertex 19.9918 5.56114 25.6
      vertex 19.9609 5.5589 25.6
    endloop
  endfacet
  facet normal 0.0723022 -0.997383 0
    outer loop
      vertex 19.9918 5.56114 25.6
      vertex 19.9609 5.5589 25.15
      vertex 19.9918 5.56114 25.15
    endloop
  endfacet
  facet normal 0.0892193 -0.996012 0
    outer loop
      vertex 19.9302 5.55615 25.15
      vertex 19.9609 5.5589 25.6
      vertex 19.9302 5.55615 25.6
    endloop
  endfacet
  facet normal 0.0892193 -0.996012 0
    outer loop
      vertex 19.9609 5.5589 25.6
      vertex 19.9302 5.55615 25.15
      vertex 19.9609 5.5589 25.15
    endloop
  endfacet
  facet normal 0.105635 -0.994405 0
    outer loop
      vertex 19.8997 5.55291 25.15
      vertex 19.9302 5.55615 25.6
      vertex 19.8997 5.55291 25.6
    endloop
  endfacet
  facet normal 0.105635 -0.994405 0
    outer loop
      vertex 19.9302 5.55615 25.6
      vertex 19.8997 5.55291 25.15
      vertex 19.9302 5.55615 25.15
    endloop
  endfacet
  facet normal 0.12218 -0.992508 0
    outer loop
      vertex 19.8694 5.54918 25.15
      vertex 19.8997 5.55291 25.6
      vertex 19.8694 5.54918 25.6
    endloop
  endfacet
  facet normal 0.12218 -0.992508 0
    outer loop
      vertex 19.8997 5.55291 25.6
      vertex 19.8694 5.54918 25.15
      vertex 19.8997 5.55291 25.15
    endloop
  endfacet
  facet normal 0.139619 -0.990205 0
    outer loop
      vertex 19.8394 5.54495 25.15
      vertex 19.8694 5.54918 25.6
      vertex 19.8394 5.54495 25.6
    endloop
  endfacet
  facet normal 0.139619 -0.990205 0
    outer loop
      vertex 19.8694 5.54918 25.6
      vertex 19.8394 5.54495 25.15
      vertex 19.8694 5.54918 25.15
    endloop
  endfacet
  facet normal 0.156251 -0.987717 0
    outer loop
      vertex 19.8095 5.54022 25.15
      vertex 19.8394 5.54495 25.6
      vertex 19.8095 5.54022 25.6
    endloop
  endfacet
  facet normal 0.156251 -0.987717 0
    outer loop
      vertex 19.8394 5.54495 25.6
      vertex 19.8095 5.54022 25.15
      vertex 19.8394 5.54495 25.15
    endloop
  endfacet
  facet normal 0.173426 -0.984847 0
    outer loop
      vertex 19.7798 5.53499 25.15
      vertex 19.8095 5.54022 25.6
      vertex 19.7798 5.53499 25.6
    endloop
  endfacet
  facet normal 0.173426 -0.984847 0
    outer loop
      vertex 19.8095 5.54022 25.6
      vertex 19.7798 5.53499 25.15
      vertex 19.8095 5.54022 25.15
    endloop
  endfacet
  facet normal 0.191299 -0.981532 0
    outer loop
      vertex 19.7504 5.52926 25.15
      vertex 19.7798 5.53499 25.6
      vertex 19.7504 5.52926 25.6
    endloop
  endfacet
  facet normal 0.191299 -0.981532 0
    outer loop
      vertex 19.7798 5.53499 25.6
      vertex 19.7504 5.52926 25.15
      vertex 19.7798 5.53499 25.15
    endloop
  endfacet
  facet normal 0.208339 -0.978057 0
    outer loop
      vertex 19.7212 5.52304 25.15
      vertex 19.7504 5.52926 25.6
      vertex 19.7212 5.52304 25.6
    endloop
  endfacet
  facet normal 0.208339 -0.978057 0
    outer loop
      vertex 19.7504 5.52926 25.6
      vertex 19.7212 5.52304 25.15
      vertex 19.7504 5.52926 25.15
    endloop
  endfacet
  facet normal 0.226061 -0.974113 0
    outer loop
      vertex 19.6922 5.51631 25.15
      vertex 19.7212 5.52304 25.6
      vertex 19.6922 5.51631 25.6
    endloop
  endfacet
  facet normal 0.226061 -0.974113 0
    outer loop
      vertex 19.7212 5.52304 25.6
      vertex 19.6922 5.51631 25.15
      vertex 19.7212 5.52304 25.15
    endloop
  endfacet
  facet normal 0.243486 -0.969904 0
    outer loop
      vertex 19.6634 5.50908 25.15
      vertex 19.6922 5.51631 25.6
      vertex 19.6634 5.50908 25.6
    endloop
  endfacet
  facet normal 0.243486 -0.969904 0
    outer loop
      vertex 19.6922 5.51631 25.6
      vertex 19.6634 5.50908 25.15
      vertex 19.6922 5.51631 25.15
    endloop
  endfacet
  facet normal 0.260603 -0.965446 0
    outer loop
      vertex 19.6348 5.50136 25.15
      vertex 19.6634 5.50908 25.6
      vertex 19.6348 5.50136 25.6
    endloop
  endfacet
  facet normal 0.260603 -0.965446 0
    outer loop
      vertex 19.6634 5.50908 25.6
      vertex 19.6348 5.50136 25.15
      vertex 19.6634 5.50908 25.15
    endloop
  endfacet
  facet normal 0.279244 -0.96022 0
    outer loop
      vertex 19.6065 5.49313 25.15
      vertex 19.6348 5.50136 25.6
      vertex 19.6065 5.49313 25.6
    endloop
  endfacet
  facet normal 0.279244 -0.96022 0
    outer loop
      vertex 19.6348 5.50136 25.6
      vertex 19.6065 5.49313 25.15
      vertex 19.6348 5.50136 25.15
    endloop
  endfacet
  facet normal 0.298937 -0.954273 0
    outer loop
      vertex 19.5786 5.48439 25.15
      vertex 19.6065 5.49313 25.6
      vertex 19.5786 5.48439 25.6
    endloop
  endfacet
  facet normal 0.298937 -0.954273 0
    outer loop
      vertex 19.6065 5.49313 25.6
      vertex 19.5786 5.48439 25.15
      vertex 19.6065 5.49313 25.15
    endloop
  endfacet
  facet normal 0.320167 -0.947361 0
    outer loop
      vertex 19.5512 5.47513 25.15
      vertex 19.5786 5.48439 25.6
      vertex 19.5512 5.47513 25.6
    endloop
  endfacet
  facet normal 0.320167 -0.947361 0
    outer loop
      vertex 19.5786 5.48439 25.6
      vertex 19.5512 5.47513 25.15
      vertex 19.5786 5.48439 25.15
    endloop
  endfacet
  facet normal 0.340876 -0.940108 0
    outer loop
      vertex 19.5242 5.46534 25.15
      vertex 19.5512 5.47513 25.6
      vertex 19.5242 5.46534 25.6
    endloop
  endfacet
  facet normal 0.340876 -0.940108 0
    outer loop
      vertex 19.5512 5.47513 25.6
      vertex 19.5242 5.46534 25.15
      vertex 19.5512 5.47513 25.15
    endloop
  endfacet
  facet normal 0.359916 -0.932985 0
    outer loop
      vertex 19.4975 5.45504 25.15
      vertex 19.5242 5.46534 25.6
      vertex 19.4975 5.45504 25.6
    endloop
  endfacet
  facet normal 0.359916 -0.932985 0
    outer loop
      vertex 19.5242 5.46534 25.6
      vertex 19.4975 5.45504 25.15
      vertex 19.5242 5.46534 25.15
    endloop
  endfacet
  facet normal 0.381406 -0.924408 0
    outer loop
      vertex 19.4713 5.44423 25.15
      vertex 19.4975 5.45504 25.6
      vertex 19.4713 5.44423 25.6
    endloop
  endfacet
  facet normal 0.381406 -0.924408 0
    outer loop
      vertex 19.4975 5.45504 25.6
      vertex 19.4713 5.44423 25.15
      vertex 19.4975 5.45504 25.15
    endloop
  endfacet
  facet normal 0.402382 -0.915472 0
    outer loop
      vertex 19.4455 5.43289 25.15
      vertex 19.4713 5.44423 25.6
      vertex 19.4455 5.43289 25.6
    endloop
  endfacet
  facet normal 0.402382 -0.915472 0
    outer loop
      vertex 19.4713 5.44423 25.6
      vertex 19.4455 5.43289 25.15
      vertex 19.4713 5.44423 25.15
    endloop
  endfacet
  facet normal 0.424746 -0.905313 0
    outer loop
      vertex 19.4202 5.42102 25.15
      vertex 19.4455 5.43289 25.6
      vertex 19.4202 5.42102 25.6
    endloop
  endfacet
  facet normal 0.424746 -0.905313 0
    outer loop
      vertex 19.4455 5.43289 25.6
      vertex 19.4202 5.42102 25.15
      vertex 19.4455 5.43289 25.15
    endloop
  endfacet
  facet normal 0.443769 -0.896141 0
    outer loop
      vertex 19.3952 5.40864 25.15
      vertex 19.4202 5.42102 25.6
      vertex 19.3952 5.40864 25.6
    endloop
  endfacet
  facet normal 0.443769 -0.896141 0
    outer loop
      vertex 19.4202 5.42102 25.6
      vertex 19.3952 5.40864 25.15
      vertex 19.4202 5.42102 25.15
    endloop
  endfacet
  facet normal 0.464128 -0.885768 0
    outer loop
      vertex 19.3706 5.39575 25.15
      vertex 19.3952 5.40864 25.6
      vertex 19.3706 5.39575 25.6
    endloop
  endfacet
  facet normal 0.464128 -0.885768 0
    outer loop
      vertex 19.3952 5.40864 25.6
      vertex 19.3706 5.39575 25.15
      vertex 19.3952 5.40864 25.15
    endloop
  endfacet
  facet normal 0.486781 -0.873524 0
    outer loop
      vertex 19.3465 5.38232 25.15
      vertex 19.3706 5.39575 25.6
      vertex 19.3465 5.38232 25.6
    endloop
  endfacet
  facet normal 0.486781 -0.873524 0
    outer loop
      vertex 19.3706 5.39575 25.6
      vertex 19.3465 5.38232 25.15
      vertex 19.3706 5.39575 25.15
    endloop
  endfacet
  facet normal 0.506718 -0.862112 0
    outer loop
      vertex 19.3228 5.36839 25.15
      vertex 19.3465 5.38232 25.6
      vertex 19.3228 5.36839 25.6
    endloop
  endfacet
  facet normal 0.506718 -0.862112 0
    outer loop
      vertex 19.3465 5.38232 25.6
      vertex 19.3228 5.36839 25.15
      vertex 19.3465 5.38232 25.15
    endloop
  endfacet
  facet normal 0.527572 -0.849511 0
    outer loop
      vertex 19.2995 5.35392 25.15
      vertex 19.3228 5.36839 25.6
      vertex 19.2995 5.35392 25.6
    endloop
  endfacet
  facet normal 0.527572 -0.849511 0
    outer loop
      vertex 19.3228 5.36839 25.6
      vertex 19.2995 5.35392 25.15
      vertex 19.3228 5.36839 25.15
    endloop
  endfacet
  facet normal 0.546914 -0.837189 0
    outer loop
      vertex 19.2766 5.33896 25.15
      vertex 19.2995 5.35392 25.6
      vertex 19.2766 5.33896 25.6
    endloop
  endfacet
  facet normal 0.546914 -0.837189 0
    outer loop
      vertex 19.2995 5.35392 25.6
      vertex 19.2766 5.33896 25.15
      vertex 19.2995 5.35392 25.15
    endloop
  endfacet
  facet normal 0.567553 -0.823337 0
    outer loop
      vertex 19.2541 5.32345 25.15
      vertex 19.2766 5.33896 25.6
      vertex 19.2541 5.32345 25.6
    endloop
  endfacet
  facet normal 0.567553 -0.823337 0
    outer loop
      vertex 19.2766 5.33896 25.6
      vertex 19.2541 5.32345 25.15
      vertex 19.2766 5.33896 25.15
    endloop
  endfacet
  facet normal 0.586427 -0.810002 0
    outer loop
      vertex 19.232 5.30745 25.15
      vertex 19.2541 5.32345 25.6
      vertex 19.232 5.30745 25.6
    endloop
  endfacet
  facet normal 0.586427 -0.810002 0
    outer loop
      vertex 19.2541 5.32345 25.6
      vertex 19.232 5.30745 25.15
      vertex 19.2541 5.32345 25.15
    endloop
  endfacet
  facet normal 0.606198 -0.795314 0
    outer loop
      vertex 19.2103 5.29091 25.15
      vertex 19.232 5.30745 25.6
      vertex 19.2103 5.29091 25.6
    endloop
  endfacet
  facet normal 0.606198 -0.795314 0
    outer loop
      vertex 19.232 5.30745 25.6
      vertex 19.2103 5.29091 25.15
      vertex 19.232 5.30745 25.15
    endloop
  endfacet
  facet normal 0.629177 -0.777262 0
    outer loop
      vertex 19.1892 5.27383 25.15
      vertex 19.2103 5.29091 25.6
      vertex 19.1892 5.27383 25.6
    endloop
  endfacet
  facet normal 0.629177 -0.777262 0
    outer loop
      vertex 19.2103 5.29091 25.6
      vertex 19.1892 5.27383 25.15
      vertex 19.2103 5.29091 25.15
    endloop
  endfacet
  facet normal 0.647542 -0.76203 0
    outer loop
      vertex 19.1685 5.25624 25.15
      vertex 19.1892 5.27383 25.6
      vertex 19.1685 5.25624 25.6
    endloop
  endfacet
  facet normal 0.647542 -0.76203 0
    outer loop
      vertex 19.1892 5.27383 25.6
      vertex 19.1685 5.25624 25.15
      vertex 19.1892 5.27383 25.15
    endloop
  endfacet
  facet normal 0.666322 -0.745664 0
    outer loop
      vertex 19.1482 5.2381 25.15
      vertex 19.1685 5.25624 25.6
      vertex 19.1482 5.2381 25.6
    endloop
  endfacet
  facet normal 0.666322 -0.745664 0
    outer loop
      vertex 19.1685 5.25624 25.6
      vertex 19.1482 5.2381 25.15
      vertex 19.1685 5.25624 25.15
    endloop
  endfacet
  facet normal 0.687489 -0.726195 0
    outer loop
      vertex 19.1285 5.21945 25.15
      vertex 19.1482 5.2381 25.6
      vertex 19.1285 5.21945 25.6
    endloop
  endfacet
  facet normal 0.687489 -0.726195 0
    outer loop
      vertex 19.1482 5.2381 25.6
      vertex 19.1285 5.21945 25.15
      vertex 19.1482 5.2381 25.15
    endloop
  endfacet
  facet normal 0.705268 -0.708941 0
    outer loop
      vertex 19.1092 5.20025 25.15
      vertex 19.1285 5.21945 25.6
      vertex 19.1092 5.20025 25.6
    endloop
  endfacet
  facet normal 0.705268 -0.708941 0
    outer loop
      vertex 19.1285 5.21945 25.6
      vertex 19.1092 5.20025 25.15
      vertex 19.1285 5.21945 25.15
    endloop
  endfacet
  facet normal 0.721782 -0.69212 0
    outer loop
      vertex 19.0903 5.18054 25.6
      vertex 19.1092 5.20025 25.15
      vertex 19.1092 5.20025 25.6
    endloop
  endfacet
  facet normal 0.721782 -0.69212 0
    outer loop
      vertex 19.1092 5.20025 25.15
      vertex 19.0903 5.18054 25.6
      vertex 19.0903 5.18054 25.15
    endloop
  endfacet
  facet normal 0.742091 -0.670299 0
    outer loop
      vertex 19.072 5.16028 25.6
      vertex 19.0903 5.18054 25.15
      vertex 19.0903 5.18054 25.6
    endloop
  endfacet
  facet normal 0.742091 -0.670299 0
    outer loop
      vertex 19.0903 5.18054 25.15
      vertex 19.072 5.16028 25.6
      vertex 19.072 5.16028 25.15
    endloop
  endfacet
  facet normal 0.755701 -0.654917 0
    outer loop
      vertex 19.054 5.13951 25.6
      vertex 19.072 5.16028 25.15
      vertex 19.072 5.16028 25.6
    endloop
  endfacet
  facet normal 0.755701 -0.654917 0
    outer loop
      vertex 19.072 5.16028 25.15
      vertex 19.054 5.13951 25.6
      vertex 19.054 5.13951 25.15
    endloop
  endfacet
  facet normal 0.774734 -0.632287 0
    outer loop
      vertex 19.0366 5.11819 25.6
      vertex 19.054 5.13951 25.15
      vertex 19.054 5.13951 25.6
    endloop
  endfacet
  facet normal 0.774734 -0.632287 0
    outer loop
      vertex 19.054 5.13951 25.15
      vertex 19.0366 5.11819 25.6
      vertex 19.0366 5.11819 25.15
    endloop
  endfacet
  facet normal 0.788982 -0.614416 0
    outer loop
      vertex 19.0196 5.09636 25.6
      vertex 19.0366 5.11819 25.15
      vertex 19.0366 5.11819 25.6
    endloop
  endfacet
  facet normal 0.788982 -0.614416 0
    outer loop
      vertex 19.0366 5.11819 25.15
      vertex 19.0196 5.09636 25.6
      vertex 19.0196 5.09636 25.15
    endloop
  endfacet
  facet normal 0.804766 -0.593592 0
    outer loop
      vertex 19.0031 5.07399 25.6
      vertex 19.0196 5.09636 25.15
      vertex 19.0196 5.09636 25.6
    endloop
  endfacet
  facet normal 0.804766 -0.593592 0
    outer loop
      vertex 19.0196 5.09636 25.15
      vertex 19.0031 5.07399 25.6
      vertex 19.0031 5.07399 25.15
    endloop
  endfacet
  facet normal 0.819853 -0.572573 0
    outer loop
      vertex 18.9871 5.05108 25.6
      vertex 19.0031 5.07399 25.15
      vertex 19.0031 5.07399 25.6
    endloop
  endfacet
  facet normal 0.819853 -0.572573 0
    outer loop
      vertex 19.0031 5.07399 25.15
      vertex 18.9871 5.05108 25.6
      vertex 18.9871 5.05108 25.15
    endloop
  endfacet
  facet normal 0.832378 -0.554208 0
    outer loop
      vertex 18.9715 5.02765 25.6
      vertex 18.9871 5.05108 25.15
      vertex 18.9871 5.05108 25.6
    endloop
  endfacet
  facet normal 0.832378 -0.554208 0
    outer loop
      vertex 18.9871 5.05108 25.15
      vertex 18.9715 5.02765 25.6
      vertex 18.9715 5.02765 25.15
    endloop
  endfacet
  facet normal 0.846009 -0.533169 0
    outer loop
      vertex 18.9564 5.00369 25.6
      vertex 18.9715 5.02765 25.15
      vertex 18.9715 5.02765 25.6
    endloop
  endfacet
  facet normal 0.846009 -0.533169 0
    outer loop
      vertex 18.9715 5.02765 25.15
      vertex 18.9564 5.00369 25.6
      vertex 18.9564 5.00369 25.15
    endloop
  endfacet
  facet normal 0.8574 -0.51465 0
    outer loop
      vertex 18.9417 4.9792 25.6
      vertex 18.9564 5.00369 25.15
      vertex 18.9564 5.00369 25.6
    endloop
  endfacet
  facet normal 0.8574 -0.51465 0
    outer loop
      vertex 18.9564 5.00369 25.15
      vertex 18.9417 4.9792 25.6
      vertex 18.9417 4.9792 25.15
    endloop
  endfacet
  facet normal 0.872756 -0.488157 0
    outer loop
      vertex 18.9277 4.95417 25.6
      vertex 18.9417 4.9792 25.15
      vertex 18.9417 4.9792 25.6
    endloop
  endfacet
  facet normal 0.872756 -0.488157 0
    outer loop
      vertex 18.9417 4.9792 25.15
      vertex 18.9277 4.95417 25.6
      vertex 18.9277 4.95417 25.15
    endloop
  endfacet
  facet normal 0.884317 -0.466886 0
    outer loop
      vertex 18.9142 4.9286 25.6
      vertex 18.9277 4.95417 25.15
      vertex 18.9277 4.95417 25.6
    endloop
  endfacet
  facet normal 0.884317 -0.466886 0
    outer loop
      vertex 18.9277 4.95417 25.15
      vertex 18.9142 4.9286 25.6
      vertex 18.9142 4.9286 25.15
    endloop
  endfacet
  facet normal 0.897974 -0.440049 0
    outer loop
      vertex 18.9014 4.90248 25.6
      vertex 18.9142 4.9286 25.15
      vertex 18.9142 4.9286 25.6
    endloop
  endfacet
  facet normal 0.897974 -0.440049 0
    outer loop
      vertex 18.9142 4.9286 25.15
      vertex 18.9014 4.90248 25.6
      vertex 18.9014 4.90248 25.15
    endloop
  endfacet
  facet normal 0.910775 -0.412903 0
    outer loop
      vertex 18.8893 4.87579 25.6
      vertex 18.9014 4.90248 25.15
      vertex 18.9014 4.90248 25.6
    endloop
  endfacet
  facet normal 0.910775 -0.412903 0
    outer loop
      vertex 18.9014 4.90248 25.15
      vertex 18.8893 4.87579 25.6
      vertex 18.8893 4.87579 25.15
    endloop
  endfacet
  facet normal 0.921163 -0.389176 0
    outer loop
      vertex 18.8778 4.84857 25.6
      vertex 18.8893 4.87579 25.15
      vertex 18.8893 4.87579 25.6
    endloop
  endfacet
  facet normal 0.921163 -0.389176 0
    outer loop
      vertex 18.8893 4.87579 25.15
      vertex 18.8778 4.84857 25.6
      vertex 18.8778 4.84857 25.15
    endloop
  endfacet
  facet normal 0.930951 -0.365144 0
    outer loop
      vertex 18.8669 4.82078 25.6
      vertex 18.8778 4.84857 25.15
      vertex 18.8778 4.84857 25.6
    endloop
  endfacet
  facet normal 0.930951 -0.365144 0
    outer loop
      vertex 18.8778 4.84857 25.15
      vertex 18.8669 4.82078 25.6
      vertex 18.8669 4.82078 25.15
    endloop
  endfacet
  facet normal 0.940875 -0.338755 0
    outer loop
      vertex 18.8567 4.79245 25.6
      vertex 18.8669 4.82078 25.15
      vertex 18.8669 4.82078 25.6
    endloop
  endfacet
  facet normal 0.940875 -0.338755 0
    outer loop
      vertex 18.8669 4.82078 25.15
      vertex 18.8567 4.79245 25.6
      vertex 18.8567 4.79245 25.15
    endloop
  endfacet
  facet normal 0.949894 -0.312573 0
    outer loop
      vertex 18.8472 4.76358 25.6
      vertex 18.8567 4.79245 25.15
      vertex 18.8567 4.79245 25.6
    endloop
  endfacet
  facet normal 0.949894 -0.312573 0
    outer loop
      vertex 18.8567 4.79245 25.15
      vertex 18.8472 4.76358 25.6
      vertex 18.8472 4.76358 25.15
    endloop
  endfacet
  facet normal 0.956311 -0.292351 0
    outer loop
      vertex 18.8382 4.73414 25.6
      vertex 18.8472 4.76358 25.15
      vertex 18.8472 4.76358 25.6
    endloop
  endfacet
  facet normal 0.956311 -0.292351 0
    outer loop
      vertex 18.8472 4.76358 25.15
      vertex 18.8382 4.73414 25.6
      vertex 18.8382 4.73414 25.15
    endloop
  endfacet
  facet normal 0.964571 -0.263825 0
    outer loop
      vertex 18.83 4.70416 25.6
      vertex 18.8382 4.73414 25.15
      vertex 18.8382 4.73414 25.6
    endloop
  endfacet
  facet normal 0.964571 -0.263825 0
    outer loop
      vertex 18.8382 4.73414 25.15
      vertex 18.83 4.70416 25.6
      vertex 18.83 4.70416 25.15
    endloop
  endfacet
  facet normal 0.969636 -0.244553 0
    outer loop
      vertex 18.8223 4.67363 25.6
      vertex 18.83 4.70416 25.15
      vertex 18.83 4.70416 25.6
    endloop
  endfacet
  facet normal 0.969636 -0.244553 0
    outer loop
      vertex 18.83 4.70416 25.15
      vertex 18.8223 4.67363 25.6
      vertex 18.8223 4.67363 25.15
    endloop
  endfacet
  facet normal 0.976261 -0.216598 0
    outer loop
      vertex 18.8154 4.64253 25.6
      vertex 18.8223 4.67363 25.15
      vertex 18.8223 4.67363 25.6
    endloop
  endfacet
  facet normal 0.976261 -0.216598 0
    outer loop
      vertex 18.8223 4.67363 25.15
      vertex 18.8154 4.64253 25.6
      vertex 18.8154 4.64253 25.15
    endloop
  endfacet
  facet normal 0.980735 -0.195341 0
    outer loop
      vertex 18.8091 4.6109 25.6
      vertex 18.8154 4.64253 25.15
      vertex 18.8154 4.64253 25.6
    endloop
  endfacet
  facet normal 0.980735 -0.195341 0
    outer loop
      vertex 18.8154 4.64253 25.15
      vertex 18.8091 4.6109 25.6
      vertex 18.8091 4.6109 25.15
    endloop
  endfacet
  facet normal 0.984672 -0.174414 0
    outer loop
      vertex 18.8034 4.57872 25.6
      vertex 18.8091 4.6109 25.15
      vertex 18.8091 4.6109 25.6
    endloop
  endfacet
  facet normal 0.984672 -0.174414 0
    outer loop
      vertex 18.8091 4.6109 25.15
      vertex 18.8034 4.57872 25.6
      vertex 18.8034 4.57872 25.15
    endloop
  endfacet
  facet normal 0.988091 -0.153871 0
    outer loop
      vertex 18.7983 4.54597 25.6
      vertex 18.8034 4.57872 25.15
      vertex 18.8034 4.57872 25.6
    endloop
  endfacet
  facet normal 0.988091 -0.153871 0
    outer loop
      vertex 18.8034 4.57872 25.15
      vertex 18.7983 4.54597 25.6
      vertex 18.7983 4.54597 25.15
    endloop
  endfacet
  facet normal 0.991378 -0.131032 0
    outer loop
      vertex 18.7939 4.51268 25.6
      vertex 18.7983 4.54597 25.15
      vertex 18.7983 4.54597 25.6
    endloop
  endfacet
  facet normal 0.991378 -0.131032 0
    outer loop
      vertex 18.7983 4.54597 25.15
      vertex 18.7939 4.51268 25.6
      vertex 18.7939 4.51268 25.15
    endloop
  endfacet
  facet normal 0.071035 0.997474 -0
    outer loop
      vertex 19.5561 4.4584 25.15
      vertex 18.7939 4.51268 25.6
      vertex 19.5561 4.4584 25.6
    endloop
  endfacet
  facet normal 0.071035 0.997474 0
    outer loop
      vertex 18.7939 4.51268 25.6
      vertex 19.5561 4.4584 25.15
      vertex 18.7939 4.51268 25.15
    endloop
  endfacet
  facet normal -0.994137 0.108132 0
    outer loop
      vertex 19.5561 4.4584 25.15
      vertex 19.5593 4.48782 25.6
      vertex 19.5593 4.48782 25.15
    endloop
  endfacet
  facet normal -0.994137 0.108132 0
    outer loop
      vertex 19.5593 4.48782 25.6
      vertex 19.5561 4.4584 25.15
      vertex 19.5561 4.4584 25.6
    endloop
  endfacet
  facet normal -0.989366 0.145444 0
    outer loop
      vertex 19.5593 4.48782 25.15
      vertex 19.5635 4.51639 25.6
      vertex 19.5635 4.51639 25.15
    endloop
  endfacet
  facet normal -0.989366 0.145444 0
    outer loop
      vertex 19.5635 4.51639 25.6
      vertex 19.5593 4.48782 25.15
      vertex 19.5593 4.48782 25.6
    endloop
  endfacet
  facet normal -0.983493 0.180946 0
    outer loop
      vertex 19.5635 4.51639 25.15
      vertex 19.5686 4.54411 25.6
      vertex 19.5686 4.54411 25.15
    endloop
  endfacet
  facet normal -0.983493 0.180946 0
    outer loop
      vertex 19.5686 4.54411 25.6
      vertex 19.5635 4.51639 25.15
      vertex 19.5635 4.51639 25.6
    endloop
  endfacet
  facet normal -0.975186 0.221386 0
    outer loop
      vertex 19.5686 4.54411 25.15
      vertex 19.5747 4.57098 25.6
      vertex 19.5747 4.57098 25.15
    endloop
  endfacet
  facet normal -0.975186 0.221386 0
    outer loop
      vertex 19.5747 4.57098 25.6
      vertex 19.5686 4.54411 25.15
      vertex 19.5686 4.54411 25.6
    endloop
  endfacet
  facet normal -0.964755 0.263149 0
    outer loop
      vertex 19.5747 4.57098 25.15
      vertex 19.5818 4.59701 25.6
      vertex 19.5818 4.59701 25.15
    endloop
  endfacet
  facet normal -0.964755 0.263149 0
    outer loop
      vertex 19.5818 4.59701 25.6
      vertex 19.5747 4.57098 25.15
      vertex 19.5747 4.57098 25.6
    endloop
  endfacet
  facet normal -0.953055 0.302797 0
    outer loop
      vertex 19.5818 4.59701 25.15
      vertex 19.5898 4.62219 25.6
      vertex 19.5898 4.62219 25.15
    endloop
  endfacet
  facet normal -0.953055 0.302797 0
    outer loop
      vertex 19.5898 4.62219 25.6
      vertex 19.5818 4.59701 25.15
      vertex 19.5818 4.59701 25.6
    endloop
  endfacet
  facet normal -0.937842 0.347063 0
    outer loop
      vertex 19.5898 4.62219 25.15
      vertex 19.5988 4.64651 25.6
      vertex 19.5988 4.64651 25.15
    endloop
  endfacet
  facet normal -0.937842 0.347063 0
    outer loop
      vertex 19.5988 4.64651 25.6
      vertex 19.5898 4.62219 25.15
      vertex 19.5898 4.62219 25.6
    endloop
  endfacet
  facet normal -0.921502 0.388373 0
    outer loop
      vertex 19.5988 4.64651 25.15
      vertex 19.6087 4.67 25.6
      vertex 19.6087 4.67 25.15
    endloop
  endfacet
  facet normal -0.921502 0.388373 0
    outer loop
      vertex 19.6087 4.67 25.6
      vertex 19.5988 4.64651 25.15
      vertex 19.5988 4.64651 25.6
    endloop
  endfacet
  facet normal -0.900863 0.434103 0
    outer loop
      vertex 19.6087 4.67 25.15
      vertex 19.6196 4.69262 25.6
      vertex 19.6196 4.69262 25.15
    endloop
  endfacet
  facet normal -0.900863 0.434103 0
    outer loop
      vertex 19.6196 4.69262 25.6
      vertex 19.6087 4.67 25.15
      vertex 19.6087 4.67 25.6
    endloop
  endfacet
  facet normal -0.877649 0.479304 0
    outer loop
      vertex 19.6196 4.69262 25.15
      vertex 19.6315 4.71441 25.6
      vertex 19.6315 4.71441 25.15
    endloop
  endfacet
  facet normal -0.877649 0.479304 0
    outer loop
      vertex 19.6315 4.71441 25.6
      vertex 19.6196 4.69262 25.15
      vertex 19.6196 4.69262 25.6
    endloop
  endfacet
  facet normal -0.853221 0.521549 0
    outer loop
      vertex 19.6315 4.71441 25.15
      vertex 19.6443 4.73535 25.6
      vertex 19.6443 4.73535 25.15
    endloop
  endfacet
  facet normal -0.853221 0.521549 0
    outer loop
      vertex 19.6443 4.73535 25.6
      vertex 19.6315 4.71441 25.15
      vertex 19.6315 4.71441 25.6
    endloop
  endfacet
  facet normal -0.824269 0.566198 0
    outer loop
      vertex 19.6443 4.73535 25.15
      vertex 19.6581 4.75544 25.6
      vertex 19.6581 4.75544 25.15
    endloop
  endfacet
  facet normal -0.824269 0.566198 0
    outer loop
      vertex 19.6581 4.75544 25.6
      vertex 19.6443 4.73535 25.15
      vertex 19.6443 4.73535 25.6
    endloop
  endfacet
  facet normal -0.792777 0.609512 0
    outer loop
      vertex 19.6581 4.75544 25.15
      vertex 19.6729 4.77469 25.6
      vertex 19.6729 4.77469 25.15
    endloop
  endfacet
  facet normal -0.792777 0.609512 0
    outer loop
      vertex 19.6729 4.77469 25.6
      vertex 19.6581 4.75544 25.15
      vertex 19.6581 4.75544 25.6
    endloop
  endfacet
  facet normal -0.760365 0.649496 0
    outer loop
      vertex 19.6729 4.77469 25.15
      vertex 19.6886 4.79307 25.6
      vertex 19.6886 4.79307 25.15
    endloop
  endfacet
  facet normal -0.760365 0.649496 0
    outer loop
      vertex 19.6886 4.79307 25.6
      vertex 19.6729 4.77469 25.15
      vertex 19.6729 4.77469 25.6
    endloop
  endfacet
  facet normal -0.724432 0.689346 0
    outer loop
      vertex 19.6886 4.79307 25.15
      vertex 19.7053 4.81062 25.6
      vertex 19.7053 4.81062 25.15
    endloop
  endfacet
  facet normal -0.724432 0.689346 0
    outer loop
      vertex 19.7053 4.81062 25.6
      vertex 19.6886 4.79307 25.15
      vertex 19.6886 4.79307 25.6
    endloop
  endfacet
  facet normal -0.688533 0.725205 0
    outer loop
      vertex 19.7229 4.82733 25.15
      vertex 19.7053 4.81062 25.6
      vertex 19.7229 4.82733 25.6
    endloop
  endfacet
  facet normal -0.688533 0.725205 0
    outer loop
      vertex 19.7053 4.81062 25.6
      vertex 19.7229 4.82733 25.15
      vertex 19.7053 4.81062 25.15
    endloop
  endfacet
  facet normal -0.648484 0.761228 0
    outer loop
      vertex 19.7414 4.84309 25.15
      vertex 19.7229 4.82733 25.6
      vertex 19.7414 4.84309 25.6
    endloop
  endfacet
  facet normal -0.648484 0.761228 0
    outer loop
      vertex 19.7229 4.82733 25.6
      vertex 19.7414 4.84309 25.15
      vertex 19.7229 4.82733 25.15
    endloop
  endfacet
  facet normal -0.608952 0.793207 0
    outer loop
      vertex 19.7606 4.85783 25.15
      vertex 19.7414 4.84309 25.6
      vertex 19.7606 4.85783 25.6
    endloop
  endfacet
  facet normal -0.608952 0.793207 0
    outer loop
      vertex 19.7414 4.84309 25.6
      vertex 19.7606 4.85783 25.15
      vertex 19.7414 4.84309 25.15
    endloop
  endfacet
  facet normal -0.567897 0.823099 0
    outer loop
      vertex 19.7805 4.87156 25.15
      vertex 19.7606 4.85783 25.6
      vertex 19.7805 4.87156 25.6
    endloop
  endfacet
  facet normal -0.567897 0.823099 0
    outer loop
      vertex 19.7606 4.85783 25.6
      vertex 19.7805 4.87156 25.15
      vertex 19.7606 4.85783 25.15
    endloop
  endfacet
  facet normal -0.523845 0.851814 0
    outer loop
      vertex 19.8012 4.88429 25.15
      vertex 19.7805 4.87156 25.6
      vertex 19.8012 4.88429 25.6
    endloop
  endfacet
  facet normal -0.523845 0.851814 0
    outer loop
      vertex 19.7805 4.87156 25.6
      vertex 19.8012 4.88429 25.15
      vertex 19.7805 4.87156 25.15
    endloop
  endfacet
  facet normal -0.481129 0.87665 0
    outer loop
      vertex 19.8225 4.89598 25.15
      vertex 19.8012 4.88429 25.6
      vertex 19.8225 4.89598 25.6
    endloop
  endfacet
  facet normal -0.481129 0.87665 0
    outer loop
      vertex 19.8012 4.88429 25.6
      vertex 19.8225 4.89598 25.15
      vertex 19.8012 4.88429 25.15
    endloop
  endfacet
  facet normal -0.435114 0.900376 0
    outer loop
      vertex 19.8446 4.90666 25.15
      vertex 19.8225 4.89598 25.6
      vertex 19.8446 4.90666 25.6
    endloop
  endfacet
  facet normal -0.435114 0.900376 0
    outer loop
      vertex 19.8225 4.89598 25.6
      vertex 19.8446 4.90666 25.15
      vertex 19.8225 4.89598 25.15
    endloop
  endfacet
  facet normal -0.391913 0.920002 0
    outer loop
      vertex 19.8673 4.91633 25.15
      vertex 19.8446 4.90666 25.6
      vertex 19.8673 4.91633 25.6
    endloop
  endfacet
  facet normal -0.391913 0.920002 0
    outer loop
      vertex 19.8446 4.90666 25.6
      vertex 19.8673 4.91633 25.15
      vertex 19.8446 4.90666 25.15
    endloop
  endfacet
  facet normal -0.345076 0.938575 0
    outer loop
      vertex 19.8908 4.92497 25.15
      vertex 19.8673 4.91633 25.6
      vertex 19.8908 4.92497 25.6
    endloop
  endfacet
  facet normal -0.345076 0.938575 0
    outer loop
      vertex 19.8673 4.91633 25.6
      vertex 19.8908 4.92497 25.15
      vertex 19.8673 4.91633 25.15
    endloop
  endfacet
  facet normal -0.301832 0.953361 0
    outer loop
      vertex 19.9149 4.9326 25.15
      vertex 19.8908 4.92497 25.6
      vertex 19.9149 4.9326 25.6
    endloop
  endfacet
  facet normal -0.301832 0.953361 0
    outer loop
      vertex 19.8908 4.92497 25.6
      vertex 19.9149 4.9326 25.15
      vertex 19.8908 4.92497 25.15
    endloop
  endfacet
  facet normal -0.256575 0.966524 0
    outer loop
      vertex 19.9398 4.93921 25.15
      vertex 19.9149 4.9326 25.6
      vertex 19.9398 4.93921 25.6
    endloop
  endfacet
  facet normal -0.256575 0.966524 0
    outer loop
      vertex 19.9149 4.9326 25.6
      vertex 19.9398 4.93921 25.15
      vertex 19.9149 4.9326 25.15
    endloop
  endfacet
  facet normal -0.213697 0.9769 0
    outer loop
      vertex 19.9654 4.94481 25.15
      vertex 19.9398 4.93921 25.6
      vertex 19.9654 4.94481 25.6
    endloop
  endfacet
  facet normal -0.213697 0.9769 0
    outer loop
      vertex 19.9398 4.93921 25.6
      vertex 19.9654 4.94481 25.15
      vertex 19.9398 4.93921 25.15
    endloop
  endfacet
  facet normal -0.171199 0.985236 0
    outer loop
      vertex 19.9917 4.94938 25.15
      vertex 19.9654 4.94481 25.6
      vertex 19.9917 4.94938 25.6
    endloop
  endfacet
  facet normal -0.171199 0.985236 0
    outer loop
      vertex 19.9654 4.94481 25.6
      vertex 19.9917 4.94938 25.15
      vertex 19.9654 4.94481 25.15
    endloop
  endfacet
  facet normal -0.130246 0.991482 0
    outer loop
      vertex 20.0188 4.95294 25.15
      vertex 19.9917 4.94938 25.6
      vertex 20.0188 4.95294 25.6
    endloop
  endfacet
  facet normal -0.130246 0.991482 0
    outer loop
      vertex 19.9917 4.94938 25.6
      vertex 20.0188 4.95294 25.15
      vertex 19.9917 4.94938 25.15
    endloop
  endfacet
  facet normal -0.0916701 0.995789 0
    outer loop
      vertex 20.0465 4.95549 25.15
      vertex 20.0188 4.95294 25.6
      vertex 20.0465 4.95549 25.6
    endloop
  endfacet
  facet normal -0.0916701 0.995789 0
    outer loop
      vertex 20.0188 4.95294 25.6
      vertex 20.0465 4.95549 25.15
      vertex 20.0188 4.95294 25.15
    endloop
  endfacet
  facet normal -0.0534446 0.998571 0
    outer loop
      vertex 20.0749 4.95701 25.15
      vertex 20.0465 4.95549 25.6
      vertex 20.0749 4.95701 25.6
    endloop
  endfacet
  facet normal -0.0534446 0.998571 0
    outer loop
      vertex 20.0465 4.95549 25.6
      vertex 20.0749 4.95701 25.15
      vertex 20.0465 4.95549 25.15
    endloop
  endfacet
  facet normal -0.0174631 0.999848 0
    outer loop
      vertex 20.1041 4.95752 25.15
      vertex 20.0749 4.95701 25.6
      vertex 20.1041 4.95752 25.6
    endloop
  endfacet
  facet normal -0.0174631 0.999848 0
    outer loop
      vertex 20.0749 4.95701 25.6
      vertex 20.1041 4.95752 25.15
      vertex 20.0749 4.95701 25.15
    endloop
  endfacet
  facet normal 0.0167718 0.999859 -0
    outer loop
      vertex 20.1351 4.957 25.15
      vertex 20.1041 4.95752 25.6
      vertex 20.1351 4.957 25.6
    endloop
  endfacet
  facet normal 0.0167718 0.999859 0
    outer loop
      vertex 20.1041 4.95752 25.6
      vertex 20.1351 4.957 25.15
      vertex 20.1041 4.95752 25.15
    endloop
  endfacet
  facet normal 0.0520887 0.998642 -0
    outer loop
      vertex 20.1652 4.95543 25.15
      vertex 20.1351 4.957 25.6
      vertex 20.1652 4.95543 25.6
    endloop
  endfacet
  facet normal 0.0520887 0.998642 0
    outer loop
      vertex 20.1351 4.957 25.6
      vertex 20.1652 4.95543 25.15
      vertex 20.1351 4.957 25.15
    endloop
  endfacet
  facet normal 0.0897054 0.995968 -0
    outer loop
      vertex 20.1944 4.9528 25.15
      vertex 20.1652 4.95543 25.6
      vertex 20.1944 4.9528 25.6
    endloop
  endfacet
  facet normal 0.0897054 0.995968 0
    outer loop
      vertex 20.1652 4.95543 25.6
      vertex 20.1944 4.9528 25.15
      vertex 20.1652 4.95543 25.15
    endloop
  endfacet
  facet normal 0.12895 0.991651 -0
    outer loop
      vertex 20.2227 4.94912 25.15
      vertex 20.1944 4.9528 25.6
      vertex 20.2227 4.94912 25.6
    endloop
  endfacet
  facet normal 0.12895 0.991651 0
    outer loop
      vertex 20.1944 4.9528 25.6
      vertex 20.2227 4.94912 25.15
      vertex 20.1944 4.9528 25.15
    endloop
  endfacet
  facet normal 0.170623 0.985336 -0
    outer loop
      vertex 20.2499 4.94441 25.15
      vertex 20.2227 4.94912 25.6
      vertex 20.2499 4.94441 25.6
    endloop
  endfacet
  facet normal 0.170623 0.985336 0
    outer loop
      vertex 20.2227 4.94912 25.6
      vertex 20.2499 4.94441 25.15
      vertex 20.2227 4.94912 25.15
    endloop
  endfacet
  facet normal 0.21352 0.976939 -0
    outer loop
      vertex 20.2763 4.93864 25.15
      vertex 20.2499 4.94441 25.6
      vertex 20.2763 4.93864 25.6
    endloop
  endfacet
  facet normal 0.21352 0.976939 0
    outer loop
      vertex 20.2499 4.94441 25.6
      vertex 20.2763 4.93864 25.15
      vertex 20.2499 4.94441 25.15
    endloop
  endfacet
  facet normal 0.259319 0.965792 -0
    outer loop
      vertex 20.3017 4.93182 25.15
      vertex 20.2763 4.93864 25.6
      vertex 20.3017 4.93182 25.6
    endloop
  endfacet
  facet normal 0.259319 0.965792 0
    outer loop
      vertex 20.2763 4.93864 25.6
      vertex 20.3017 4.93182 25.15
      vertex 20.2763 4.93864 25.15
    endloop
  endfacet
  facet normal 0.305833 0.952085 -0
    outer loop
      vertex 20.3262 4.92395 25.15
      vertex 20.3017 4.93182 25.6
      vertex 20.3262 4.92395 25.6
    endloop
  endfacet
  facet normal 0.305833 0.952085 0
    outer loop
      vertex 20.3017 4.93182 25.6
      vertex 20.3262 4.92395 25.15
      vertex 20.3017 4.93182 25.15
    endloop
  endfacet
  facet normal 0.354522 0.935048 -0
    outer loop
      vertex 20.3497 4.91504 25.15
      vertex 20.3262 4.92395 25.6
      vertex 20.3497 4.91504 25.6
    endloop
  endfacet
  facet normal 0.354522 0.935048 0
    outer loop
      vertex 20.3262 4.92395 25.6
      vertex 20.3497 4.91504 25.15
      vertex 20.3262 4.92395 25.15
    endloop
  endfacet
  facet normal 0.40362 0.914927 -0
    outer loop
      vertex 20.3723 4.90507 25.15
      vertex 20.3497 4.91504 25.6
      vertex 20.3723 4.90507 25.6
    endloop
  endfacet
  facet normal 0.40362 0.914927 0
    outer loop
      vertex 20.3497 4.91504 25.6
      vertex 20.3723 4.90507 25.15
      vertex 20.3497 4.91504 25.15
    endloop
  endfacet
  facet normal 0.45413 0.890936 -0
    outer loop
      vertex 20.3939 4.89406 25.15
      vertex 20.3723 4.90507 25.6
      vertex 20.3939 4.89406 25.6
    endloop
  endfacet
  facet normal 0.45413 0.890936 0
    outer loop
      vertex 20.3723 4.90507 25.6
      vertex 20.3939 4.89406 25.15
      vertex 20.3723 4.90507 25.15
    endloop
  endfacet
  facet normal 0.503715 0.86387 -0
    outer loop
      vertex 20.4146 4.88199 25.15
      vertex 20.3939 4.89406 25.6
      vertex 20.4146 4.88199 25.6
    endloop
  endfacet
  facet normal 0.503715 0.86387 0
    outer loop
      vertex 20.3939 4.89406 25.6
      vertex 20.4146 4.88199 25.15
      vertex 20.3939 4.89406 25.15
    endloop
  endfacet
  facet normal 0.554017 0.832505 -0
    outer loop
      vertex 20.4343 4.86888 25.15
      vertex 20.4146 4.88199 25.6
      vertex 20.4343 4.86888 25.6
    endloop
  endfacet
  facet normal 0.554017 0.832505 0
    outer loop
      vertex 20.4146 4.88199 25.6
      vertex 20.4343 4.86888 25.15
      vertex 20.4146 4.88199 25.15
    endloop
  endfacet
  facet normal 0.60163 0.798775 -0
    outer loop
      vertex 20.4531 4.85472 25.15
      vertex 20.4343 4.86888 25.6
      vertex 20.4531 4.85472 25.6
    endloop
  endfacet
  facet normal 0.60163 0.798775 0
    outer loop
      vertex 20.4343 4.86888 25.6
      vertex 20.4531 4.85472 25.15
      vertex 20.4343 4.86888 25.15
    endloop
  endfacet
  facet normal 0.647525 0.762044 -0
    outer loop
      vertex 20.471 4.83951 25.15
      vertex 20.4531 4.85472 25.6
      vertex 20.471 4.83951 25.6
    endloop
  endfacet
  facet normal 0.647525 0.762044 0
    outer loop
      vertex 20.4531 4.85472 25.6
      vertex 20.471 4.83951 25.15
      vertex 20.4531 4.85472 25.15
    endloop
  endfacet
  facet normal 0.693552 0.720407 -0
    outer loop
      vertex 20.4879 4.82324 25.15
      vertex 20.471 4.83951 25.6
      vertex 20.4879 4.82324 25.6
    endloop
  endfacet
  facet normal 0.693552 0.720407 0
    outer loop
      vertex 20.471 4.83951 25.6
      vertex 20.4879 4.82324 25.15
      vertex 20.471 4.83951 25.15
    endloop
  endfacet
  facet normal 0.733918 0.679238 0
    outer loop
      vertex 20.5038 4.80606 25.6
      vertex 20.4879 4.82324 25.15
      vertex 20.4879 4.82324 25.6
    endloop
  endfacet
  facet normal 0.733918 0.679238 0
    outer loop
      vertex 20.4879 4.82324 25.15
      vertex 20.5038 4.80606 25.6
      vertex 20.5038 4.80606 25.15
    endloop
  endfacet
  facet normal 0.769973 0.638076 0
    outer loop
      vertex 20.5187 4.78808 25.6
      vertex 20.5038 4.80606 25.15
      vertex 20.5038 4.80606 25.6
    endloop
  endfacet
  facet normal 0.769973 0.638076 0
    outer loop
      vertex 20.5038 4.80606 25.15
      vertex 20.5187 4.78808 25.6
      vertex 20.5187 4.78808 25.15
    endloop
  endfacet
  facet normal 0.803633 0.595125 0
    outer loop
      vertex 20.5326 4.76931 25.6
      vertex 20.5187 4.78808 25.15
      vertex 20.5187 4.78808 25.6
    endloop
  endfacet
  facet normal 0.803633 0.595125 0
    outer loop
      vertex 20.5187 4.78808 25.15
      vertex 20.5326 4.76931 25.6
      vertex 20.5326 4.76931 25.15
    endloop
  endfacet
  facet normal 0.834798 0.550557 0
    outer loop
      vertex 20.5455 4.74975 25.6
      vertex 20.5326 4.76931 25.15
      vertex 20.5326 4.76931 25.6
    endloop
  endfacet
  facet normal 0.834798 0.550557 0
    outer loop
      vertex 20.5326 4.76931 25.15
      vertex 20.5455 4.74975 25.6
      vertex 20.5455 4.74975 25.15
    endloop
  endfacet
  facet normal 0.8653 0.501254 0
    outer loop
      vertex 20.5573 4.72938 25.6
      vertex 20.5455 4.74975 25.15
      vertex 20.5455 4.74975 25.6
    endloop
  endfacet
  facet normal 0.8653 0.501254 0
    outer loop
      vertex 20.5455 4.74975 25.15
      vertex 20.5573 4.72938 25.6
      vertex 20.5573 4.72938 25.15
    endloop
  endfacet
  facet normal 0.890605 0.454777 0
    outer loop
      vertex 20.5681 4.70823 25.6
      vertex 20.5573 4.72938 25.15
      vertex 20.5573 4.72938 25.6
    endloop
  endfacet
  facet normal 0.890605 0.454777 0
    outer loop
      vertex 20.5573 4.72938 25.15
      vertex 20.5681 4.70823 25.6
      vertex 20.5681 4.70823 25.15
    endloop
  endfacet
  facet normal 0.914601 0.404359 0
    outer loop
      vertex 20.5778 4.68629 25.6
      vertex 20.5681 4.70823 25.15
      vertex 20.5681 4.70823 25.6
    endloop
  endfacet
  facet normal 0.914601 0.404359 0
    outer loop
      vertex 20.5681 4.70823 25.15
      vertex 20.5778 4.68629 25.6
      vertex 20.5778 4.68629 25.15
    endloop
  endfacet
  facet normal 0.932657 0.360764 0
    outer loop
      vertex 20.5866 4.66354 25.6
      vertex 20.5778 4.68629 25.15
      vertex 20.5778 4.68629 25.6
    endloop
  endfacet
  facet normal 0.932657 0.360764 0
    outer loop
      vertex 20.5778 4.68629 25.15
      vertex 20.5866 4.66354 25.6
      vertex 20.5866 4.66354 25.15
    endloop
  endfacet
  facet normal 0.950406 0.311013 0
    outer loop
      vertex 20.5943 4.64001 25.6
      vertex 20.5866 4.66354 25.15
      vertex 20.5866 4.66354 25.6
    endloop
  endfacet
  facet normal 0.950406 0.311013 0
    outer loop
      vertex 20.5866 4.66354 25.15
      vertex 20.5943 4.64001 25.6
      vertex 20.5943 4.64001 25.15
    endloop
  endfacet
  facet normal 0.96414 0.265396 0
    outer loop
      vertex 20.601 4.61567 25.6
      vertex 20.5943 4.64001 25.15
      vertex 20.5943 4.64001 25.6
    endloop
  endfacet
  facet normal 0.96414 0.265396 0
    outer loop
      vertex 20.5943 4.64001 25.15
      vertex 20.601 4.61567 25.6
      vertex 20.601 4.61567 25.15
    endloop
  endfacet
  facet normal 0.976059 0.217506 0
    outer loop
      vertex 20.6066 4.59054 25.6
      vertex 20.601 4.61567 25.15
      vertex 20.601 4.61567 25.6
    endloop
  endfacet
  facet normal 0.976059 0.217506 0
    outer loop
      vertex 20.601 4.61567 25.15
      vertex 20.6066 4.59054 25.6
      vertex 20.6066 4.59054 25.15
    endloop
  endfacet
  facet normal 0.984603 0.174804 0
    outer loop
      vertex 20.6112 4.56463 25.6
      vertex 20.6066 4.59054 25.15
      vertex 20.6066 4.59054 25.6
    endloop
  endfacet
  facet normal 0.984603 0.174804 0
    outer loop
      vertex 20.6066 4.59054 25.15
      vertex 20.6112 4.56463 25.6
      vertex 20.6112 4.56463 25.15
    endloop
  endfacet
  facet normal 0.991039 0.133573 0
    outer loop
      vertex 20.6148 4.53792 25.6
      vertex 20.6112 4.56463 25.15
      vertex 20.6112 4.56463 25.6
    endloop
  endfacet
  facet normal 0.991039 0.133573 0
    outer loop
      vertex 20.6112 4.56463 25.15
      vertex 20.6148 4.53792 25.6
      vertex 20.6148 4.53792 25.15
    endloop
  endfacet
  facet normal 0.995567 0.0940579 0
    outer loop
      vertex 20.6174 4.5104 25.6
      vertex 20.6148 4.53792 25.15
      vertex 20.6148 4.53792 25.6
    endloop
  endfacet
  facet normal 0.995567 0.0940579 0
    outer loop
      vertex 20.6148 4.53792 25.15
      vertex 20.6174 4.5104 25.6
      vertex 20.6174 4.5104 25.15
    endloop
  endfacet
  facet normal 0.998598 0.0529292 0
    outer loop
      vertex 20.6189 4.4821 25.6
      vertex 20.6174 4.5104 25.15
      vertex 20.6174 4.5104 25.6
    endloop
  endfacet
  facet normal 0.998598 0.0529292 0
    outer loop
      vertex 20.6174 4.5104 25.15
      vertex 20.6189 4.4821 25.6
      vertex 20.6189 4.4821 25.15
    endloop
  endfacet
  facet normal 0.999788 0.0206142 0
    outer loop
      vertex 20.6195 4.453 25.6
      vertex 20.6189 4.4821 25.15
      vertex 20.6189 4.4821 25.6
    endloop
  endfacet
  facet normal 0.999788 0.0206142 0
    outer loop
      vertex 20.6189 4.4821 25.15
      vertex 20.6195 4.453 25.6
      vertex 20.6195 4.453 25.15
    endloop
  endfacet
  facet normal 0.999881 -0.0154303 0
    outer loop
      vertex 20.6192 4.43356 25.6
      vertex 20.6195 4.453 25.15
      vertex 20.6195 4.453 25.6
    endloop
  endfacet
  facet normal 0.999881 -0.0154303 0
    outer loop
      vertex 20.6195 4.453 25.15
      vertex 20.6192 4.43356 25.6
      vertex 20.6192 4.43356 25.15
    endloop
  endfacet
  facet normal 0.999323 -0.0367978 0
    outer loop
      vertex 20.6185 4.41455 25.6
      vertex 20.6192 4.43356 25.15
      vertex 20.6192 4.43356 25.6
    endloop
  endfacet
  facet normal 0.999323 -0.0367978 0
    outer loop
      vertex 20.6192 4.43356 25.15
      vertex 20.6185 4.41455 25.6
      vertex 20.6185 4.41455 25.15
    endloop
  endfacet
  facet normal 0.998254 -0.0590683 0
    outer loop
      vertex 20.6174 4.39596 25.6
      vertex 20.6185 4.41455 25.15
      vertex 20.6185 4.41455 25.6
    endloop
  endfacet
  facet normal 0.998254 -0.0590683 0
    outer loop
      vertex 20.6185 4.41455 25.15
      vertex 20.6174 4.39596 25.6
      vertex 20.6174 4.39596 25.15
    endloop
  endfacet
  facet normal 0.995637 -0.0933067 0
    outer loop
      vertex 20.6157 4.37782 25.6
      vertex 20.6174 4.39596 25.15
      vertex 20.6174 4.39596 25.6
    endloop
  endfacet
  facet normal 0.995637 -0.0933067 0
    outer loop
      vertex 20.6174 4.39596 25.15
      vertex 20.6157 4.37782 25.6
      vertex 20.6157 4.37782 25.15
    endloop
  endfacet
  facet normal 0.993051 -0.117687 0
    outer loop
      vertex 20.6136 4.3601 25.6
      vertex 20.6157 4.37782 25.15
      vertex 20.6157 4.37782 25.6
    endloop
  endfacet
  facet normal 0.993051 -0.117687 0
    outer loop
      vertex 20.6157 4.37782 25.15
      vertex 20.6136 4.3601 25.6
      vertex 20.6136 4.3601 25.15
    endloop
  endfacet
  facet normal 0.989684 -0.143266 0
    outer loop
      vertex 20.6111 4.34283 25.6
      vertex 20.6136 4.3601 25.15
      vertex 20.6136 4.3601 25.6
    endloop
  endfacet
  facet normal 0.989684 -0.143266 0
    outer loop
      vertex 20.6136 4.3601 25.15
      vertex 20.6111 4.34283 25.6
      vertex 20.6111 4.34283 25.15
    endloop
  endfacet
  facet normal 0.983475 -0.181044 0
    outer loop
      vertex 20.608 4.32599 25.6
      vertex 20.6111 4.34283 25.15
      vertex 20.6111 4.34283 25.6
    endloop
  endfacet
  facet normal 0.983475 -0.181044 0
    outer loop
      vertex 20.6111 4.34283 25.15
      vertex 20.608 4.32599 25.6
      vertex 20.608 4.32599 25.15
    endloop
  endfacet
  facet normal 0.978003 -0.208593 0
    outer loop
      vertex 20.6045 4.30958 25.6
      vertex 20.608 4.32599 25.15
      vertex 20.608 4.32599 25.6
    endloop
  endfacet
  facet normal 0.978003 -0.208593 0
    outer loop
      vertex 20.608 4.32599 25.15
      vertex 20.6045 4.30958 25.6
      vertex 20.6045 4.30958 25.15
    endloop
  endfacet
  facet normal 0.971452 -0.237236 0
    outer loop
      vertex 20.6006 4.29361 25.6
      vertex 20.6045 4.30958 25.15
      vertex 20.6045 4.30958 25.6
    endloop
  endfacet
  facet normal 0.971452 -0.237236 0
    outer loop
      vertex 20.6045 4.30958 25.15
      vertex 20.6006 4.29361 25.6
      vertex 20.6006 4.29361 25.15
    endloop
  endfacet
  facet normal 0.960538 -0.278148 0
    outer loop
      vertex 20.5961 4.27807 25.6
      vertex 20.6006 4.29361 25.15
      vertex 20.6006 4.29361 25.6
    endloop
  endfacet
  facet normal 0.960538 -0.278148 0
    outer loop
      vertex 20.6006 4.29361 25.15
      vertex 20.5961 4.27807 25.6
      vertex 20.5961 4.27807 25.15
    endloop
  endfacet
  facet normal 0.951173 -0.308659 0
    outer loop
      vertex 20.5912 4.26297 25.6
      vertex 20.5961 4.27807 25.15
      vertex 20.5961 4.27807 25.6
    endloop
  endfacet
  facet normal 0.951173 -0.308659 0
    outer loop
      vertex 20.5961 4.27807 25.15
      vertex 20.5912 4.26297 25.6
      vertex 20.5912 4.26297 25.15
    endloop
  endfacet
  facet normal 0.940503 -0.339786 0
    outer loop
      vertex 20.5859 4.2483 25.6
      vertex 20.5912 4.26297 25.15
      vertex 20.5912 4.26297 25.6
    endloop
  endfacet
  facet normal 0.940503 -0.339786 0
    outer loop
      vertex 20.5912 4.26297 25.15
      vertex 20.5859 4.2483 25.6
      vertex 20.5859 4.2483 25.15
    endloop
  endfacet
  facet normal 0.926033 -0.377442 0
    outer loop
      vertex 20.5801 4.23407 25.6
      vertex 20.5859 4.2483 25.15
      vertex 20.5859 4.2483 25.6
    endloop
  endfacet
  facet normal 0.926033 -0.377442 0
    outer loop
      vertex 20.5859 4.2483 25.15
      vertex 20.5801 4.23407 25.6
      vertex 20.5801 4.23407 25.15
    endloop
  endfacet
  facet normal 0.909802 -0.415043 0
    outer loop
      vertex 20.5738 4.22026 25.6
      vertex 20.5801 4.23407 25.15
      vertex 20.5801 4.23407 25.6
    endloop
  endfacet
  facet normal 0.909802 -0.415043 0
    outer loop
      vertex 20.5801 4.23407 25.15
      vertex 20.5738 4.22026 25.6
      vertex 20.5738 4.22026 25.15
    endloop
  endfacet
  facet normal 0.891339 -0.453336 0
    outer loop
      vertex 20.567 4.20689 25.6
      vertex 20.5738 4.22026 25.15
      vertex 20.5738 4.22026 25.6
    endloop
  endfacet
  facet normal 0.891339 -0.453336 0
    outer loop
      vertex 20.5738 4.22026 25.15
      vertex 20.567 4.20689 25.6
      vertex 20.567 4.20689 25.15
    endloop
  endfacet
  facet normal 0.873519 -0.486791 0
    outer loop
      vertex 20.5598 4.19397 25.6
      vertex 20.567 4.20689 25.15
      vertex 20.567 4.20689 25.6
    endloop
  endfacet
  facet normal 0.873519 -0.486791 0
    outer loop
      vertex 20.567 4.20689 25.15
      vertex 20.5598 4.19397 25.6
      vertex 20.5598 4.19397 25.15
    endloop
  endfacet
  facet normal 0.855381 -0.518 0
    outer loop
      vertex 20.5522 4.18142 25.6
      vertex 20.5598 4.19397 25.15
      vertex 20.5598 4.19397 25.6
    endloop
  endfacet
  facet normal 0.855381 -0.518 0
    outer loop
      vertex 20.5598 4.19397 25.15
      vertex 20.5522 4.18142 25.6
      vertex 20.5522 4.18142 25.15
    endloop
  endfacet
  facet normal 0.839182 -0.543851 0
    outer loop
      vertex 20.5443 4.16923 25.6
      vertex 20.5522 4.18142 25.15
      vertex 20.5522 4.18142 25.6
    endloop
  endfacet
  facet normal 0.839182 -0.543851 0
    outer loop
      vertex 20.5522 4.18142 25.15
      vertex 20.5443 4.16923 25.6
      vertex 20.5443 4.16923 25.15
    endloop
  endfacet
  facet normal 0.825341 -0.564634 0
    outer loop
      vertex 20.5362 4.15739 25.6
      vertex 20.5443 4.16923 25.15
      vertex 20.5443 4.16923 25.6
    endloop
  endfacet
  facet normal 0.825341 -0.564634 0
    outer loop
      vertex 20.5443 4.16923 25.15
      vertex 20.5362 4.15739 25.6
      vertex 20.5362 4.15739 25.15
    endloop
  endfacet
  facet normal 0.803929 -0.594725 0
    outer loop
      vertex 20.5277 4.1459 25.6
      vertex 20.5362 4.15739 25.15
      vertex 20.5362 4.15739 25.6
    endloop
  endfacet
  facet normal 0.803929 -0.594725 0
    outer loop
      vertex 20.5362 4.15739 25.15
      vertex 20.5277 4.1459 25.6
      vertex 20.5277 4.1459 25.15
    endloop
  endfacet
  facet normal 0.788132 -0.615507 0
    outer loop
      vertex 20.519 4.13476 25.6
      vertex 20.5277 4.1459 25.15
      vertex 20.5277 4.1459 25.6
    endloop
  endfacet
  facet normal 0.788132 -0.615507 0
    outer loop
      vertex 20.5277 4.1459 25.15
      vertex 20.519 4.13476 25.6
      vertex 20.519 4.13476 25.15
    endloop
  endfacet
  facet normal 0.771724 -0.635958 0
    outer loop
      vertex 20.5101 4.12396 25.6
      vertex 20.519 4.13476 25.15
      vertex 20.519 4.13476 25.6
    endloop
  endfacet
  facet normal 0.771724 -0.635958 0
    outer loop
      vertex 20.519 4.13476 25.15
      vertex 20.5101 4.12396 25.6
      vertex 20.5101 4.12396 25.15
    endloop
  endfacet
  facet normal 0.746699 -0.665163 0
    outer loop
      vertex 20.5008 4.11352 25.6
      vertex 20.5101 4.12396 25.15
      vertex 20.5101 4.12396 25.6
    endloop
  endfacet
  facet normal 0.746699 -0.665163 0
    outer loop
      vertex 20.5101 4.12396 25.15
      vertex 20.5008 4.11352 25.6
      vertex 20.5008 4.11352 25.15
    endloop
  endfacet
  facet normal 0.727734 -0.68586 0
    outer loop
      vertex 20.4913 4.10344 25.6
      vertex 20.5008 4.11352 25.15
      vertex 20.5008 4.11352 25.6
    endloop
  endfacet
  facet normal 0.727734 -0.68586 0
    outer loop
      vertex 20.5008 4.11352 25.15
      vertex 20.4913 4.10344 25.6
      vertex 20.4913 4.10344 25.15
    endloop
  endfacet
  facet normal 0.705296 -0.708913 0
    outer loop
      vertex 20.4815 4.09369 25.15
      vertex 20.4913 4.10344 25.6
      vertex 20.4815 4.09369 25.6
    endloop
  endfacet
  facet normal 0.705296 -0.708913 0
    outer loop
      vertex 20.4913 4.10344 25.6
      vertex 20.4815 4.09369 25.15
      vertex 20.4913 4.10344 25.15
    endloop
  endfacet
  facet normal 0.680896 -0.73238 0
    outer loop
      vertex 20.4714 4.0843 25.15
      vertex 20.4815 4.09369 25.6
      vertex 20.4714 4.0843 25.6
    endloop
  endfacet
  facet normal 0.680896 -0.73238 0
    outer loop
      vertex 20.4815 4.09369 25.6
      vertex 20.4714 4.0843 25.15
      vertex 20.4815 4.09369 25.15
    endloop
  endfacet
  facet normal 0.656448 -0.754371 0
    outer loop
      vertex 20.461 4.07525 25.15
      vertex 20.4714 4.0843 25.6
      vertex 20.461 4.07525 25.6
    endloop
  endfacet
  facet normal 0.656448 -0.754371 0
    outer loop
      vertex 20.4714 4.0843 25.6
      vertex 20.461 4.07525 25.15
      vertex 20.4714 4.0843 25.15
    endloop
  endfacet
  facet normal 0.633992 -0.773339 0
    outer loop
      vertex 20.4504 4.06656 25.15
      vertex 20.461 4.07525 25.6
      vertex 20.4504 4.06656 25.6
    endloop
  endfacet
  facet normal 0.633992 -0.773339 0
    outer loop
      vertex 20.461 4.07525 25.6
      vertex 20.4504 4.06656 25.15
      vertex 20.461 4.07525 25.15
    endloop
  endfacet
  facet normal 0.608126 -0.793841 0
    outer loop
      vertex 20.4395 4.05821 25.15
      vertex 20.4504 4.06656 25.6
      vertex 20.4395 4.05821 25.6
    endloop
  endfacet
  facet normal 0.608126 -0.793841 0
    outer loop
      vertex 20.4504 4.06656 25.6
      vertex 20.4395 4.05821 25.15
      vertex 20.4504 4.06656 25.15
    endloop
  endfacet
  facet normal 0.580275 -0.814421 0
    outer loop
      vertex 20.4283 4.05023 25.15
      vertex 20.4395 4.05821 25.6
      vertex 20.4283 4.05023 25.6
    endloop
  endfacet
  facet normal 0.580275 -0.814421 0
    outer loop
      vertex 20.4395 4.05821 25.6
      vertex 20.4283 4.05023 25.15
      vertex 20.4395 4.05821 25.15
    endloop
  endfacet
  facet normal 0.557219 -0.830366 0
    outer loop
      vertex 20.4169 4.04258 25.15
      vertex 20.4283 4.05023 25.6
      vertex 20.4169 4.04258 25.6
    endloop
  endfacet
  facet normal 0.557219 -0.830366 0
    outer loop
      vertex 20.4283 4.05023 25.6
      vertex 20.4169 4.04258 25.15
      vertex 20.4283 4.05023 25.15
    endloop
  endfacet
  facet normal 0.526106 -0.850419 0
    outer loop
      vertex 20.4051 4.03528 25.15
      vertex 20.4169 4.04258 25.6
      vertex 20.4051 4.03528 25.6
    endloop
  endfacet
  facet normal 0.526106 -0.850419 0
    outer loop
      vertex 20.4169 4.04258 25.6
      vertex 20.4051 4.03528 25.15
      vertex 20.4169 4.04258 25.15
    endloop
  endfacet
  facet normal 0.505943 -0.862567 0
    outer loop
      vertex 20.3932 4.0283 25.15
      vertex 20.4051 4.03528 25.6
      vertex 20.3932 4.0283 25.6
    endloop
  endfacet
  facet normal 0.505943 -0.862567 0
    outer loop
      vertex 20.4051 4.03528 25.6
      vertex 20.3932 4.0283 25.15
      vertex 20.4051 4.03528 25.15
    endloop
  endfacet
  facet normal 0.481919 -0.876216 0
    outer loop
      vertex 20.381 4.02159 25.15
      vertex 20.3932 4.0283 25.6
      vertex 20.381 4.02159 25.6
    endloop
  endfacet
  facet normal 0.481919 -0.876216 0
    outer loop
      vertex 20.3932 4.0283 25.6
      vertex 20.381 4.02159 25.15
      vertex 20.3932 4.0283 25.15
    endloop
  endfacet
  facet normal 0.46328 -0.886212 0
    outer loop
      vertex 20.3687 4.01516 25.15
      vertex 20.381 4.02159 25.6
      vertex 20.3687 4.01516 25.6
    endloop
  endfacet
  facet normal 0.46328 -0.886212 0
    outer loop
      vertex 20.381 4.02159 25.6
      vertex 20.3687 4.01516 25.15
      vertex 20.381 4.02159 25.15
    endloop
  endfacet
  facet normal 0.442039 -0.896996 0
    outer loop
      vertex 20.3562 4.009 25.15
      vertex 20.3687 4.01516 25.6
      vertex 20.3562 4.009 25.6
    endloop
  endfacet
  facet normal 0.442039 -0.896996 0
    outer loop
      vertex 20.3687 4.01516 25.6
      vertex 20.3562 4.009 25.15
      vertex 20.3687 4.01516 25.15
    endloop
  endfacet
  facet normal 0.422295 -0.906459 0
    outer loop
      vertex 20.3436 4.00313 25.15
      vertex 20.3562 4.009 25.6
      vertex 20.3436 4.00313 25.6
    endloop
  endfacet
  facet normal 0.422295 -0.906459 0
    outer loop
      vertex 20.3562 4.009 25.6
      vertex 20.3436 4.00313 25.15
      vertex 20.3562 4.009 25.15
    endloop
  endfacet
  facet normal 0.398206 -0.917296 0
    outer loop
      vertex 20.3307 3.99753 25.15
      vertex 20.3436 4.00313 25.6
      vertex 20.3307 3.99753 25.6
    endloop
  endfacet
  facet normal 0.398206 -0.917296 0
    outer loop
      vertex 20.3436 4.00313 25.6
      vertex 20.3307 3.99753 25.15
      vertex 20.3436 4.00313 25.15
    endloop
  endfacet
  facet normal 0.380571 -0.924752 0
    outer loop
      vertex 20.3177 3.99218 25.15
      vertex 20.3307 3.99753 25.6
      vertex 20.3177 3.99218 25.6
    endloop
  endfacet
  facet normal 0.380571 -0.924752 0
    outer loop
      vertex 20.3307 3.99753 25.6
      vertex 20.3177 3.99218 25.15
      vertex 20.3307 3.99753 25.15
    endloop
  endfacet
  facet normal 0.354972 -0.934877 0
    outer loop
      vertex 20.3044 3.98713 25.15
      vertex 20.3177 3.99218 25.6
      vertex 20.3044 3.98713 25.6
    endloop
  endfacet
  facet normal 0.354972 -0.934877 0
    outer loop
      vertex 20.3177 3.99218 25.6
      vertex 20.3044 3.98713 25.15
      vertex 20.3177 3.99218 25.15
    endloop
  endfacet
  facet normal 0.335356 -0.942091 0
    outer loop
      vertex 20.291 3.98236 25.15
      vertex 20.3044 3.98713 25.6
      vertex 20.291 3.98236 25.6
    endloop
  endfacet
  facet normal 0.335356 -0.942091 0
    outer loop
      vertex 20.3044 3.98713 25.6
      vertex 20.291 3.98236 25.15
      vertex 20.3044 3.98713 25.15
    endloop
  endfacet
  facet normal 0.317492 -0.948261 0
    outer loop
      vertex 20.2775 3.97784 25.15
      vertex 20.291 3.98236 25.6
      vertex 20.2775 3.97784 25.6
    endloop
  endfacet
  facet normal 0.317492 -0.948261 0
    outer loop
      vertex 20.291 3.98236 25.6
      vertex 20.2775 3.97784 25.15
      vertex 20.291 3.98236 25.15
    endloop
  endfacet
  facet normal 0.293063 -0.956093 0
    outer loop
      vertex 20.2637 3.97361 25.15
      vertex 20.2775 3.97784 25.6
      vertex 20.2637 3.97361 25.6
    endloop
  endfacet
  facet normal 0.293063 -0.956093 0
    outer loop
      vertex 20.2775 3.97784 25.6
      vertex 20.2637 3.97361 25.15
      vertex 20.2775 3.97784 25.15
    endloop
  endfacet
  facet normal 0.27335 -0.961915 0
    outer loop
      vertex 20.2498 3.96966 25.15
      vertex 20.2637 3.97361 25.6
      vertex 20.2498 3.96966 25.6
    endloop
  endfacet
  facet normal 0.27335 -0.961915 0
    outer loop
      vertex 20.2637 3.97361 25.6
      vertex 20.2498 3.96966 25.15
      vertex 20.2637 3.97361 25.15
    endloop
  endfacet
  facet normal 0.251891 -0.967756 0
    outer loop
      vertex 20.2357 3.96599 25.15
      vertex 20.2498 3.96966 25.6
      vertex 20.2357 3.96599 25.6
    endloop
  endfacet
  facet normal 0.251891 -0.967756 0
    outer loop
      vertex 20.2498 3.96966 25.6
      vertex 20.2357 3.96599 25.15
      vertex 20.2498 3.96966 25.15
    endloop
  endfacet
  facet normal 0.231958 -0.972726 0
    outer loop
      vertex 20.2214 3.96258 25.15
      vertex 20.2357 3.96599 25.6
      vertex 20.2214 3.96258 25.6
    endloop
  endfacet
  facet normal 0.231958 -0.972726 0
    outer loop
      vertex 20.2357 3.96599 25.6
      vertex 20.2214 3.96258 25.15
      vertex 20.2357 3.96599 25.15
    endloop
  endfacet
  facet normal 0.211002 -0.977486 0
    outer loop
      vertex 20.2069 3.95945 25.15
      vertex 20.2214 3.96258 25.6
      vertex 20.2069 3.95945 25.6
    endloop
  endfacet
  facet normal 0.211002 -0.977486 0
    outer loop
      vertex 20.2214 3.96258 25.6
      vertex 20.2069 3.95945 25.15
      vertex 20.2214 3.96258 25.15
    endloop
  endfacet
  facet normal 0.190333 -0.98172 0
    outer loop
      vertex 20.1922 3.9566 25.15
      vertex 20.2069 3.95945 25.6
      vertex 20.1922 3.9566 25.6
    endloop
  endfacet
  facet normal 0.190333 -0.98172 0
    outer loop
      vertex 20.2069 3.95945 25.6
      vertex 20.1922 3.9566 25.15
      vertex 20.2069 3.95945 25.15
    endloop
  endfacet
  facet normal 0.175466 -0.984485 0
    outer loop
      vertex 20.1775 3.95398 25.15
      vertex 20.1922 3.9566 25.6
      vertex 20.1775 3.95398 25.6
    endloop
  endfacet
  facet normal 0.175466 -0.984485 0
    outer loop
      vertex 20.1922 3.9566 25.6
      vertex 20.1775 3.95398 25.15
      vertex 20.1922 3.9566 25.15
    endloop
  endfacet
  facet normal 0.165052 -0.986285 0
    outer loop
      vertex 20.1628 3.95152 25.15
      vertex 20.1775 3.95398 25.6
      vertex 20.1628 3.95152 25.6
    endloop
  endfacet
  facet normal 0.165052 -0.986285 0
    outer loop
      vertex 20.1775 3.95398 25.6
      vertex 20.1628 3.95152 25.15
      vertex 20.1775 3.95398 25.15
    endloop
  endfacet
  facet normal 0.153926 -0.988082 0
    outer loop
      vertex 20.1481 3.94923 25.15
      vertex 20.1628 3.95152 25.6
      vertex 20.1481 3.94923 25.6
    endloop
  endfacet
  facet normal 0.153926 -0.988082 0
    outer loop
      vertex 20.1628 3.95152 25.6
      vertex 20.1481 3.94923 25.15
      vertex 20.1628 3.95152 25.15
    endloop
  endfacet
  facet normal 0.143698 -0.989622 0
    outer loop
      vertex 20.1335 3.94711 25.15
      vertex 20.1481 3.94923 25.6
      vertex 20.1335 3.94711 25.6
    endloop
  endfacet
  facet normal 0.143698 -0.989622 0
    outer loop
      vertex 20.1481 3.94923 25.6
      vertex 20.1335 3.94711 25.15
      vertex 20.1481 3.94923 25.15
    endloop
  endfacet
  facet normal 0.131719 -0.991287 0
    outer loop
      vertex 20.1189 3.94517 25.15
      vertex 20.1335 3.94711 25.6
      vertex 20.1189 3.94517 25.6
    endloop
  endfacet
  facet normal 0.131719 -0.991287 0
    outer loop
      vertex 20.1335 3.94711 25.6
      vertex 20.1189 3.94517 25.15
      vertex 20.1335 3.94711 25.15
    endloop
  endfacet
  facet normal 0.121022 -0.99265 0
    outer loop
      vertex 20.1043 3.94339 25.15
      vertex 20.1189 3.94517 25.6
      vertex 20.1043 3.94339 25.6
    endloop
  endfacet
  facet normal 0.121022 -0.99265 0
    outer loop
      vertex 20.1189 3.94517 25.6
      vertex 20.1043 3.94339 25.15
      vertex 20.1189 3.94517 25.15
    endloop
  endfacet
  facet normal 0.110356 -0.993892 0
    outer loop
      vertex 20.0898 3.94178 25.15
      vertex 20.1043 3.94339 25.6
      vertex 20.0898 3.94178 25.6
    endloop
  endfacet
  facet normal 0.110356 -0.993892 0
    outer loop
      vertex 20.1043 3.94339 25.6
      vertex 20.0898 3.94178 25.15
      vertex 20.1043 3.94339 25.15
    endloop
  endfacet
  facet normal 0.0981539 -0.995171 0
    outer loop
      vertex 20.0752 3.94034 25.15
      vertex 20.0898 3.94178 25.6
      vertex 20.0752 3.94034 25.6
    endloop
  endfacet
  facet normal 0.0981539 -0.995171 0
    outer loop
      vertex 20.0898 3.94178 25.6
      vertex 20.0752 3.94034 25.15
      vertex 20.0898 3.94178 25.15
    endloop
  endfacet
  facet normal 0.0878534 -0.996133 0
    outer loop
      vertex 20.0608 3.93907 25.15
      vertex 20.0752 3.94034 25.6
      vertex 20.0608 3.93907 25.6
    endloop
  endfacet
  facet normal 0.0878534 -0.996133 0
    outer loop
      vertex 20.0752 3.94034 25.6
      vertex 20.0608 3.93907 25.15
      vertex 20.0752 3.94034 25.15
    endloop
  endfacet
  facet normal 0.0756447 -0.997135 0
    outer loop
      vertex 20.0463 3.93797 25.15
      vertex 20.0608 3.93907 25.6
      vertex 20.0463 3.93797 25.6
    endloop
  endfacet
  facet normal 0.0756447 -0.997135 0
    outer loop
      vertex 20.0608 3.93907 25.6
      vertex 20.0463 3.93797 25.15
      vertex 20.0608 3.93907 25.15
    endloop
  endfacet
  facet normal 0.0644491 -0.997921 0
    outer loop
      vertex 20.0319 3.93704 25.15
      vertex 20.0463 3.93797 25.6
      vertex 20.0319 3.93704 25.6
    endloop
  endfacet
  facet normal 0.0644491 -0.997921 0
    outer loop
      vertex 20.0463 3.93797 25.6
      vertex 20.0319 3.93704 25.15
      vertex 20.0463 3.93797 25.15
    endloop
  endfacet
  facet normal 0.0527044 -0.99861 0
    outer loop
      vertex 20.0175 3.93628 25.15
      vertex 20.0319 3.93704 25.6
      vertex 20.0175 3.93628 25.6
    endloop
  endfacet
  facet normal 0.0527044 -0.99861 0
    outer loop
      vertex 20.0319 3.93704 25.6
      vertex 20.0175 3.93628 25.15
      vertex 20.0319 3.93704 25.15
    endloop
  endfacet
  facet normal 0.0419212 -0.999121 0
    outer loop
      vertex 20.0032 3.93568 25.15
      vertex 20.0175 3.93628 25.6
      vertex 20.0032 3.93568 25.6
    endloop
  endfacet
  facet normal 0.0419212 -0.999121 0
    outer loop
      vertex 20.0175 3.93628 25.6
      vertex 20.0032 3.93568 25.15
      vertex 20.0175 3.93628 25.15
    endloop
  endfacet
  facet normal 0.0298478 -0.999554 0
    outer loop
      vertex 19.9888 3.93525 25.15
      vertex 20.0032 3.93568 25.6
      vertex 19.9888 3.93525 25.6
    endloop
  endfacet
  facet normal 0.0298478 -0.999554 0
    outer loop
      vertex 20.0032 3.93568 25.6
      vertex 19.9888 3.93525 25.15
      vertex 20.0032 3.93568 25.15
    endloop
  endfacet
  facet normal 0.0167809 -0.999859 0
    outer loop
      vertex 19.9745 3.93501 25.15
      vertex 19.9888 3.93525 25.6
      vertex 19.9745 3.93501 25.6
    endloop
  endfacet
  facet normal 0.0167809 -0.999859 0
    outer loop
      vertex 19.9888 3.93525 25.6
      vertex 19.9745 3.93501 25.15
      vertex 19.9888 3.93525 25.15
    endloop
  endfacet
  facet normal 0.0063379 -0.99998 0
    outer loop
      vertex 19.9603 3.93492 25.15
      vertex 19.9745 3.93501 25.6
      vertex 19.9603 3.93492 25.6
    endloop
  endfacet
  facet normal 0.0063379 -0.99998 0
    outer loop
      vertex 19.9745 3.93501 25.6
      vertex 19.9603 3.93492 25.15
      vertex 19.9745 3.93501 25.15
    endloop
  endfacet
  facet normal 0 -1 0
    outer loop
      vertex 19.7107 3.93492 25.15
      vertex 19.9603 3.93492 25.6
      vertex 19.7107 3.93492 25.6
    endloop
  endfacet
  facet normal 0 -1 -0
    outer loop
      vertex 19.9603 3.93492 25.6
      vertex 19.7107 3.93492 25.15
      vertex 19.9603 3.93492 25.15
    endloop
  endfacet
  facet normal 1 -0 0
    outer loop
      vertex 19.7107 3.31918 25.6
      vertex 19.7107 3.93492 25.15
      vertex 19.7107 3.93492 25.6
    endloop
  endfacet
  facet normal 1 0 0
    outer loop
      vertex 19.7107 3.93492 25.15
      vertex 19.7107 3.31918 25.6
      vertex 19.7107 3.31918 25.15
    endloop
  endfacet
  facet normal 0 1 -0
    outer loop
      vertex 19.9766 3.31918 25.15
      vertex 19.7107 3.31918 25.6
      vertex 19.9766 3.31918 25.6
    endloop
  endfacet
  facet normal 0 1 0
    outer loop
      vertex 19.7107 3.31918 25.6
      vertex 19.9766 3.31918 25.15
      vertex 19.7107 3.31918 25.15
    endloop
  endfacet
  facet normal 0.00559432 0.999984 -0
    outer loop
      vertex 19.9909 3.3191 25.15
      vertex 19.9766 3.31918 25.6
      vertex 19.9909 3.3191 25.6
    endloop
  endfacet
  facet normal 0.00559432 0.999984 0
    outer loop
      vertex 19.9766 3.31918 25.6
      vertex 19.9909 3.3191 25.15
      vertex 19.9766 3.31918 25.15
    endloop
  endfacet
  facet normal 0.015276 0.999883 -0
    outer loop
      vertex 20.0053 3.31888 25.15
      vertex 19.9909 3.3191 25.6
      vertex 20.0053 3.31888 25.6
    endloop
  endfacet
  facet normal 0.015276 0.999883 0
    outer loop
      vertex 19.9909 3.3191 25.6
      vertex 20.0053 3.31888 25.15
      vertex 19.9909 3.3191 25.15
    endloop
  endfacet
  facet normal 0.0255089 0.999675 -0
    outer loop
      vertex 20.0198 3.31851 25.15
      vertex 20.0053 3.31888 25.6
      vertex 20.0198 3.31851 25.6
    endloop
  endfacet
  facet normal 0.0255089 0.999675 0
    outer loop
      vertex 20.0053 3.31888 25.6
      vertex 20.0198 3.31851 25.15
      vertex 20.0053 3.31888 25.15
    endloop
  endfacet
  facet normal 0.0355939 0.999366 -0
    outer loop
      vertex 20.0344 3.31799 25.15
      vertex 20.0198 3.31851 25.6
      vertex 20.0344 3.31799 25.6
    endloop
  endfacet
  facet normal 0.0355939 0.999366 0
    outer loop
      vertex 20.0198 3.31851 25.6
      vertex 20.0344 3.31799 25.15
      vertex 20.0198 3.31851 25.15
    endloop
  endfacet
  facet normal 0.045531 0.998963 -0
    outer loop
      vertex 20.0491 3.31732 25.15
      vertex 20.0344 3.31799 25.6
      vertex 20.0491 3.31732 25.6
    endloop
  endfacet
  facet normal 0.045531 0.998963 0
    outer loop
      vertex 20.0344 3.31799 25.6
      vertex 20.0491 3.31732 25.15
      vertex 20.0344 3.31799 25.15
    endloop
  endfacet
  facet normal 0.0546479 0.998506 -0
    outer loop
      vertex 20.0639 3.31651 25.15
      vertex 20.0491 3.31732 25.6
      vertex 20.0639 3.31651 25.6
    endloop
  endfacet
  facet normal 0.0546479 0.998506 0
    outer loop
      vertex 20.0491 3.31732 25.6
      vertex 20.0639 3.31651 25.15
      vertex 20.0491 3.31732 25.15
    endloop
  endfacet
  facet normal 0.0651943 0.997873 -0
    outer loop
      vertex 20.0789 3.31553 25.15
      vertex 20.0639 3.31651 25.6
      vertex 20.0789 3.31553 25.6
    endloop
  endfacet
  facet normal 0.0651943 0.997873 0
    outer loop
      vertex 20.0639 3.31651 25.6
      vertex 20.0789 3.31553 25.15
      vertex 20.0639 3.31651 25.15
    endloop
  endfacet
  facet normal 0.0724756 0.99737 -0
    outer loop
      vertex 20.0939 3.31444 25.15
      vertex 20.0789 3.31553 25.6
      vertex 20.0939 3.31444 25.6
    endloop
  endfacet
  facet normal 0.0724756 0.99737 0
    outer loop
      vertex 20.0789 3.31553 25.6
      vertex 20.0939 3.31444 25.15
      vertex 20.0789 3.31553 25.15
    endloop
  endfacet
  facet normal 0.0838101 0.996482 -0
    outer loop
      vertex 20.109 3.31317 25.15
      vertex 20.0939 3.31444 25.6
      vertex 20.109 3.31317 25.6
    endloop
  endfacet
  facet normal 0.0838101 0.996482 0
    outer loop
      vertex 20.0939 3.31444 25.6
      vertex 20.109 3.31317 25.15
      vertex 20.0939 3.31444 25.15
    endloop
  endfacet
  facet normal 0.0924133 0.995721 -0
    outer loop
      vertex 20.1243 3.31175 25.15
      vertex 20.109 3.31317 25.6
      vertex 20.1243 3.31175 25.6
    endloop
  endfacet
  facet normal 0.0924133 0.995721 0
    outer loop
      vertex 20.109 3.31317 25.6
      vertex 20.1243 3.31175 25.15
      vertex 20.109 3.31317 25.15
    endloop
  endfacet
  facet normal 0.101435 0.994842 -0
    outer loop
      vertex 20.1396 3.31019 25.15
      vertex 20.1243 3.31175 25.6
      vertex 20.1396 3.31019 25.6
    endloop
  endfacet
  facet normal 0.101435 0.994842 0
    outer loop
      vertex 20.1243 3.31175 25.6
      vertex 20.1396 3.31019 25.15
      vertex 20.1243 3.31175 25.15
    endloop
  endfacet
  facet normal 0.109657 0.993969 -0
    outer loop
      vertex 20.1551 3.30848 25.15
      vertex 20.1396 3.31019 25.6
      vertex 20.1551 3.30848 25.6
    endloop
  endfacet
  facet normal 0.109657 0.993969 0
    outer loop
      vertex 20.1396 3.31019 25.6
      vertex 20.1551 3.30848 25.15
      vertex 20.1396 3.31019 25.15
    endloop
  endfacet
  facet normal 0.117137 0.993116 -0
    outer loop
      vertex 20.1707 3.30664 25.15
      vertex 20.1551 3.30848 25.6
      vertex 20.1707 3.30664 25.6
    endloop
  endfacet
  facet normal 0.117137 0.993116 0
    outer loop
      vertex 20.1551 3.30848 25.6
      vertex 20.1707 3.30664 25.15
      vertex 20.1551 3.30848 25.15
    endloop
  endfacet
  facet normal 0.128415 0.991721 -0
    outer loop
      vertex 20.1863 3.30462 25.15
      vertex 20.1707 3.30664 25.6
      vertex 20.1863 3.30462 25.6
    endloop
  endfacet
  facet normal 0.128415 0.991721 0
    outer loop
      vertex 20.1707 3.30664 25.6
      vertex 20.1863 3.30462 25.15
      vertex 20.1707 3.30664 25.15
    endloop
  endfacet
  facet normal 0.134833 0.990868 -0
    outer loop
      vertex 20.2021 3.30247 25.15
      vertex 20.1863 3.30462 25.6
      vertex 20.2021 3.30247 25.6
    endloop
  endfacet
  facet normal 0.134833 0.990868 0
    outer loop
      vertex 20.1863 3.30462 25.6
      vertex 20.2021 3.30247 25.15
      vertex 20.1863 3.30462 25.15
    endloop
  endfacet
  facet normal 0.142554 0.989787 -0
    outer loop
      vertex 20.218 3.30018 25.15
      vertex 20.2021 3.30247 25.6
      vertex 20.218 3.30018 25.6
    endloop
  endfacet
  facet normal 0.142554 0.989787 0
    outer loop
      vertex 20.2021 3.30247 25.6
      vertex 20.218 3.30018 25.15
      vertex 20.2021 3.30247 25.15
    endloop
  endfacet
  facet normal 0.156893 0.987616 -0
    outer loop
      vertex 20.2338 3.29767 25.15
      vertex 20.218 3.30018 25.6
      vertex 20.2338 3.29767 25.6
    endloop
  endfacet
  facet normal 0.156893 0.987616 0
    outer loop
      vertex 20.218 3.30018 25.6
      vertex 20.2338 3.29767 25.15
      vertex 20.218 3.30018 25.15
    endloop
  endfacet
  facet normal 0.1751 0.984551 -0
    outer loop
      vertex 20.2496 3.29486 25.15
      vertex 20.2338 3.29767 25.6
      vertex 20.2496 3.29486 25.6
    endloop
  endfacet
  facet normal 0.1751 0.984551 0
    outer loop
      vertex 20.2338 3.29767 25.6
      vertex 20.2496 3.29486 25.15
      vertex 20.2338 3.29767 25.15
    endloop
  endfacet
  facet normal 0.193697 0.981061 -0
    outer loop
      vertex 20.2652 3.29178 25.15
      vertex 20.2496 3.29486 25.6
      vertex 20.2652 3.29178 25.6
    endloop
  endfacet
  facet normal 0.193697 0.981061 0
    outer loop
      vertex 20.2496 3.29486 25.6
      vertex 20.2652 3.29178 25.15
      vertex 20.2496 3.29486 25.15
    endloop
  endfacet
  facet normal 0.214378 0.976751 -0
    outer loop
      vertex 20.2806 3.2884 25.15
      vertex 20.2652 3.29178 25.6
      vertex 20.2806 3.2884 25.6
    endloop
  endfacet
  facet normal 0.214378 0.976751 0
    outer loop
      vertex 20.2652 3.29178 25.6
      vertex 20.2806 3.2884 25.15
      vertex 20.2652 3.29178 25.15
    endloop
  endfacet
  facet normal 0.232652 0.97256 -0
    outer loop
      vertex 20.2959 3.28474 25.15
      vertex 20.2806 3.2884 25.6
      vertex 20.2959 3.28474 25.6
    endloop
  endfacet
  facet normal 0.232652 0.97256 0
    outer loop
      vertex 20.2806 3.2884 25.6
      vertex 20.2959 3.28474 25.15
      vertex 20.2806 3.2884 25.15
    endloop
  endfacet
  facet normal 0.250918 0.968008 -0
    outer loop
      vertex 20.3111 3.2808 25.15
      vertex 20.2959 3.28474 25.6
      vertex 20.3111 3.2808 25.6
    endloop
  endfacet
  facet normal 0.250918 0.968008 0
    outer loop
      vertex 20.2959 3.28474 25.6
      vertex 20.3111 3.2808 25.15
      vertex 20.2959 3.28474 25.15
    endloop
  endfacet
  facet normal 0.272009 0.962295 -0
    outer loop
      vertex 20.3261 3.27656 25.15
      vertex 20.3111 3.2808 25.6
      vertex 20.3261 3.27656 25.6
    endloop
  endfacet
  facet normal 0.272009 0.962295 0
    outer loop
      vertex 20.3111 3.2808 25.6
      vertex 20.3261 3.27656 25.15
      vertex 20.3111 3.2808 25.15
    endloop
  endfacet
  facet normal 0.289704 0.957116 -0
    outer loop
      vertex 20.341 3.27205 25.15
      vertex 20.3261 3.27656 25.6
      vertex 20.341 3.27205 25.6
    endloop
  endfacet
  facet normal 0.289704 0.957116 0
    outer loop
      vertex 20.3261 3.27656 25.6
      vertex 20.341 3.27205 25.15
      vertex 20.3261 3.27656 25.15
    endloop
  endfacet
  facet normal 0.309086 0.951034 -0
    outer loop
      vertex 20.3558 3.26724 25.15
      vertex 20.341 3.27205 25.6
      vertex 20.3558 3.26724 25.6
    endloop
  endfacet
  facet normal 0.309086 0.951034 0
    outer loop
      vertex 20.341 3.27205 25.6
      vertex 20.3558 3.26724 25.15
      vertex 20.341 3.27205 25.15
    endloop
  endfacet
  facet normal 0.329774 0.94406 -0
    outer loop
      vertex 20.3704 3.26214 25.15
      vertex 20.3558 3.26724 25.6
      vertex 20.3704 3.26214 25.6
    endloop
  endfacet
  facet normal 0.329774 0.94406 0
    outer loop
      vertex 20.3558 3.26724 25.6
      vertex 20.3704 3.26214 25.15
      vertex 20.3558 3.26724 25.15
    endloop
  endfacet
  facet normal 0.347293 0.937757 -0
    outer loop
      vertex 20.3849 3.25677 25.15
      vertex 20.3704 3.26214 25.6
      vertex 20.3849 3.25677 25.6
    endloop
  endfacet
  facet normal 0.347293 0.937757 0
    outer loop
      vertex 20.3704 3.26214 25.6
      vertex 20.3849 3.25677 25.15
      vertex 20.3704 3.26214 25.15
    endloop
  endfacet
  facet normal 0.365812 0.930689 -0
    outer loop
      vertex 20.3993 3.25111 25.15
      vertex 20.3849 3.25677 25.6
      vertex 20.3993 3.25111 25.6
    endloop
  endfacet
  facet normal 0.365812 0.930689 0
    outer loop
      vertex 20.3849 3.25677 25.6
      vertex 20.3993 3.25111 25.15
      vertex 20.3849 3.25677 25.15
    endloop
  endfacet
  facet normal 0.386459 0.922306 -0
    outer loop
      vertex 20.4135 3.24516 25.15
      vertex 20.3993 3.25111 25.6
      vertex 20.4135 3.24516 25.6
    endloop
  endfacet
  facet normal 0.386459 0.922306 0
    outer loop
      vertex 20.3993 3.25111 25.6
      vertex 20.4135 3.24516 25.15
      vertex 20.3993 3.25111 25.15
    endloop
  endfacet
  facet normal 0.404694 0.914452 -0
    outer loop
      vertex 20.4276 3.23892 25.15
      vertex 20.4135 3.24516 25.6
      vertex 20.4276 3.23892 25.6
    endloop
  endfacet
  facet normal 0.404694 0.914452 0
    outer loop
      vertex 20.4135 3.24516 25.6
      vertex 20.4276 3.23892 25.15
      vertex 20.4135 3.24516 25.15
    endloop
  endfacet
  facet normal 0.425201 0.905099 -0
    outer loop
      vertex 20.4415 3.23239 25.15
      vertex 20.4276 3.23892 25.6
      vertex 20.4415 3.23239 25.6
    endloop
  endfacet
  facet normal 0.425201 0.905099 0
    outer loop
      vertex 20.4276 3.23892 25.6
      vertex 20.4415 3.23239 25.15
      vertex 20.4276 3.23892 25.15
    endloop
  endfacet
  facet normal 0.442529 0.896754 -0
    outer loop
      vertex 20.4553 3.22558 25.15
      vertex 20.4415 3.23239 25.6
      vertex 20.4553 3.22558 25.6
    endloop
  endfacet
  facet normal 0.442529 0.896754 0
    outer loop
      vertex 20.4415 3.23239 25.6
      vertex 20.4553 3.22558 25.15
      vertex 20.4415 3.23239 25.15
    endloop
  endfacet
  facet normal 0.464834 0.885398 -0
    outer loop
      vertex 20.4689 3.21844 25.15
      vertex 20.4553 3.22558 25.6
      vertex 20.4689 3.21844 25.6
    endloop
  endfacet
  facet normal 0.464834 0.885398 0
    outer loop
      vertex 20.4553 3.22558 25.6
      vertex 20.4689 3.21844 25.15
      vertex 20.4553 3.22558 25.15
    endloop
  endfacet
  facet normal 0.49169 0.87077 -0
    outer loop
      vertex 20.4822 3.21093 25.15
      vertex 20.4689 3.21844 25.6
      vertex 20.4822 3.21093 25.6
    endloop
  endfacet
  facet normal 0.49169 0.87077 0
    outer loop
      vertex 20.4689 3.21844 25.6
      vertex 20.4822 3.21093 25.15
      vertex 20.4689 3.21844 25.15
    endloop
  endfacet
  facet normal 0.517879 0.855454 -0
    outer loop
      vertex 20.4952 3.20306 25.15
      vertex 20.4822 3.21093 25.6
      vertex 20.4952 3.20306 25.6
    endloop
  endfacet
  facet normal 0.517879 0.855454 0
    outer loop
      vertex 20.4822 3.21093 25.6
      vertex 20.4952 3.20306 25.15
      vertex 20.4822 3.21093 25.15
    endloop
  endfacet
  facet normal 0.544756 0.838594 -0
    outer loop
      vertex 20.5079 3.19481 25.15
      vertex 20.4952 3.20306 25.6
      vertex 20.5079 3.19481 25.6
    endloop
  endfacet
  facet normal 0.544756 0.838594 0
    outer loop
      vertex 20.4952 3.20306 25.6
      vertex 20.5079 3.19481 25.15
      vertex 20.4952 3.20306 25.15
    endloop
  endfacet
  facet normal 0.571239 0.820784 -0
    outer loop
      vertex 20.5203 3.18618 25.15
      vertex 20.5079 3.19481 25.6
      vertex 20.5203 3.18618 25.6
    endloop
  endfacet
  facet normal 0.571239 0.820784 0
    outer loop
      vertex 20.5079 3.19481 25.6
      vertex 20.5203 3.18618 25.15
      vertex 20.5079 3.19481 25.15
    endloop
  endfacet
  facet normal 0.595957 0.803016 -0
    outer loop
      vertex 20.5324 3.1772 25.15
      vertex 20.5203 3.18618 25.6
      vertex 20.5324 3.1772 25.6
    endloop
  endfacet
  facet normal 0.595957 0.803016 0
    outer loop
      vertex 20.5203 3.18618 25.6
      vertex 20.5324 3.1772 25.15
      vertex 20.5203 3.18618 25.15
    endloop
  endfacet
  facet normal 0.621451 0.783453 -0
    outer loop
      vertex 20.5442 3.16784 25.15
      vertex 20.5324 3.1772 25.6
      vertex 20.5442 3.16784 25.6
    endloop
  endfacet
  facet normal 0.621451 0.783453 0
    outer loop
      vertex 20.5324 3.1772 25.6
      vertex 20.5442 3.16784 25.15
      vertex 20.5324 3.1772 25.15
    endloop
  endfacet
  facet normal 0.645912 0.763411 -0
    outer loop
      vertex 20.5557 3.15811 25.15
      vertex 20.5442 3.16784 25.6
      vertex 20.5557 3.15811 25.6
    endloop
  endfacet
  facet normal 0.645912 0.763411 0
    outer loop
      vertex 20.5442 3.16784 25.6
      vertex 20.5557 3.15811 25.15
      vertex 20.5442 3.16784 25.15
    endloop
  endfacet
  facet normal 0.669697 0.742634 -0
    outer loop
      vertex 20.5669 3.14801 25.15
      vertex 20.5557 3.15811 25.6
      vertex 20.5669 3.14801 25.6
    endloop
  endfacet
  facet normal 0.669697 0.742634 0
    outer loop
      vertex 20.5557 3.15811 25.6
      vertex 20.5669 3.14801 25.15
      vertex 20.5557 3.15811 25.15
    endloop
  endfacet
  facet normal 0.693426 0.720528 -0
    outer loop
      vertex 20.5778 3.13752 25.15
      vertex 20.5669 3.14801 25.6
      vertex 20.5778 3.13752 25.6
    endloop
  endfacet
  facet normal 0.693426 0.720528 0
    outer loop
      vertex 20.5669 3.14801 25.6
      vertex 20.5778 3.13752 25.15
      vertex 20.5669 3.14801 25.15
    endloop
  endfacet
  facet normal 0.714655 0.699477 0
    outer loop
      vertex 20.5884 3.12669 25.6
      vertex 20.5778 3.13752 25.15
      vertex 20.5778 3.13752 25.6
    endloop
  endfacet
  facet normal 0.714655 0.699477 0
    outer loop
      vertex 20.5778 3.13752 25.15
      vertex 20.5884 3.12669 25.6
      vertex 20.5884 3.12669 25.15
    endloop
  endfacet
  facet normal 0.736363 0.676587 0
    outer loop
      vertex 20.5987 3.11548 25.6
      vertex 20.5884 3.12669 25.15
      vertex 20.5884 3.12669 25.6
    endloop
  endfacet
  facet normal 0.736363 0.676587 0
    outer loop
      vertex 20.5884 3.12669 25.15
      vertex 20.5987 3.11548 25.6
      vertex 20.5987 3.11548 25.15
    endloop
  endfacet
  facet normal 0.754185 0.656661 0
    outer loop
      vertex 20.6088 3.10388 25.6
      vertex 20.5987 3.11548 25.15
      vertex 20.5987 3.11548 25.6
    endloop
  endfacet
  facet normal 0.754185 0.656661 0
    outer loop
      vertex 20.5987 3.11548 25.15
      vertex 20.6088 3.10388 25.6
      vertex 20.6088 3.10388 25.15
    endloop
  endfacet
  facet normal 0.776412 0.630226 0
    outer loop
      vertex 20.6185 3.09193 25.6
      vertex 20.6088 3.10388 25.15
      vertex 20.6088 3.10388 25.6
    endloop
  endfacet
  facet normal 0.776412 0.630226 0
    outer loop
      vertex 20.6088 3.10388 25.15
      vertex 20.6185 3.09193 25.6
      vertex 20.6185 3.09193 25.15
    endloop
  endfacet
  facet normal 0.795254 0.606276 0
    outer loop
      vertex 20.6279 3.0796 25.6
      vertex 20.6185 3.09193 25.15
      vertex 20.6185 3.09193 25.6
    endloop
  endfacet
  facet normal 0.795254 0.606276 0
    outer loop
      vertex 20.6185 3.09193 25.15
      vertex 20.6279 3.0796 25.6
      vertex 20.6279 3.0796 25.15
    endloop
  endfacet
  facet normal 0.810057 0.586351 0
    outer loop
      vertex 20.6371 3.06689 25.6
      vertex 20.6279 3.0796 25.15
      vertex 20.6279 3.0796 25.6
    endloop
  endfacet
  facet normal 0.810057 0.586351 0
    outer loop
      vertex 20.6279 3.0796 25.15
      vertex 20.6371 3.06689 25.6
      vertex 20.6371 3.06689 25.15
    endloop
  endfacet
  facet normal 0.833803 0.552062 0
    outer loop
      vertex 20.6458 3.05375 25.6
      vertex 20.6371 3.06689 25.15
      vertex 20.6371 3.06689 25.6
    endloop
  endfacet
  facet normal 0.833803 0.552062 0
    outer loop
      vertex 20.6371 3.06689 25.15
      vertex 20.6458 3.05375 25.6
      vertex 20.6458 3.05375 25.15
    endloop
  endfacet
  facet normal 0.860312 0.509768 0
    outer loop
      vertex 20.6539 3.04008 25.6
      vertex 20.6458 3.05375 25.15
      vertex 20.6458 3.05375 25.6
    endloop
  endfacet
  facet normal 0.860312 0.509768 0
    outer loop
      vertex 20.6458 3.05375 25.15
      vertex 20.6539 3.04008 25.6
      vertex 20.6539 3.04008 25.15
    endloop
  endfacet
  facet normal 0.881665 0.471877 0
    outer loop
      vertex 20.6615 3.02588 25.6
      vertex 20.6539 3.04008 25.15
      vertex 20.6539 3.04008 25.6
    endloop
  endfacet
  facet normal 0.881665 0.471877 0
    outer loop
      vertex 20.6539 3.04008 25.15
      vertex 20.6615 3.02588 25.6
      vertex 20.6615 3.02588 25.15
    endloop
  endfacet
  facet normal 0.903313 0.428982 0
    outer loop
      vertex 20.6685 3.01114 25.6
      vertex 20.6615 3.02588 25.15
      vertex 20.6615 3.02588 25.6
    endloop
  endfacet
  facet normal 0.903313 0.428982 0
    outer loop
      vertex 20.6615 3.02588 25.15
      vertex 20.6685 3.01114 25.6
      vertex 20.6685 3.01114 25.15
    endloop
  endfacet
  facet normal 0.920016 0.391881 0
    outer loop
      vertex 20.675 2.99588 25.6
      vertex 20.6685 3.01114 25.15
      vertex 20.6685 3.01114 25.6
    endloop
  endfacet
  facet normal 0.920016 0.391881 0
    outer loop
      vertex 20.6685 3.01114 25.15
      vertex 20.675 2.99588 25.6
      vertex 20.675 2.99588 25.15
    endloop
  endfacet
  facet normal 0.936816 0.349824 0
    outer loop
      vertex 20.6809 2.98008 25.6
      vertex 20.675 2.99588 25.15
      vertex 20.675 2.99588 25.6
    endloop
  endfacet
  facet normal 0.936816 0.349824 0
    outer loop
      vertex 20.675 2.99588 25.15
      vertex 20.6809 2.98008 25.6
      vertex 20.6809 2.98008 25.15
    endloop
  endfacet
  facet normal 0.951103 0.308875 0
    outer loop
      vertex 20.6862 2.96376 25.6
      vertex 20.6809 2.98008 25.15
      vertex 20.6809 2.98008 25.6
    endloop
  endfacet
  facet normal 0.951103 0.308875 0
    outer loop
      vertex 20.6809 2.98008 25.15
      vertex 20.6862 2.96376 25.6
      vertex 20.6862 2.96376 25.15
    endloop
  endfacet
  facet normal 0.961782 0.273817 0
    outer loop
      vertex 20.691 2.9469 25.6
      vertex 20.6862 2.96376 25.15
      vertex 20.6862 2.96376 25.6
    endloop
  endfacet
  facet normal 0.961782 0.273817 0
    outer loop
      vertex 20.6862 2.96376 25.15
      vertex 20.691 2.9469 25.6
      vertex 20.691 2.9469 25.15
    endloop
  endfacet
  facet normal 0.972021 0.234896 0
    outer loop
      vertex 20.6952 2.92952 25.6
      vertex 20.691 2.9469 25.15
      vertex 20.691 2.9469 25.6
    endloop
  endfacet
  facet normal 0.972021 0.234896 0
    outer loop
      vertex 20.691 2.9469 25.15
      vertex 20.6952 2.92952 25.6
      vertex 20.6952 2.92952 25.15
    endloop
  endfacet
  facet normal 0.980412 0.196958 0
    outer loop
      vertex 20.6988 2.9116 25.6
      vertex 20.6952 2.92952 25.15
      vertex 20.6952 2.92952 25.6
    endloop
  endfacet
  facet normal 0.980412 0.196958 0
    outer loop
      vertex 20.6952 2.92952 25.15
      vertex 20.6988 2.9116 25.6
      vertex 20.6988 2.9116 25.15
    endloop
  endfacet
  facet normal 0.986162 0.165786 0
    outer loop
      vertex 20.7019 2.89316 25.6
      vertex 20.6988 2.9116 25.15
      vertex 20.6988 2.9116 25.6
    endloop
  endfacet
  facet normal 0.986162 0.165786 0
    outer loop
      vertex 20.6988 2.9116 25.15
      vertex 20.7019 2.89316 25.6
      vertex 20.7019 2.89316 25.15
    endloop
  endfacet
  facet normal 0.990757 0.135649 0
    outer loop
      vertex 20.7045 2.87417 25.6
      vertex 20.7019 2.89316 25.15
      vertex 20.7019 2.89316 25.6
    endloop
  endfacet
  facet normal 0.990757 0.135649 0
    outer loop
      vertex 20.7019 2.89316 25.15
      vertex 20.7045 2.87417 25.6
      vertex 20.7045 2.87417 25.15
    endloop
  endfacet
  facet normal 0.995287 0.0969766 0
    outer loop
      vertex 20.7064 2.85467 25.6
      vertex 20.7045 2.87417 25.15
      vertex 20.7045 2.87417 25.6
    endloop
  endfacet
  facet normal 0.995287 0.0969766 0
    outer loop
      vertex 20.7045 2.87417 25.15
      vertex 20.7064 2.85467 25.6
      vertex 20.7064 2.85467 25.15
    endloop
  endfacet
  facet normal 0.997566 0.069725 0
    outer loop
      vertex 20.7078 2.83464 25.6
      vertex 20.7064 2.85467 25.15
      vertex 20.7064 2.85467 25.6
    endloop
  endfacet
  facet normal 0.997566 0.069725 0
    outer loop
      vertex 20.7064 2.85467 25.15
      vertex 20.7078 2.83464 25.6
      vertex 20.7078 2.83464 25.15
    endloop
  endfacet
  facet normal 0.999044 0.0437112 0
    outer loop
      vertex 20.7087 2.81407 25.6
      vertex 20.7078 2.83464 25.15
      vertex 20.7078 2.83464 25.6
    endloop
  endfacet
  facet normal 0.999044 0.0437112 0
    outer loop
      vertex 20.7078 2.83464 25.15
      vertex 20.7087 2.81407 25.6
      vertex 20.7087 2.81407 25.15
    endloop
  endfacet
  facet normal 0.999955 0.00948274 0
    outer loop
      vertex 20.7089 2.79298 25.6
      vertex 20.7087 2.81407 25.15
      vertex 20.7087 2.81407 25.6
    endloop
  endfacet
  facet normal 0.999955 0.00948274 0
    outer loop
      vertex 20.7087 2.81407 25.15
      vertex 20.7089 2.79298 25.6
      vertex 20.7089 2.79298 25.15
    endloop
  endfacet
  facet normal 0.999848 -0.0174595 0
    outer loop
      vertex 20.7083 2.75862 25.6
      vertex 20.7089 2.79298 25.15
      vertex 20.7089 2.79298 25.6
    endloop
  endfacet
  facet normal 0.999848 -0.0174595 0
    outer loop
      vertex 20.7089 2.79298 25.15
      vertex 20.7083 2.75862 25.6
      vertex 20.7083 2.75862 25.15
    endloop
  endfacet
  facet normal 0.998925 -0.0463538 0
    outer loop
      vertex 20.7079 2.75 25.6
      vertex 20.7083 2.75862 25.15
      vertex 20.7083 2.75862 25.6
    endloop
  endfacet
  facet normal 0.998925 -0.0463538 0
    outer loop
      vertex 20.7083 2.75862 25.15
      vertex 20.7079 2.75 25.6
      vertex 20.7079 2.75 25.15
    endloop
  endfacet
  facet normal -0.458808 -0.888536 0
    outer loop
      vertex 19.7945 2.31592 25.15
      vertex 19.8 2.31308 25.6
      vertex 19.7945 2.31592 25.6
    endloop
  endfacet
  facet normal -0.458808 -0.888536 -0
    outer loop
      vertex 19.8 2.31308 25.6
      vertex 19.7945 2.31592 25.15
      vertex 19.8 2.31308 25.15
    endloop
  endfacet
  facet normal -0.483598 -0.87529 0
    outer loop
      vertex 19.7825 2.32255 25.15
      vertex 19.7945 2.31592 25.6
      vertex 19.7825 2.32255 25.6
    endloop
  endfacet
  facet normal -0.483598 -0.87529 -0
    outer loop
      vertex 19.7945 2.31592 25.6
      vertex 19.7825 2.32255 25.15
      vertex 19.7945 2.31592 25.15
    endloop
  endfacet
  facet normal -0.508531 -0.861044 0
    outer loop
      vertex 19.7708 2.32946 25.15
      vertex 19.7825 2.32255 25.6
      vertex 19.7708 2.32946 25.6
    endloop
  endfacet
  facet normal -0.508531 -0.861044 -0
    outer loop
      vertex 19.7825 2.32255 25.6
      vertex 19.7708 2.32946 25.15
      vertex 19.7825 2.32255 25.15
    endloop
  endfacet
  facet normal -0.528538 -0.848909 0
    outer loop
      vertex 19.7593 2.33662 25.15
      vertex 19.7708 2.32946 25.6
      vertex 19.7593 2.33662 25.6
    endloop
  endfacet
  facet normal -0.528538 -0.848909 -0
    outer loop
      vertex 19.7708 2.32946 25.6
      vertex 19.7593 2.33662 25.15
      vertex 19.7708 2.32946 25.15
    endloop
  endfacet
  facet normal -0.55281 -0.833307 0
    outer loop
      vertex 19.7481 2.34405 25.15
      vertex 19.7593 2.33662 25.6
      vertex 19.7481 2.34405 25.6
    endloop
  endfacet
  facet normal -0.55281 -0.833307 -0
    outer loop
      vertex 19.7593 2.33662 25.6
      vertex 19.7481 2.34405 25.15
      vertex 19.7593 2.33662 25.15
    endloop
  endfacet
  facet normal -0.573962 -0.818882 0
    outer loop
      vertex 19.7371 2.35176 25.15
      vertex 19.7481 2.34405 25.6
      vertex 19.7371 2.35176 25.6
    endloop
  endfacet
  facet normal -0.573962 -0.818882 -0
    outer loop
      vertex 19.7481 2.34405 25.6
      vertex 19.7371 2.35176 25.15
      vertex 19.7481 2.34405 25.15
    endloop
  endfacet
  facet normal -0.596876 -0.802333 0
    outer loop
      vertex 19.7264 2.35972 25.15
      vertex 19.7371 2.35176 25.6
      vertex 19.7264 2.35972 25.6
    endloop
  endfacet
  facet normal -0.596876 -0.802333 -0
    outer loop
      vertex 19.7371 2.35176 25.6
      vertex 19.7264 2.35972 25.15
      vertex 19.7371 2.35176 25.15
    endloop
  endfacet
  facet normal -0.620548 -0.784168 0
    outer loop
      vertex 19.716 2.36795 25.15
      vertex 19.7264 2.35972 25.6
      vertex 19.716 2.36795 25.6
    endloop
  endfacet
  facet normal -0.620548 -0.784168 -0
    outer loop
      vertex 19.7264 2.35972 25.6
      vertex 19.716 2.36795 25.15
      vertex 19.7264 2.35972 25.15
    endloop
  endfacet
  facet normal -0.643014 -0.765854 0
    outer loop
      vertex 19.7059 2.37643 25.15
      vertex 19.716 2.36795 25.6
      vertex 19.7059 2.37643 25.6
    endloop
  endfacet
  facet normal -0.643014 -0.765854 -0
    outer loop
      vertex 19.716 2.36795 25.6
      vertex 19.7059 2.37643 25.15
      vertex 19.716 2.36795 25.15
    endloop
  endfacet
  facet normal -0.662672 -0.74891 0
    outer loop
      vertex 19.696 2.38519 25.15
      vertex 19.7059 2.37643 25.6
      vertex 19.696 2.38519 25.6
    endloop
  endfacet
  facet normal -0.662672 -0.74891 -0
    outer loop
      vertex 19.7059 2.37643 25.6
      vertex 19.696 2.38519 25.15
      vertex 19.7059 2.37643 25.15
    endloop
  endfacet
  facet normal -0.681377 -0.731933 0
    outer loop
      vertex 19.6863 2.39422 25.15
      vertex 19.696 2.38519 25.6
      vertex 19.6863 2.39422 25.6
    endloop
  endfacet
  facet normal -0.681377 -0.731933 -0
    outer loop
      vertex 19.696 2.38519 25.6
      vertex 19.6863 2.39422 25.15
      vertex 19.696 2.38519 25.15
    endloop
  endfacet
  facet normal -0.705964 -0.708248 0
    outer loop
      vertex 19.677 2.40349 25.15
      vertex 19.6863 2.39422 25.6
      vertex 19.677 2.40349 25.6
    endloop
  endfacet
  facet normal -0.705964 -0.708248 -0
    outer loop
      vertex 19.6863 2.39422 25.6
      vertex 19.677 2.40349 25.15
      vertex 19.6863 2.39422 25.15
    endloop
  endfacet
  facet normal -0.717992 -0.696051 0
    outer loop
      vertex 19.677 2.40349 25.15
      vertex 19.6678 2.41298 25.6
      vertex 19.6678 2.41298 25.15
    endloop
  endfacet
  facet normal -0.717992 -0.696051 0
    outer loop
      vertex 19.6678 2.41298 25.6
      vertex 19.677 2.40349 25.15
      vertex 19.677 2.40349 25.6
    endloop
  endfacet
  facet normal -0.740631 -0.671912 0
    outer loop
      vertex 19.6678 2.41298 25.15
      vertex 19.659 2.42268 25.6
      vertex 19.659 2.42268 25.15
    endloop
  endfacet
  facet normal -0.740631 -0.671912 0
    outer loop
      vertex 19.659 2.42268 25.6
      vertex 19.6678 2.41298 25.15
      vertex 19.6678 2.41298 25.6
    endloop
  endfacet
  facet normal -0.752154 -0.658987 0
    outer loop
      vertex 19.659 2.42268 25.15
      vertex 19.6503 2.43261 25.6
      vertex 19.6503 2.43261 25.15
    endloop
  endfacet
  facet normal -0.752154 -0.658987 0
    outer loop
      vertex 19.6503 2.43261 25.6
      vertex 19.659 2.42268 25.15
      vertex 19.659 2.42268 25.6
    endloop
  endfacet
  facet normal -0.77101 -0.636823 0
    outer loop
      vertex 19.6503 2.43261 25.15
      vertex 19.6419 2.44278 25.6
      vertex 19.6419 2.44278 25.15
    endloop
  endfacet
  facet normal -0.77101 -0.636823 0
    outer loop
      vertex 19.6419 2.44278 25.6
      vertex 19.6503 2.43261 25.15
      vertex 19.6503 2.43261 25.6
    endloop
  endfacet
  facet normal -0.788082 -0.61557 0
    outer loop
      vertex 19.6419 2.44278 25.15
      vertex 19.6338 2.45315 25.6
      vertex 19.6338 2.45315 25.15
    endloop
  endfacet
  facet normal -0.788082 -0.61557 0
    outer loop
      vertex 19.6338 2.45315 25.6
      vertex 19.6419 2.44278 25.15
      vertex 19.6419 2.44278 25.6
    endloop
  endfacet
  facet normal -0.802082 -0.597214 0
    outer loop
      vertex 19.6338 2.45315 25.15
      vertex 19.6259 2.46376 25.6
      vertex 19.6259 2.46376 25.15
    endloop
  endfacet
  facet normal -0.802082 -0.597214 0
    outer loop
      vertex 19.6259 2.46376 25.6
      vertex 19.6338 2.45315 25.15
      vertex 19.6338 2.45315 25.6
    endloop
  endfacet
  facet normal -0.81475 -0.579813 0
    outer loop
      vertex 19.6259 2.46376 25.15
      vertex 19.6182 2.47458 25.6
      vertex 19.6182 2.47458 25.15
    endloop
  endfacet
  facet normal -0.81475 -0.579813 0
    outer loop
      vertex 19.6182 2.47458 25.6
      vertex 19.6259 2.46376 25.15
      vertex 19.6259 2.46376 25.6
    endloop
  endfacet
  facet normal -0.830659 -0.556782 0
    outer loop
      vertex 19.6182 2.47458 25.15
      vertex 19.6108 2.48562 25.6
      vertex 19.6108 2.48562 25.15
    endloop
  endfacet
  facet normal -0.830659 -0.556782 0
    outer loop
      vertex 19.6108 2.48562 25.6
      vertex 19.6182 2.47458 25.15
      vertex 19.6182 2.47458 25.6
    endloop
  endfacet
  facet normal -0.842922 -0.538035 0
    outer loop
      vertex 19.6108 2.48562 25.15
      vertex 19.6036 2.4969 25.6
      vertex 19.6036 2.4969 25.15
    endloop
  endfacet
  facet normal -0.842922 -0.538035 0
    outer loop
      vertex 19.6036 2.4969 25.6
      vertex 19.6108 2.48562 25.15
      vertex 19.6108 2.48562 25.6
    endloop
  endfacet
  facet normal -0.853998 -0.520277 0
    outer loop
      vertex 19.6036 2.4969 25.15
      vertex 19.5966 2.50839 25.6
      vertex 19.5966 2.50839 25.15
    endloop
  endfacet
  facet normal -0.853998 -0.520277 0
    outer loop
      vertex 19.5966 2.50839 25.6
      vertex 19.6036 2.4969 25.15
      vertex 19.6036 2.4969 25.6
    endloop
  endfacet
  facet normal -0.870978 -0.491321 0
    outer loop
      vertex 19.5966 2.50839 25.15
      vertex 19.59 2.52009 25.6
      vertex 19.59 2.52009 25.15
    endloop
  endfacet
  facet normal -0.870978 -0.491321 0
    outer loop
      vertex 19.59 2.52009 25.6
      vertex 19.5966 2.50839 25.15
      vertex 19.5966 2.50839 25.6
    endloop
  endfacet
  facet normal -0.878457 -0.477822 0
    outer loop
      vertex 19.59 2.52009 25.15
      vertex 19.5835 2.53204 25.6
      vertex 19.5835 2.53204 25.15
    endloop
  endfacet
  facet normal -0.878457 -0.477822 0
    outer loop
      vertex 19.5835 2.53204 25.6
      vertex 19.59 2.52009 25.15
      vertex 19.59 2.52009 25.6
    endloop
  endfacet
  facet normal -0.890732 -0.45453 0
    outer loop
      vertex 19.5835 2.53204 25.15
      vertex 19.5773 2.54419 25.6
      vertex 19.5773 2.54419 25.15
    endloop
  endfacet
  facet normal -0.890732 -0.45453 0
    outer loop
      vertex 19.5773 2.54419 25.6
      vertex 19.5835 2.53204 25.15
      vertex 19.5835 2.53204 25.6
    endloop
  endfacet
  facet normal -0.900021 -0.435846 0
    outer loop
      vertex 19.5773 2.54419 25.15
      vertex 19.5713 2.55658 25.6
      vertex 19.5713 2.55658 25.15
    endloop
  endfacet
  facet normal -0.900021 -0.435846 0
    outer loop
      vertex 19.5713 2.55658 25.6
      vertex 19.5773 2.54419 25.15
      vertex 19.5773 2.54419 25.6
    endloop
  endfacet
  facet normal -0.911108 -0.412168 0
    outer loop
      vertex 19.5713 2.55658 25.15
      vertex 19.5656 2.56918 25.6
      vertex 19.5656 2.56918 25.15
    endloop
  endfacet
  facet normal -0.911108 -0.412168 0
    outer loop
      vertex 19.5656 2.56918 25.6
      vertex 19.5713 2.55658 25.15
      vertex 19.5713 2.55658 25.6
    endloop
  endfacet
  facet normal -0.918661 -0.395046 0
    outer loop
      vertex 19.5656 2.56918 25.15
      vertex 19.5601 2.58197 25.6
      vertex 19.5601 2.58197 25.15
    endloop
  endfacet
  facet normal -0.918661 -0.395046 0
    outer loop
      vertex 19.5601 2.58197 25.6
      vertex 19.5656 2.56918 25.15
      vertex 19.5656 2.56918 25.6
    endloop
  endfacet
  facet normal -0.927982 -0.372626 0
    outer loop
      vertex 19.5601 2.58197 25.15
      vertex 19.5549 2.59492 25.6
      vertex 19.5549 2.59492 25.15
    endloop
  endfacet
  facet normal -0.927982 -0.372626 0
    outer loop
      vertex 19.5549 2.59492 25.6
      vertex 19.5601 2.58197 25.15
      vertex 19.5601 2.58197 25.6
    endloop
  endfacet
  facet normal -0.932058 -0.362309 0
    outer loop
      vertex 19.5549 2.59492 25.15
      vertex 19.5498 2.60804 25.6
      vertex 19.5498 2.60804 25.15
    endloop
  endfacet
  facet normal -0.932058 -0.362309 0
    outer loop
      vertex 19.5498 2.60804 25.6
      vertex 19.5549 2.59492 25.15
      vertex 19.5549 2.59492 25.6
    endloop
  endfacet
  facet normal -0.940289 -0.340376 0
    outer loop
      vertex 19.5498 2.60804 25.15
      vertex 19.545 2.6213 25.6
      vertex 19.545 2.6213 25.15
    endloop
  endfacet
  facet normal -0.940289 -0.340376 0
    outer loop
      vertex 19.545 2.6213 25.6
      vertex 19.5498 2.60804 25.15
      vertex 19.5498 2.60804 25.6
    endloop
  endfacet
  facet normal -0.946192 -0.323605 0
    outer loop
      vertex 19.545 2.6213 25.15
      vertex 19.5404 2.63475 25.6
      vertex 19.5404 2.63475 25.15
    endloop
  endfacet
  facet normal -0.946192 -0.323605 0
    outer loop
      vertex 19.5404 2.63475 25.6
      vertex 19.545 2.6213 25.15
      vertex 19.545 2.6213 25.6
    endloop
  endfacet
  facet normal -0.953349 -0.30187 0
    outer loop
      vertex 19.5404 2.63475 25.15
      vertex 19.5361 2.64833 25.6
      vertex 19.5361 2.64833 25.15
    endloop
  endfacet
  facet normal -0.953349 -0.30187 0
    outer loop
      vertex 19.5361 2.64833 25.6
      vertex 19.5404 2.63475 25.15
      vertex 19.5404 2.63475 25.6
    endloop
  endfacet
  facet normal -0.956379 -0.29213 0
    outer loop
      vertex 19.5361 2.64833 25.15
      vertex 19.5319 2.66208 25.6
      vertex 19.5319 2.66208 25.15
    endloop
  endfacet
  facet normal -0.956379 -0.29213 0
    outer loop
      vertex 19.5319 2.66208 25.6
      vertex 19.5361 2.64833 25.15
      vertex 19.5361 2.64833 25.6
    endloop
  endfacet
  facet normal -0.962871 -0.269964 0
    outer loop
      vertex 19.5319 2.66208 25.15
      vertex 19.528 2.67599 25.6
      vertex 19.528 2.67599 25.15
    endloop
  endfacet
  facet normal -0.962871 -0.269964 0
    outer loop
      vertex 19.528 2.67599 25.6
      vertex 19.5319 2.66208 25.15
      vertex 19.5319 2.66208 25.6
    endloop
  endfacet
  facet normal -0.967119 -0.254324 0
    outer loop
      vertex 19.528 2.67599 25.15
      vertex 19.5243 2.69006 25.6
      vertex 19.5243 2.69006 25.15
    endloop
  endfacet
  facet normal -0.967119 -0.254324 0
    outer loop
      vertex 19.5243 2.69006 25.6
      vertex 19.528 2.67599 25.15
      vertex 19.528 2.67599 25.6
    endloop
  endfacet
  facet normal -0.97102 -0.238999 0
    outer loop
      vertex 19.5243 2.69006 25.15
      vertex 19.5208 2.70428 25.6
      vertex 19.5208 2.70428 25.15
    endloop
  endfacet
  facet normal -0.97102 -0.238999 0
    outer loop
      vertex 19.5208 2.70428 25.6
      vertex 19.5243 2.69006 25.15
      vertex 19.5243 2.69006 25.6
    endloop
  endfacet
  facet normal -0.974699 -0.223524 0
    outer loop
      vertex 19.5208 2.70428 25.15
      vertex 19.5175 2.71867 25.6
      vertex 19.5175 2.71867 25.15
    endloop
  endfacet
  facet normal -0.974699 -0.223524 0
    outer loop
      vertex 19.5175 2.71867 25.6
      vertex 19.5208 2.70428 25.15
      vertex 19.5208 2.70428 25.6
    endloop
  endfacet
  facet normal -0.979371 -0.202071 0
    outer loop
      vertex 19.5175 2.71867 25.15
      vertex 19.5145 2.73321 25.6
      vertex 19.5145 2.73321 25.15
    endloop
  endfacet
  facet normal -0.979371 -0.202071 0
    outer loop
      vertex 19.5145 2.73321 25.6
      vertex 19.5175 2.71867 25.15
      vertex 19.5175 2.71867 25.6
    endloop
  endfacet
  facet normal -0.982339 -0.187112 0
    outer loop
      vertex 19.5145 2.73321 25.15
      vertex 19.5117 2.74791 25.6
      vertex 19.5117 2.74791 25.15
    endloop
  endfacet
  facet normal -0.982339 -0.187112 0
    outer loop
      vertex 19.5117 2.74791 25.6
      vertex 19.5145 2.73321 25.15
      vertex 19.5145 2.73321 25.6
    endloop
  endfacet
  facet normal -0.985036 -0.172348 0
    outer loop
      vertex 19.5117 2.74791 25.15
      vertex 19.5091 2.76277 25.6
      vertex 19.5091 2.76277 25.15
    endloop
  endfacet
  facet normal -0.985036 -0.172348 0
    outer loop
      vertex 19.5091 2.76277 25.6
      vertex 19.5117 2.74791 25.15
      vertex 19.5117 2.74791 25.6
    endloop
  endfacet
  facet normal -0.988493 -0.151266 0
    outer loop
      vertex 19.5091 2.76277 25.15
      vertex 19.5068 2.7778 25.6
      vertex 19.5068 2.7778 25.15
    endloop
  endfacet
  facet normal -0.988493 -0.151266 0
    outer loop
      vertex 19.5068 2.7778 25.6
      vertex 19.5091 2.76277 25.15
      vertex 19.5091 2.76277 25.6
    endloop
  endfacet
  facet normal -0.989661 -0.143429 0
    outer loop
      vertex 19.5068 2.7778 25.15
      vertex 19.5046 2.79298 25.6
      vertex 19.5046 2.79298 25.15
    endloop
  endfacet
  facet normal -0.989661 -0.143429 0
    outer loop
      vertex 19.5046 2.79298 25.6
      vertex 19.5068 2.7778 25.15
      vertex 19.5068 2.7778 25.6
    endloop
  endfacet
  facet normal 0.0871128 -0.996198 0
    outer loop
      vertex 18.7288 2.72514 25.15
      vertex 19.5046 2.79298 25.6
      vertex 18.7288 2.72514 25.6
    endloop
  endfacet
  facet normal 0.0871128 -0.996198 0
    outer loop
      vertex 19.5046 2.79298 25.6
      vertex 18.7288 2.72514 25.15
      vertex 19.5046 2.79298 25.15
    endloop
  endfacet
  facet normal 0.991672 0.128789 0
    outer loop
      vertex 18.7321 2.69973 25.6
      vertex 18.7288 2.72514 25.15
      vertex 18.7288 2.72514 25.6
    endloop
  endfacet
  facet normal 0.991672 0.128789 0
    outer loop
      vertex 18.7288 2.72514 25.15
      vertex 18.7321 2.69973 25.6
      vertex 18.7321 2.69973 25.15
    endloop
  endfacet
  facet normal 0.989532 0.144315 0
    outer loop
      vertex 18.7358 2.67436 25.6
      vertex 18.7321 2.69973 25.15
      vertex 18.7321 2.69973 25.6
    endloop
  endfacet
  facet normal 0.989532 0.144315 0
    outer loop
      vertex 18.7321 2.69973 25.15
      vertex 18.7358 2.67436 25.6
      vertex 18.7358 2.67436 25.15
    endloop
  endfacet
  facet normal 0.98652 0.163641 0
    outer loop
      vertex 18.74 2.64904 25.6
      vertex 18.7358 2.67436 25.15
      vertex 18.7358 2.67436 25.6
    endloop
  endfacet
  facet normal 0.98652 0.163641 0
    outer loop
      vertex 18.7358 2.67436 25.15
      vertex 18.74 2.64904 25.6
      vertex 18.74 2.64904 25.15
    endloop
  endfacet
  facet normal 0.983153 0.182786 0
    outer loop
      vertex 18.7447 2.62376 25.6
      vertex 18.74 2.64904 25.15
      vertex 18.74 2.64904 25.6
    endloop
  endfacet
  facet normal 0.983153 0.182786 0
    outer loop
      vertex 18.74 2.64904 25.15
      vertex 18.7447 2.62376 25.6
      vertex 18.7447 2.62376 25.15
    endloop
  endfacet
  facet normal 0.98019 0.198057 0
    outer loop
      vertex 18.7498 2.59852 25.6
      vertex 18.7447 2.62376 25.15
      vertex 18.7447 2.62376 25.6
    endloop
  endfacet
  facet normal 0.98019 0.198057 0
    outer loop
      vertex 18.7447 2.62376 25.15
      vertex 18.7498 2.59852 25.6
      vertex 18.7498 2.59852 25.15
    endloop
  endfacet
  facet normal 0.977001 0.213234 0
    outer loop
      vertex 18.7553 2.57332 25.6
      vertex 18.7498 2.59852 25.15
      vertex 18.7498 2.59852 25.6
    endloop
  endfacet
  facet normal 0.977001 0.213234 0
    outer loop
      vertex 18.7498 2.59852 25.15
      vertex 18.7553 2.57332 25.6
      vertex 18.7553 2.57332 25.15
    endloop
  endfacet
  facet normal 0.971823 0.235711 0
    outer loop
      vertex 18.7614 2.54817 25.6
      vertex 18.7553 2.57332 25.15
      vertex 18.7553 2.57332 25.6
    endloop
  endfacet
  facet normal 0.971823 0.235711 0
    outer loop
      vertex 18.7553 2.57332 25.15
      vertex 18.7614 2.54817 25.6
      vertex 18.7614 2.54817 25.15
    endloop
  endfacet
  facet normal 0.969043 0.24689 0
    outer loop
      vertex 18.7678 2.52305 25.6
      vertex 18.7614 2.54817 25.15
      vertex 18.7614 2.54817 25.6
    endloop
  endfacet
  facet normal 0.969043 0.24689 0
    outer loop
      vertex 18.7614 2.54817 25.15
      vertex 18.7678 2.52305 25.6
      vertex 18.7678 2.52305 25.15
    endloop
  endfacet
  facet normal 0.964149 0.265362 0
    outer loop
      vertex 18.7747 2.49798 25.6
      vertex 18.7678 2.52305 25.15
      vertex 18.7678 2.52305 25.6
    endloop
  endfacet
  facet normal 0.964149 0.265362 0
    outer loop
      vertex 18.7678 2.52305 25.15
      vertex 18.7747 2.49798 25.6
      vertex 18.7747 2.49798 25.15
    endloop
  endfacet
  facet normal 0.958937 0.283619 0
    outer loop
      vertex 18.7821 2.47296 25.6
      vertex 18.7747 2.49798 25.15
      vertex 18.7747 2.49798 25.6
    endloop
  endfacet
  facet normal 0.958937 0.283619 0
    outer loop
      vertex 18.7747 2.49798 25.15
      vertex 18.7821 2.47296 25.6
      vertex 18.7821 2.47296 25.15
    endloop
  endfacet
  facet normal 0.953456 0.301533 0
    outer loop
      vertex 18.79 2.44798 25.6
      vertex 18.7821 2.47296 25.15
      vertex 18.7821 2.47296 25.6
    endloop
  endfacet
  facet normal 0.953456 0.301533 0
    outer loop
      vertex 18.7821 2.47296 25.15
      vertex 18.79 2.44798 25.6
      vertex 18.79 2.44798 25.15
    endloop
  endfacet
  facet normal 0.948873 0.315657 0
    outer loop
      vertex 18.7983 2.42303 25.6
      vertex 18.79 2.44798 25.15
      vertex 18.79 2.44798 25.6
    endloop
  endfacet
  facet normal 0.948873 0.315657 0
    outer loop
      vertex 18.79 2.44798 25.15
      vertex 18.7983 2.42303 25.6
      vertex 18.7983 2.42303 25.15
    endloop
  endfacet
  facet normal 0.943994 0.329962 0
    outer loop
      vertex 18.807 2.39814 25.6
      vertex 18.7983 2.42303 25.15
      vertex 18.7983 2.42303 25.6
    endloop
  endfacet
  facet normal 0.943994 0.329962 0
    outer loop
      vertex 18.7983 2.42303 25.15
      vertex 18.807 2.39814 25.6
      vertex 18.807 2.39814 25.15
    endloop
  endfacet
  facet normal 0.937794 0.347191 0
    outer loop
      vertex 18.8162 2.37329 25.6
      vertex 18.807 2.39814 25.15
      vertex 18.807 2.39814 25.6
    endloop
  endfacet
  facet normal 0.937794 0.347191 0
    outer loop
      vertex 18.807 2.39814 25.15
      vertex 18.8162 2.37329 25.6
      vertex 18.8162 2.37329 25.15
    endloop
  endfacet
  facet normal 0.931447 0.363876 0
    outer loop
      vertex 18.8259 2.34846 25.6
      vertex 18.8162 2.37329 25.15
      vertex 18.8162 2.37329 25.6
    endloop
  endfacet
  facet normal 0.931447 0.363876 0
    outer loop
      vertex 18.8162 2.37329 25.15
      vertex 18.8259 2.34846 25.6
      vertex 18.8259 2.34846 25.15
    endloop
  endfacet
  facet normal 0.925928 0.377701 0
    outer loop
      vertex 18.836 2.3237 25.6
      vertex 18.8259 2.34846 25.15
      vertex 18.8259 2.34846 25.6
    endloop
  endfacet
  facet normal 0.925928 0.377701 0
    outer loop
      vertex 18.8259 2.34846 25.15
      vertex 18.836 2.3237 25.6
      vertex 18.836 2.3237 25.15
    endloop
  endfacet
  facet normal 0.918254 0.395992 0
    outer loop
      vertex 18.8466 2.29912 25.6
      vertex 18.836 2.3237 25.15
      vertex 18.836 2.3237 25.6
    endloop
  endfacet
  facet normal 0.918254 0.395992 0
    outer loop
      vertex 18.836 2.3237 25.15
      vertex 18.8466 2.29912 25.6
      vertex 18.8466 2.29912 25.15
    endloop
  endfacet
  facet normal 0.906555 0.422088 0
    outer loop
      vertex 18.8579 2.27485 25.6
      vertex 18.8466 2.29912 25.15
      vertex 18.8466 2.29912 25.6
    endloop
  endfacet
  facet normal 0.906555 0.422088 0
    outer loop
      vertex 18.8466 2.29912 25.15
      vertex 18.8579 2.27485 25.6
      vertex 18.8579 2.27485 25.15
    endloop
  endfacet
  facet normal 0.893829 0.448409 0
    outer loop
      vertex 18.8699 2.25093 25.6
      vertex 18.8579 2.27485 25.15
      vertex 18.8579 2.27485 25.6
    endloop
  endfacet
  facet normal 0.893829 0.448409 0
    outer loop
      vertex 18.8579 2.27485 25.15
      vertex 18.8699 2.25093 25.6
      vertex 18.8699 2.25093 25.15
    endloop
  endfacet
  facet normal 0.883779 0.467905 0
    outer loop
      vertex 18.8824 2.22732 25.6
      vertex 18.8699 2.25093 25.15
      vertex 18.8699 2.25093 25.6
    endloop
  endfacet
  facet normal 0.883779 0.467905 0
    outer loop
      vertex 18.8699 2.25093 25.15
      vertex 18.8824 2.22732 25.6
      vertex 18.8824 2.22732 25.15
    endloop
  endfacet
  facet normal 0.869803 0.493399 0
    outer loop
      vertex 18.8956 2.20405 25.6
      vertex 18.8824 2.22732 25.15
      vertex 18.8824 2.22732 25.6
    endloop
  endfacet
  facet normal 0.869803 0.493399 0
    outer loop
      vertex 18.8824 2.22732 25.15
      vertex 18.8956 2.20405 25.6
      vertex 18.8956 2.20405 25.15
    endloop
  endfacet
  facet normal 0.855348 0.518054 0
    outer loop
      vertex 18.9095 2.1811 25.6
      vertex 18.8956 2.20405 25.15
      vertex 18.8956 2.20405 25.6
    endloop
  endfacet
  facet normal 0.855348 0.518054 0
    outer loop
      vertex 18.8956 2.20405 25.15
      vertex 18.9095 2.1811 25.6
      vertex 18.9095 2.1811 25.15
    endloop
  endfacet
  facet normal 0.843462 0.537189 0
    outer loop
      vertex 18.9239 2.15849 25.6
      vertex 18.9095 2.1811 25.15
      vertex 18.9095 2.1811 25.6
    endloop
  endfacet
  facet normal 0.843462 0.537189 0
    outer loop
      vertex 18.9095 2.1811 25.15
      vertex 18.9239 2.15849 25.6
      vertex 18.9239 2.15849 25.15
    endloop
  endfacet
  facet normal 0.827913 0.560856 0
    outer loop
      vertex 18.939 2.1362 25.6
      vertex 18.9239 2.15849 25.15
      vertex 18.9239 2.15849 25.6
    endloop
  endfacet
  facet normal 0.827913 0.560856 0
    outer loop
      vertex 18.9239 2.15849 25.15
      vertex 18.939 2.1362 25.6
      vertex 18.939 2.1362 25.15
    endloop
  endfacet
  facet normal 0.811731 0.584032 0
    outer loop
      vertex 18.9548 2.11424 25.6
      vertex 18.939 2.1362 25.15
      vertex 18.939 2.1362 25.6
    endloop
  endfacet
  facet normal 0.811731 0.584032 0
    outer loop
      vertex 18.939 2.1362 25.15
      vertex 18.9548 2.11424 25.6
      vertex 18.9548 2.11424 25.15
    endloop
  endfacet
  facet normal 0.796985 0.603999 0
    outer loop
      vertex 18.9712 2.0926 25.6
      vertex 18.9548 2.11424 25.15
      vertex 18.9548 2.11424 25.6
    endloop
  endfacet
  facet normal 0.796985 0.603999 0
    outer loop
      vertex 18.9548 2.11424 25.15
      vertex 18.9712 2.0926 25.6
      vertex 18.9712 2.0926 25.15
    endloop
  endfacet
  facet normal 0.781584 0.6238 0
    outer loop
      vertex 18.9882 2.0713 25.6
      vertex 18.9712 2.0926 25.15
      vertex 18.9712 2.0926 25.6
    endloop
  endfacet
  facet normal 0.781584 0.6238 0
    outer loop
      vertex 18.9712 2.0926 25.15
      vertex 18.9882 2.0713 25.6
      vertex 18.9882 2.0713 25.15
    endloop
  endfacet
  facet normal 0.766122 0.642695 0
    outer loop
      vertex 19.0058 2.05032 25.6
      vertex 18.9882 2.0713 25.15
      vertex 18.9882 2.0713 25.6
    endloop
  endfacet
  facet normal 0.766122 0.642695 0
    outer loop
      vertex 18.9882 2.0713 25.15
      vertex 19.0058 2.05032 25.6
      vertex 19.0058 2.05032 25.15
    endloop
  endfacet
  facet normal 0.748249 0.663418 0
    outer loop
      vertex 19.0241 2.02968 25.6
      vertex 19.0058 2.05032 25.15
      vertex 19.0058 2.05032 25.6
    endloop
  endfacet
  facet normal 0.748249 0.663418 0
    outer loop
      vertex 19.0058 2.05032 25.15
      vertex 19.0241 2.02968 25.6
      vertex 19.0241 2.02968 25.15
    endloop
  endfacet
  facet normal 0.732396 0.680879 0
    outer loop
      vertex 19.043 2.00935 25.6
      vertex 19.0241 2.02968 25.15
      vertex 19.0241 2.02968 25.6
    endloop
  endfacet
  facet normal 0.732396 0.680879 0
    outer loop
      vertex 19.0241 2.02968 25.15
      vertex 19.043 2.00935 25.6
      vertex 19.043 2.00935 25.15
    endloop
  endfacet
  facet normal 0.714038 0.700107 0
    outer loop
      vertex 19.0626 1.98936 25.6
      vertex 19.043 2.00935 25.15
      vertex 19.043 2.00935 25.6
    endloop
  endfacet
  facet normal 0.714038 0.700107 0
    outer loop
      vertex 19.043 2.00935 25.15
      vertex 19.0626 1.98936 25.6
      vertex 19.0626 1.98936 25.15
    endloop
  endfacet
  facet normal 0.697645 0.716443 -0
    outer loop
      vertex 19.0828 1.96969 25.15
      vertex 19.0626 1.98936 25.6
      vertex 19.0828 1.96969 25.6
    endloop
  endfacet
  facet normal 0.697645 0.716443 0
    outer loop
      vertex 19.0626 1.98936 25.6
      vertex 19.0828 1.96969 25.15
      vertex 19.0626 1.98936 25.15
    endloop
  endfacet
  facet normal 0.677476 0.735545 -0
    outer loop
      vertex 19.1037 1.95044 25.15
      vertex 19.0828 1.96969 25.6
      vertex 19.1037 1.95044 25.6
    endloop
  endfacet
  facet normal 0.677476 0.735545 0
    outer loop
      vertex 19.0828 1.96969 25.6
      vertex 19.1037 1.95044 25.15
      vertex 19.0828 1.96969 25.15
    endloop
  endfacet
  facet normal 0.657661 0.753314 -0
    outer loop
      vertex 19.1252 1.93167 25.15
      vertex 19.1037 1.95044 25.6
      vertex 19.1252 1.93167 25.6
    endloop
  endfacet
  facet normal 0.657661 0.753314 0
    outer loop
      vertex 19.1037 1.95044 25.6
      vertex 19.1252 1.93167 25.15
      vertex 19.1037 1.95044 25.15
    endloop
  endfacet
  facet normal 0.63288 0.77425 -0
    outer loop
      vertex 19.1476 1.91336 25.15
      vertex 19.1252 1.93167 25.6
      vertex 19.1476 1.91336 25.6
    endloop
  endfacet
  facet normal 0.63288 0.77425 0
    outer loop
      vertex 19.1252 1.93167 25.6
      vertex 19.1476 1.91336 25.15
      vertex 19.1252 1.93167 25.15
    endloop
  endfacet
  facet normal 0.612464 0.790498 -0
    outer loop
      vertex 19.1706 1.89554 25.15
      vertex 19.1476 1.91336 25.6
      vertex 19.1706 1.89554 25.6
    endloop
  endfacet
  facet normal 0.612464 0.790498 0
    outer loop
      vertex 19.1476 1.91336 25.6
      vertex 19.1706 1.89554 25.15
      vertex 19.1476 1.91336 25.15
    endloop
  endfacet
  facet normal 0.58908 0.808075 -0
    outer loop
      vertex 19.1944 1.87819 25.15
      vertex 19.1706 1.89554 25.6
      vertex 19.1944 1.87819 25.6
    endloop
  endfacet
  facet normal 0.58908 0.808075 0
    outer loop
      vertex 19.1706 1.89554 25.6
      vertex 19.1944 1.87819 25.15
      vertex 19.1706 1.89554 25.15
    endloop
  endfacet
  facet normal 0.56893 0.822386 -0
    outer loop
      vertex 19.2188 1.86131 25.15
      vertex 19.1944 1.87819 25.6
      vertex 19.2188 1.86131 25.6
    endloop
  endfacet
  facet normal 0.56893 0.822386 0
    outer loop
      vertex 19.1944 1.87819 25.6
      vertex 19.2188 1.86131 25.15
      vertex 19.1944 1.87819 25.15
    endloop
  endfacet
  facet normal 0.545456 0.83814 -0
    outer loop
      vertex 19.244 1.84491 25.15
      vertex 19.2188 1.86131 25.6
      vertex 19.244 1.84491 25.6
    endloop
  endfacet
  facet normal 0.545456 0.83814 0
    outer loop
      vertex 19.2188 1.86131 25.6
      vertex 19.244 1.84491 25.15
      vertex 19.2188 1.86131 25.15
    endloop
  endfacet
  facet normal 0.523657 0.851929 -0
    outer loop
      vertex 19.2699 1.82899 25.15
      vertex 19.244 1.84491 25.6
      vertex 19.2699 1.82899 25.6
    endloop
  endfacet
  facet normal 0.523657 0.851929 0
    outer loop
      vertex 19.244 1.84491 25.6
      vertex 19.2699 1.82899 25.15
      vertex 19.244 1.84491 25.15
    endloop
  endfacet
  facet normal 0.500602 0.865678 -0
    outer loop
      vertex 19.2966 1.81355 25.15
      vertex 19.2699 1.82899 25.6
      vertex 19.2966 1.81355 25.6
    endloop
  endfacet
  facet normal 0.500602 0.865678 0
    outer loop
      vertex 19.2699 1.82899 25.6
      vertex 19.2966 1.81355 25.15
      vertex 19.2699 1.82899 25.15
    endloop
  endfacet
  facet normal 0.480809 0.876826 -0
    outer loop
      vertex 19.3239 1.79858 25.15
      vertex 19.2966 1.81355 25.6
      vertex 19.3239 1.79858 25.6
    endloop
  endfacet
  facet normal 0.480809 0.876826 0
    outer loop
      vertex 19.2966 1.81355 25.6
      vertex 19.3239 1.79858 25.15
      vertex 19.2966 1.81355 25.15
    endloop
  endfacet
  facet normal 0.458313 0.888791 -0
    outer loop
      vertex 19.352 1.78409 25.15
      vertex 19.3239 1.79858 25.6
      vertex 19.352 1.78409 25.6
    endloop
  endfacet
  facet normal 0.458313 0.888791 0
    outer loop
      vertex 19.3239 1.79858 25.6
      vertex 19.352 1.78409 25.15
      vertex 19.3239 1.79858 25.15
    endloop
  endfacet
  facet normal 0.437445 0.899245 -0
    outer loop
      vertex 19.3808 1.77008 25.15
      vertex 19.352 1.78409 25.6
      vertex 19.3808 1.77008 25.6
    endloop
  endfacet
  facet normal 0.437445 0.899245 0
    outer loop
      vertex 19.352 1.78409 25.6
      vertex 19.3808 1.77008 25.15
      vertex 19.352 1.78409 25.15
    endloop
  endfacet
  facet normal 0.417397 0.908724 -0
    outer loop
      vertex 19.4103 1.75653 25.15
      vertex 19.3808 1.77008 25.6
      vertex 19.4103 1.75653 25.6
    endloop
  endfacet
  facet normal 0.417397 0.908724 0
    outer loop
      vertex 19.3808 1.77008 25.6
      vertex 19.4103 1.75653 25.15
      vertex 19.3808 1.77008 25.15
    endloop
  endfacet
  facet normal 0.395821 0.918328 -0
    outer loop
      vertex 19.4406 1.74347 25.15
      vertex 19.4103 1.75653 25.6
      vertex 19.4406 1.74347 25.6
    endloop
  endfacet
  facet normal 0.395821 0.918328 0
    outer loop
      vertex 19.4103 1.75653 25.6
      vertex 19.4406 1.74347 25.15
      vertex 19.4103 1.75653 25.15
    endloop
  endfacet
  facet normal 0.377068 0.926185 -0
    outer loop
      vertex 19.4715 1.73089 25.15
      vertex 19.4406 1.74347 25.6
      vertex 19.4715 1.73089 25.6
    endloop
  endfacet
  facet normal 0.377068 0.926185 0
    outer loop
      vertex 19.4406 1.74347 25.6
      vertex 19.4715 1.73089 25.15
      vertex 19.4406 1.74347 25.15
    endloop
  endfacet
  facet normal 0.356865 0.934156 -0
    outer loop
      vertex 19.5032 1.71878 25.15
      vertex 19.4715 1.73089 25.6
      vertex 19.5032 1.71878 25.6
    endloop
  endfacet
  facet normal 0.356865 0.934156 0
    outer loop
      vertex 19.4715 1.73089 25.6
      vertex 19.5032 1.71878 25.15
      vertex 19.4715 1.73089 25.15
    endloop
  endfacet
  facet normal 0.333321 0.942813 -0
    outer loop
      vertex 19.5357 1.70729 25.15
      vertex 19.5032 1.71878 25.6
      vertex 19.5357 1.70729 25.6
    endloop
  endfacet
  facet normal 0.333321 0.942813 0
    outer loop
      vertex 19.5032 1.71878 25.6
      vertex 19.5357 1.70729 25.15
      vertex 19.5032 1.71878 25.15
    endloop
  endfacet
  facet normal 0.305807 0.952094 -0
    outer loop
      vertex 19.5692 1.69653 25.15
      vertex 19.5357 1.70729 25.6
      vertex 19.5692 1.69653 25.6
    endloop
  endfacet
  facet normal 0.305807 0.952094 0
    outer loop
      vertex 19.5357 1.70729 25.6
      vertex 19.5692 1.69653 25.15
      vertex 19.5357 1.70729 25.15
    endloop
  endfacet
  facet normal 0.28015 0.959956 -0
    outer loop
      vertex 19.6035 1.68652 25.15
      vertex 19.5692 1.69653 25.6
      vertex 19.6035 1.68652 25.6
    endloop
  endfacet
  facet normal 0.28015 0.959956 0
    outer loop
      vertex 19.5692 1.69653 25.6
      vertex 19.6035 1.68652 25.15
      vertex 19.5692 1.69653 25.15
    endloop
  endfacet
  facet normal 0.254251 0.967138 -0
    outer loop
      vertex 19.6388 1.67724 25.15
      vertex 19.6035 1.68652 25.6
      vertex 19.6388 1.67724 25.6
    endloop
  endfacet
  facet normal 0.254251 0.967138 0
    outer loop
      vertex 19.6035 1.68652 25.6
      vertex 19.6388 1.67724 25.15
      vertex 19.6035 1.68652 25.15
    endloop
  endfacet
  facet normal 0.228844 0.973463 -0
    outer loop
      vertex 19.675 1.66873 25.15
      vertex 19.6388 1.67724 25.6
      vertex 19.675 1.66873 25.6
    endloop
  endfacet
  facet normal 0.228844 0.973463 0
    outer loop
      vertex 19.6388 1.67724 25.6
      vertex 19.675 1.66873 25.15
      vertex 19.6388 1.67724 25.15
    endloop
  endfacet
  facet normal 0.205745 0.978606 -0
    outer loop
      vertex 19.7121 1.66093 25.15
      vertex 19.675 1.66873 25.6
      vertex 19.7121 1.66093 25.6
    endloop
  endfacet
  facet normal 0.205745 0.978606 0
    outer loop
      vertex 19.675 1.66873 25.6
      vertex 19.7121 1.66093 25.15
      vertex 19.675 1.66873 25.15
    endloop
  endfacet
  facet normal 0.181913 0.983315 -0
    outer loop
      vertex 19.7501 1.6539 25.15
      vertex 19.7121 1.66093 25.6
      vertex 19.7501 1.6539 25.6
    endloop
  endfacet
  facet normal 0.181913 0.983315 0
    outer loop
      vertex 19.7121 1.66093 25.6
      vertex 19.7501 1.6539 25.15
      vertex 19.7121 1.66093 25.15
    endloop
  endfacet
  facet normal 0.159471 0.987203 -0
    outer loop
      vertex 19.7891 1.6476 25.15
      vertex 19.7501 1.6539 25.6
      vertex 19.7891 1.6476 25.6
    endloop
  endfacet
  facet normal 0.159471 0.987203 0
    outer loop
      vertex 19.7501 1.6539 25.6
      vertex 19.7891 1.6476 25.15
      vertex 19.7501 1.6539 25.15
    endloop
  endfacet
  facet normal 0.139004 0.990292 -0
    outer loop
      vertex 19.8 1.64607 25.15
      vertex 19.7891 1.6476 25.6
      vertex 19.8 1.64607 25.6
    endloop
  endfacet
  facet normal 0.139004 0.990292 0
    outer loop
      vertex 19.7891 1.6476 25.6
      vertex 19.8 1.64607 25.15
      vertex 19.7891 1.6476 25.15
    endloop
  endfacet
endsolid OpenSCAD_Model
