solid OpenSCAD_Model
  facet normal 1 0 0
    outer loop
      vertex 24 6.4 2
      vertex 24 8 26
      vertex 24 6.4 26
    endloop
  endfacet
  facet normal 1 0 0
    outer loop
      vertex 24 8 26
      vertex 24 6.4 2
      vertex 24 8 0
    endloop
  endfacet
  facet normal 1 0 0
    outer loop
      vertex 24 0 0
      vertex 24 6.4 2
      vertex 24 0 2
    endloop
  endfacet
  facet normal 1 0 0
    outer loop
      vertex 24 6.4 2
      vertex 24 0 0
      vertex 24 8 0
    endloop
  endfacet
  facet normal -0 0 1
    outer loop
      vertex 0 8 26
      vertex 24 6.4 26
      vertex 24 8 26
    endloop
  endfacet
  facet normal 0 0 1
    outer loop
      vertex 24 6.4 26
      vertex 0 8 26
      vertex 0 6.4 26
    endloop
  endfacet
  facet normal 0 0 1
    outer loop
      vertex 24 6.4 2
      vertex 16.1448 2.96751 2
      vertex 24 0 2
    endloop
  endfacet
  facet normal 0 0 1
    outer loop
      vertex 24 6.4 2
      vertex 16.1328 3.12185 2
      vertex 16.1448 2.96751 2
    endloop
  endfacet
  facet normal -0 0 1
    outer loop
      vertex 16.0593 4.2779 2
      vertex 16.1328 3.12185 2
      vertex 24 6.4 2
    endloop
  endfacet
  facet normal 0 0 1
    outer loop
      vertex 16.0593 4.2779 2
      vertex 24 6.4 2
      vertex 16.0688 4.39533 2
    endloop
  endfacet
  facet normal 0 0 1
    outer loop
      vertex 24 6.4 2
      vertex 16.0536 4.56786 2
      vertex 16.0688 4.39533 2
    endloop
  endfacet
  facet normal 0 0 1
    outer loop
      vertex 24 6.4 2
      vertex 16.0081 4.7252 2
      vertex 16.0536 4.56786 2
    endloop
  endfacet
  facet normal 0 0 1
    outer loop
      vertex 24 6.4 2
      vertex 15.931 4.86434 2
      vertex 16.0081 4.7252 2
    endloop
  endfacet
  facet normal 0 0 1
    outer loop
      vertex 24 6.4 2
      vertex 15.8214 4.98231 2
      vertex 15.931 4.86434 2
    endloop
  endfacet
  facet normal 0 0 1
    outer loop
      vertex 24 6.4 2
      vertex 15.6785 5.0778 2
      vertex 15.8214 4.98231 2
    endloop
  endfacet
  facet normal 0 0 1
    outer loop
      vertex 24 6.4 2
      vertex 15.5014 5.14942 2
      vertex 15.6785 5.0778 2
    endloop
  endfacet
  facet normal 0 0 1
    outer loop
      vertex 24 6.4 2
      vertex 15.289 5.19418 2
      vertex 15.5014 5.14942 2
    endloop
  endfacet
  facet normal 0 0 1
    outer loop
      vertex 24 6.4 2
      vertex 15.0403 5.2091 2
      vertex 15.289 5.19418 2
    endloop
  endfacet
  facet normal 0 0 1
    outer loop
      vertex 12.6394 5.2091 2
      vertex 15.0403 5.2091 2
      vertex 24 6.4 2
    endloop
  endfacet
  facet normal 0 0 1
    outer loop
      vertex 14.032 4.2806 2
      vertex 13.9639 3.12077 2
      vertex 14.003 3.25935 2
    endloop
  endfacet
  facet normal 0 0 1
    outer loop
      vertex 14.032 4.2806 2
      vertex 13.6853 3.63584 2
      vertex 13.9639 3.12077 2
    endloop
  endfacet
  facet normal -0 0 1
    outer loop
      vertex 13.6653 3.23197 2
      vertex 13.9639 3.12077 2
      vertex 13.6853 3.63584 2
    endloop
  endfacet
  facet normal -0 0 1
    outer loop
      vertex 13.6062 4.40078 2
      vertex 14.0225 4.39968 2
      vertex 14.0391 4.57383 2
    endloop
  endfacet
  facet normal -0 0 1
    outer loop
      vertex 13.5118 4.67284 2
      vertex 14.0391 4.57383 2
      vertex 14.0887 4.73168 2
    endloop
  endfacet
  facet normal 0 0 1
    outer loop
      vertex 14.032 4.2806 2
      vertex 13.6656 4.05819 2
      vertex 13.6853 3.63584 2
    endloop
  endfacet
  facet normal 0 0 1
    outer loop
      vertex 13.387 4.8836 2
      vertex 14.0887 4.73168 2
      vertex 14.1703 4.87057 2
    endloop
  endfacet
  facet normal 0 0 1
    outer loop
      vertex 14.032 4.2806 2
      vertex 13.6062 4.40078 2
      vertex 13.6656 4.05819 2
    endloop
  endfacet
  facet normal -0 0 1
    outer loop
      vertex 13.387 4.8836 2
      vertex 14.1703 4.87057 2
      vertex 14.2829 4.98776 2
    endloop
  endfacet
  facet normal 0 0 1
    outer loop
      vertex 14.0391 4.57383 2
      vertex 13.5118 4.67284 2
      vertex 13.6062 4.40078 2
    endloop
  endfacet
  facet normal -0 0 1
    outer loop
      vertex 13.234 5.03684 2
      vertex 14.2829 4.98776 2
      vertex 14.4264 5.08189 2
    endloop
  endfacet
  facet normal 0 0 1
    outer loop
      vertex 14.0887 4.73168 2
      vertex 13.387 4.8836 2
      vertex 13.5118 4.67284 2
    endloop
  endfacet
  facet normal -0 0 1
    outer loop
      vertex 13.0549 5.13639 2
      vertex 14.4264 5.08189 2
      vertex 14.6008 5.15159 2
    endloop
  endfacet
  facet normal 0 0 1
    outer loop
      vertex 14.2829 4.98776 2
      vertex 13.234 5.03684 2
      vertex 13.387 4.8836 2
    endloop
  endfacet
  facet normal -0 0 1
    outer loop
      vertex 12.8551 5.19093 2
      vertex 14.6008 5.15159 2
      vertex 14.8056 5.19473 2
    endloop
  endfacet
  facet normal 0 0 1
    outer loop
      vertex 15.0403 5.2091 2
      vertex 12.6394 5.2091 2
      vertex 14.8056 5.19473 2
    endloop
  endfacet
  facet normal 0 0 1
    outer loop
      vertex 14.4264 5.08189 2
      vertex 13.0549 5.13639 2
      vertex 13.234 5.03684 2
    endloop
  endfacet
  facet normal 0 0 1
    outer loop
      vertex 14.6008 5.15159 2
      vertex 12.8551 5.19093 2
      vertex 13.0549 5.13639 2
    endloop
  endfacet
  facet normal 0 0 1
    outer loop
      vertex 14.8056 5.19473 2
      vertex 12.6394 5.2091 2
      vertex 12.8551 5.19093 2
    endloop
  endfacet
  facet normal -0 0 1
    outer loop
      vertex 0 6.4 2
      vertex 12.6394 5.2091 2
      vertex 24 6.4 2
    endloop
  endfacet
  facet normal 0 0 1
    outer loop
      vertex 10.0656 3.63584 2
      vertex 11.5718 3.63584 2
      vertex 11.591 4.05819 2
    endloop
  endfacet
  facet normal 0 0 1
    outer loop
      vertex 10.0459 4.05819 2
      vertex 11.591 4.05819 2
      vertex 11.6488 4.40078 2
    endloop
  endfacet
  facet normal 0 0 1
    outer loop
      vertex 11.5718 3.63584 2
      vertex 10.0656 3.63584 2
      vertex 11.1189 2.76786 2
    endloop
  endfacet
  facet normal 0 0 1
    outer loop
      vertex 9.98645 4.40078 2
      vertex 11.6488 4.40078 2
      vertex 11.7419 4.67284 2
    endloop
  endfacet
  facet normal 0 0 1
    outer loop
      vertex 9.89206 4.67284 2
      vertex 11.7419 4.67284 2
      vertex 11.8669 4.8836 2
    endloop
  endfacet
  facet normal -0 0 1
    outer loop
      vertex 10.0456 3.23197 2
      vertex 10.4918 2.76786 2
      vertex 10.0656 3.63584 2
    endloop
  endfacet
  facet normal 0 0 1
    outer loop
      vertex 11.1189 2.76786 2
      vertex 10.0656 3.63584 2
      vertex 10.4918 2.76786 2
    endloop
  endfacet
  facet normal 0 0 1
    outer loop
      vertex 9.76727 4.8836 2
      vertex 11.8669 4.8836 2
      vertex 12.0218 5.03684 2
    endloop
  endfacet
  facet normal 0 0 1
    outer loop
      vertex 11.591 4.05819 2
      vertex 10.0459 4.05819 2
      vertex 10.0656 3.63584 2
    endloop
  endfacet
  facet normal 0 0 1
    outer loop
      vertex 9.61429 5.03684 2
      vertex 12.0218 5.03684 2
      vertex 12.2043 5.13639 2
    endloop
  endfacet
  facet normal 0 0 1
    outer loop
      vertex 11.6488 4.40078 2
      vertex 9.98645 4.40078 2
      vertex 10.0459 4.05819 2
    endloop
  endfacet
  facet normal 0 0 1
    outer loop
      vertex 11.7419 4.67284 2
      vertex 9.89206 4.67284 2
      vertex 9.98645 4.40078 2
    endloop
  endfacet
  facet normal 0 0 1
    outer loop
      vertex 9.43524 5.13639 2
      vertex 12.2043 5.13639 2
      vertex 12.4113 5.19093 2
    endloop
  endfacet
  facet normal 0 0 1
    outer loop
      vertex 11.8669 4.8836 2
      vertex 9.76727 4.8836 2
      vertex 9.89206 4.67284 2
    endloop
  endfacet
  facet normal 0 0 1
    outer loop
      vertex 12.0218 5.03684 2
      vertex 9.61429 5.03684 2
      vertex 9.76727 4.8836 2
    endloop
  endfacet
  facet normal 0 -0 1
    outer loop
      vertex 9.01973 5.2091 2
      vertex 12.6394 5.2091 2
      vertex 0 6.4 2
    endloop
  endfacet
  facet normal 0 0 1
    outer loop
      vertex 12.2043 5.13639 2
      vertex 9.43524 5.13639 2
      vertex 9.61429 5.03684 2
    endloop
  endfacet
  facet normal 0 0 1
    outer loop
      vertex 12.4113 5.19093 2
      vertex 9.23535 5.19093 2
      vertex 9.43524 5.13639 2
    endloop
  endfacet
  facet normal 0 0 1
    outer loop
      vertex 12.4113 5.19093 2
      vertex 9.01973 5.2091 2
      vertex 9.23535 5.19093 2
    endloop
  endfacet
  facet normal 0 0 1
    outer loop
      vertex 7.97134 4.05819 2
      vertex 0 6.4 2
      vertex 7.95209 3.63584 2
    endloop
  endfacet
  facet normal 0 0 1
    outer loop
      vertex 8.0291 4.40078 2
      vertex 0 6.4 2
      vertex 7.97134 4.05819 2
    endloop
  endfacet
  facet normal 0 0 1
    outer loop
      vertex 8.12215 4.67284 2
      vertex 0 6.4 2
      vertex 8.0291 4.40078 2
    endloop
  endfacet
  facet normal 0 0 1
    outer loop
      vertex 8.24718 4.8836 2
      vertex 0 6.4 2
      vertex 8.12215 4.67284 2
    endloop
  endfacet
  facet normal 0 0 1
    outer loop
      vertex 8.40207 5.03684 2
      vertex 0 6.4 2
      vertex 8.24718 4.8836 2
    endloop
  endfacet
  facet normal 0 0 1
    outer loop
      vertex 8.58463 5.13639 2
      vertex 0 6.4 2
      vertex 8.40207 5.03684 2
    endloop
  endfacet
  facet normal 0 0 1
    outer loop
      vertex 8.7916 5.19093 2
      vertex 0 6.4 2
      vertex 8.58463 5.13639 2
    endloop
  endfacet
  facet normal 0 0 1
    outer loop
      vertex 9.01973 5.2091 2
      vertex 0 6.4 2
      vertex 8.7916 5.19093 2
    endloop
  endfacet
  facet normal 0 0 1
    outer loop
      vertex 12.6394 5.2091 2
      vertex 9.01973 5.2091 2
      vertex 12.4113 5.19093 2
    endloop
  endfacet
  facet normal -0 0 1
    outer loop
      vertex 16.1285 2.7779 2
      vertex 24 0 2
      vertex 16.1448 2.96751 2
    endloop
  endfacet
  facet normal -0 0 1
    outer loop
      vertex 16.0797 2.60403 2
      vertex 24 0 2
      vertex 16.1285 2.7779 2
    endloop
  endfacet
  facet normal -0 0 1
    outer loop
      vertex 15.9972 2.4494 2
      vertex 24 0 2
      vertex 16.0797 2.60403 2
    endloop
  endfacet
  facet normal -0 0 1
    outer loop
      vertex 15.88 2.31756 2
      vertex 24 0 2
      vertex 15.9972 2.4494 2
    endloop
  endfacet
  facet normal -0 0 1
    outer loop
      vertex 15.7276 2.21043 2
      vertex 24 0 2
      vertex 15.88 2.31756 2
    endloop
  endfacet
  facet normal -0 0 1
    outer loop
      vertex 15.5393 2.12988 2
      vertex 24 0 2
      vertex 15.7276 2.21043 2
    endloop
  endfacet
  facet normal -0 0 1
    outer loop
      vertex 15.3136 2.07943 2
      vertex 24 0 2
      vertex 15.5393 2.12988 2
    endloop
  endfacet
  facet normal -0 0 1
    outer loop
      vertex 15.0489 2.06262 2
      vertex 24 0 2
      vertex 15.3136 2.07943 2
    endloop
  endfacet
  facet normal 0 0 1
    outer loop
      vertex 12.6221 2.06262 2
      vertex 15.0489 2.06262 2
      vertex 14.7855 2.07943 2
    endloop
  endfacet
  facet normal -0 0 1
    outer loop
      vertex 12.8431 2.08296 2
      vertex 14.7855 2.07943 2
      vertex 14.5596 2.12988 2
    endloop
  endfacet
  facet normal 0 0 1
    outer loop
      vertex 13.9639 3.12077 2
      vertex 13.6653 3.23197 2
      vertex 13.9509 2.96316 2
    endloop
  endfacet
  facet normal 0 0 1
    outer loop
      vertex 13.6051 2.89698 2
      vertex 13.9509 2.96316 2
      vertex 13.6653 3.23197 2
    endloop
  endfacet
  facet normal 0 0 1
    outer loop
      vertex 13.9509 2.96316 2
      vertex 13.6051 2.89698 2
      vertex 13.9672 2.77546 2
    endloop
  endfacet
  facet normal 0 0 1
    outer loop
      vertex 13.5093 2.62519 2
      vertex 13.9672 2.77546 2
      vertex 13.6051 2.89698 2
    endloop
  endfacet
  facet normal 0 0 1
    outer loop
      vertex 13.9672 2.77546 2
      vertex 13.5093 2.62519 2
      vertex 14.016 2.60293 2
    endloop
  endfacet
  facet normal 0 0 1
    outer loop
      vertex 14.016 2.60293 2
      vertex 13.5093 2.62519 2
      vertex 14.0987 2.44912 2
    endloop
  endfacet
  facet normal 0 0 1
    outer loop
      vertex 13.3826 2.4109 2
      vertex 14.0987 2.44912 2
      vertex 13.5093 2.62519 2
    endloop
  endfacet
  facet normal 0 0 1
    outer loop
      vertex 14.0987 2.44912 2
      vertex 13.3826 2.4109 2
      vertex 14.2167 2.31756 2
    endloop
  endfacet
  facet normal 0 0 1
    outer loop
      vertex 13.2275 2.25141 2
      vertex 14.2167 2.31756 2
      vertex 13.3826 2.4109 2
    endloop
  endfacet
  facet normal 0 0 1
    outer loop
      vertex 14.2167 2.31756 2
      vertex 13.2275 2.25141 2
      vertex 14.3703 2.21043 2
    endloop
  endfacet
  facet normal 0 0 1
    outer loop
      vertex 13.0463 2.14399 2
      vertex 14.3703 2.21043 2
      vertex 13.2275 2.25141 2
    endloop
  endfacet
  facet normal 0 0 1
    outer loop
      vertex 14.3703 2.21043 2
      vertex 13.0463 2.14399 2
      vertex 14.5596 2.12988 2
    endloop
  endfacet
  facet normal 0 0 1
    outer loop
      vertex 12.8431 2.08296 2
      vertex 14.5596 2.12988 2
      vertex 13.0463 2.14399 2
    endloop
  endfacet
  facet normal 0 0 1
    outer loop
      vertex 14.7855 2.07943 2
      vertex 12.8431 2.08296 2
      vertex 12.6221 2.06262 2
    endloop
  endfacet
  facet normal 0 0 1
    outer loop
      vertex 15.0489 2.06262 2
      vertex 12.6221 2.06262 2
      vertex 24 0 2
    endloop
  endfacet
  facet normal 0 0 1
    outer loop
      vertex 11.1189 2.10601 2
      vertex 12.6221 2.06262 2
      vertex 12.4013 2.08268 2
    endloop
  endfacet
  facet normal 0 0 1
    outer loop
      vertex 11.1189 2.76786 2
      vertex 11.5913 3.23034 2
      vertex 11.5718 3.63584 2
    endloop
  endfacet
  facet normal 0 0 1
    outer loop
      vertex 11.1189 2.76786 2
      vertex 11.6499 2.89481 2
      vertex 11.5913 3.23034 2
    endloop
  endfacet
  facet normal -0 0 1
    outer loop
      vertex 11.1189 2.76786 2
      vertex 11.7432 2.62301 2
      vertex 11.6499 2.89481 2
    endloop
  endfacet
  facet normal 0 0 1
    outer loop
      vertex 11.1189 2.10601 2
      vertex 11.7432 2.62301 2
      vertex 11.1189 2.76786 2
    endloop
  endfacet
  facet normal 0 0 1
    outer loop
      vertex 11.7432 2.62301 2
      vertex 11.1189 2.10601 2
      vertex 11.8669 2.40873 2
    endloop
  endfacet
  facet normal 0 0 1
    outer loop
      vertex 11.8669 2.40873 2
      vertex 11.1189 2.10601 2
      vertex 12.0193 2.24951 2
    endloop
  endfacet
  facet normal 0 0 1
    outer loop
      vertex 12.0193 2.24951 2
      vertex 11.1189 2.10601 2
      vertex 12.1989 2.14291 2
    endloop
  endfacet
  facet normal -0 0 1
    outer loop
      vertex 11.1189 2.10601 2
      vertex 12.4013 2.08268 2
      vertex 12.1989 2.14291 2
    endloop
  endfacet
  facet normal 0 0 1
    outer loop
      vertex 12.6221 2.06262 2
      vertex 11.1189 2.10601 2
      vertex 0 0 2
    endloop
  endfacet
  facet normal 0 0 1
    outer loop
      vertex 0 0 2
      vertex 11.1189 2.10601 2
      vertex 10.4918 2.10601 2
    endloop
  endfacet
  facet normal -0 0 1
    outer loop
      vertex 9.98537 2.89698 2
      vertex 10.4918 2.76786 2
      vertex 10.0456 3.23197 2
    endloop
  endfacet
  facet normal 0 0 1
    outer loop
      vertex 9.8896 2.62519 2
      vertex 10.4918 2.76786 2
      vertex 9.98537 2.89698 2
    endloop
  endfacet
  facet normal 0 0 1
    outer loop
      vertex 10.4918 2.76786 2
      vertex 9.8896 2.62519 2
      vertex 10.4918 2.10601 2
    endloop
  endfacet
  facet normal -0 0 1
    outer loop
      vertex 9.76292 2.4109 2
      vertex 10.4918 2.10601 2
      vertex 9.8896 2.62519 2
    endloop
  endfacet
  facet normal -0 0 1
    outer loop
      vertex 9.60779 2.25141 2
      vertex 10.4918 2.10601 2
      vertex 9.76292 2.4109 2
    endloop
  endfacet
  facet normal -0 0 1
    outer loop
      vertex 9.42657 2.14399 2
      vertex 10.4918 2.10601 2
      vertex 9.60779 2.25141 2
    endloop
  endfacet
  facet normal 0 0 1
    outer loop
      vertex 9.22342 2.08296 2
      vertex 10.4918 2.10601 2
      vertex 9.42657 2.14399 2
    endloop
  endfacet
  facet normal 0 0 1
    outer loop
      vertex 9.00235 2.06262 2
      vertex 10.4918 2.10601 2
      vertex 9.22342 2.08296 2
    endloop
  endfacet
  facet normal 0 0 1
    outer loop
      vertex 0 0 2
      vertex 10.4918 2.10601 2
      vertex 9.00235 2.06262 2
    endloop
  endfacet
  facet normal 0 0 1
    outer loop
      vertex 0 0 2
      vertex 9.00235 2.06262 2
      vertex 8.78156 2.08268 2
    endloop
  endfacet
  facet normal 0 0 1
    outer loop
      vertex 0 6.4 2
      vertex 7.9716 3.23034 2
      vertex 7.95209 3.63584 2
    endloop
  endfacet
  facet normal 0 0 1
    outer loop
      vertex 0 0 2
      vertex 7.9716 3.23034 2
      vertex 0 6.4 2
    endloop
  endfacet
  facet normal 0 0 1
    outer loop
      vertex 7.9716 3.23034 2
      vertex 0 0 2
      vertex 8.0302 2.89481 2
    endloop
  endfacet
  facet normal 0 0 1
    outer loop
      vertex 8.0302 2.89481 2
      vertex 0 0 2
      vertex 8.12349 2.62301 2
    endloop
  endfacet
  facet normal 0 0 1
    outer loop
      vertex 8.12349 2.62301 2
      vertex 0 0 2
      vertex 8.24718 2.40873 2
    endloop
  endfacet
  facet normal 0 0 1
    outer loop
      vertex 8.24718 2.40873 2
      vertex 0 0 2
      vertex 8.39963 2.24951 2
    endloop
  endfacet
  facet normal 0 0 1
    outer loop
      vertex 12.6221 2.06262 2
      vertex 0 0 2
      vertex 24 0 2
    endloop
  endfacet
  facet normal 0 0 1
    outer loop
      vertex 8.57918 2.14291 2
      vertex 0 0 2
      vertex 8.78156 2.08268 2
    endloop
  endfacet
  facet normal 0 0 1
    outer loop
      vertex 8.39963 2.24951 2
      vertex 0 0 2
      vertex 8.57918 2.14291 2
    endloop
  endfacet
  facet normal 0 0 1
    outer loop
      vertex 16.1328 3.12185 2
      vertex 16.0593 4.2779 2
      vertex 16.097 3.25935 2
    endloop
  endfacet
  facet normal -0 0 1
    outer loop
      vertex 16.0308 4.16424 2
      vertex 16.097 3.25935 2
      vertex 16.0593 4.2779 2
    endloop
  endfacet
  facet normal 0 0 1
    outer loop
      vertex 16.097 3.25935 2
      vertex 16.0308 4.16424 2
      vertex 16.0401 3.37925 2
    endloop
  endfacet
  facet normal -0 0 1
    outer loop
      vertex 15.9845 4.05764 2
      vertex 16.0401 3.37925 2
      vertex 16.0308 4.16424 2
    endloop
  endfacet
  facet normal 0 0 1
    outer loop
      vertex 15.9845 4.05764 2
      vertex 15.9647 3.48069 2
      vertex 16.0401 3.37925 2
    endloop
  endfacet
  facet normal -0 0 1
    outer loop
      vertex 15.9212 3.96136 2
      vertex 15.9647 3.48069 2
      vertex 15.9845 4.05764 2
    endloop
  endfacet
  facet normal 0 0 1
    outer loop
      vertex 15.9212 3.96136 2
      vertex 15.8722 3.56423 2
      vertex 15.9647 3.48069 2
    endloop
  endfacet
  facet normal -0 0 1
    outer loop
      vertex 15.8418 3.87727 2
      vertex 15.8722 3.56423 2
      vertex 15.9212 3.96136 2
    endloop
  endfacet
  facet normal 0 0 1
    outer loop
      vertex 15.8418 3.87727 2
      vertex 15.7639 3.63041 2
      vertex 15.8722 3.56423 2
    endloop
  endfacet
  facet normal -0 0 1
    outer loop
      vertex 15.7466 3.80727 2
      vertex 15.7639 3.63041 2
      vertex 15.8418 3.87727 2
    endloop
  endfacet
  facet normal 0 0 1
    outer loop
      vertex 15.7466 3.80727 2
      vertex 15.6432 3.67896 2
      vertex 15.7639 3.63041 2
    endloop
  endfacet
  facet normal -0 0 1
    outer loop
      vertex 15.6367 3.75356 2
      vertex 15.6432 3.67896 2
      vertex 15.7466 3.80727 2
    endloop
  endfacet
  facet normal 0 0 1
    outer loop
      vertex 15.5133 3.7096 2
      vertex 15.6367 3.75356 2
      vertex 15.5133 3.71832 2
    endloop
  endfacet
  facet normal 0 0 1
    outer loop
      vertex 15.6367 3.75356 2
      vertex 15.5133 3.7096 2
      vertex 15.6432 3.67896 2
    endloop
  endfacet
  facet normal 0 0 1
    outer loop
      vertex 14.5737 3.71397 2
      vertex 14.456 3.67681 2
      vertex 14.5737 3.70529 2
    endloop
  endfacet
  facet normal 0 0 1
    outer loop
      vertex 14.4522 3.7514 2
      vertex 14.456 3.67681 2
      vertex 14.5737 3.71397 2
    endloop
  endfacet
  facet normal 0 0 1
    outer loop
      vertex 14.3415 3.63041 2
      vertex 14.4522 3.7514 2
      vertex 14.3437 3.80727 2
    endloop
  endfacet
  facet normal 0 0 1
    outer loop
      vertex 14.4522 3.7514 2
      vertex 14.3415 3.63041 2
      vertex 14.456 3.67681 2
    endloop
  endfacet
  facet normal 0 0 1
    outer loop
      vertex 14.2352 3.56561 2
      vertex 14.3437 3.80727 2
      vertex 14.2493 3.87887 2
    endloop
  endfacet
  facet normal 0 0 1
    outer loop
      vertex 14.3437 3.80727 2
      vertex 14.2352 3.56561 2
      vertex 14.3415 3.63041 2
    endloop
  endfacet
  facet normal 0 0 1
    outer loop
      vertex 14.1701 3.96349 2
      vertex 14.2352 3.56561 2
      vertex 14.2493 3.87887 2
    endloop
  endfacet
  facet normal 0 0 1
    outer loop
      vertex 14.1701 3.96349 2
      vertex 14.1418 3.48179 2
      vertex 14.2352 3.56561 2
    endloop
  endfacet
  facet normal 0 0 1
    outer loop
      vertex 14.1069 4.05981 2
      vertex 14.1418 3.48179 2
      vertex 14.1701 3.96349 2
    endloop
  endfacet
  facet normal 0 0 1
    outer loop
      vertex 14.1069 4.05981 2
      vertex 14.0637 3.37953 2
      vertex 14.1418 3.48179 2
    endloop
  endfacet
  facet normal 0 0 1
    outer loop
      vertex 14.0605 4.16641 2
      vertex 14.0637 3.37953 2
      vertex 14.1069 4.05981 2
    endloop
  endfacet
  facet normal 0 0 1
    outer loop
      vertex 14.003 3.25935 2
      vertex 14.0605 4.16641 2
      vertex 14.032 4.2806 2
    endloop
  endfacet
  facet normal 0 0 1
    outer loop
      vertex 13.6062 4.40078 2
      vertex 14.032 4.2806 2
      vertex 14.0225 4.39968 2
    endloop
  endfacet
  facet normal 0 0 1
    outer loop
      vertex 14.0605 4.16641 2
      vertex 14.003 3.25935 2
      vertex 14.0637 3.37953 2
    endloop
  endfacet
  facet normal 0 0 1
    outer loop
      vertex 8.56184 3.63584 2
      vertex 9.45372 3.63584 2
      vertex 9.44774 3.93124 2
    endloop
  endfacet
  facet normal 0 0 1
    outer loop
      vertex 8.56754 3.92797 2
      vertex 9.44774 3.93124 2
      vertex 9.42984 4.17072 2
    endloop
  endfacet
  facet normal 0 0 1
    outer loop
      vertex 9.45372 3.63584 2
      vertex 8.56184 3.63584 2
      vertex 9.44748 3.34725 2
    endloop
  endfacet
  facet normal 0 0 1
    outer loop
      vertex 8.58463 4.16641 2
      vertex 9.42984 4.17072 2
      vertex 9.39891 4.3606 2
    endloop
  endfacet
  facet normal 0 -0 1
    outer loop
      vertex 8.56781 3.34725 2
      vertex 9.44748 3.34725 2
      vertex 8.56184 3.63584 2
    endloop
  endfacet
  facet normal -0 0 1
    outer loop
      vertex 8.66055 4.50385 2
      vertex 9.39891 4.3606 2
      vertex 9.35387 4.50707 2
    endloop
  endfacet
  facet normal 0 0 1
    outer loop
      vertex 9.44748 3.34725 2
      vertex 8.56781 3.34725 2
      vertex 9.42876 3.11071 2
    endloop
  endfacet
  facet normal 0 0 1
    outer loop
      vertex 9.12578 4.7192 2
      vertex 9.35387 4.50707 2
      vertex 9.29393 4.61315 2
    endloop
  endfacet
  facet normal 0 -0 1
    outer loop
      vertex 8.58571 3.11071 2
      vertex 9.42876 3.11071 2
      vertex 8.56781 3.34725 2
    endloop
  endfacet
  facet normal 0 0 1
    outer loop
      vertex 9.12578 4.7192 2
      vertex 9.29393 4.61315 2
      vertex 9.21826 4.68177 2
    endloop
  endfacet
  facet normal 0 0 1
    outer loop
      vertex 9.42876 3.11071 2
      vertex 8.58571 3.11071 2
      vertex 9.39647 2.92111 2
    endloop
  endfacet
  facet normal 0 0 1
    outer loop
      vertex 9.35387 4.50707 2
      vertex 9.12578 4.7192 2
      vertex 9.01538 4.73168 2
    endloop
  endfacet
  facet normal 0 -0 1
    outer loop
      vertex 8.61664 2.92111 2
      vertex 9.39647 2.92111 2
      vertex 8.58571 3.11071 2
    endloop
  endfacet
  facet normal 0 0 1
    outer loop
      vertex 9.35387 4.50707 2
      vertex 9.01538 4.73168 2
      vertex 8.66055 4.50385 2
    endloop
  endfacet
  facet normal 0 0 1
    outer loop
      vertex 9.39647 2.92111 2
      vertex 8.61664 2.92111 2
      vertex 9.34955 2.77328 2
    endloop
  endfacet
  facet normal 0 0 1
    outer loop
      vertex 8.66055 4.50385 2
      vertex 9.01538 4.73168 2
      vertex 8.89764 4.71894 2
    endloop
  endfacet
  facet normal 0 -0 1
    outer loop
      vertex 8.66165 2.77328 2
      vertex 9.34955 2.77328 2
      vertex 8.61664 2.92111 2
    endloop
  endfacet
  facet normal 0 0 1
    outer loop
      vertex 8.72214 4.61099 2
      vertex 8.89764 4.71894 2
      vertex 8.80052 4.68067 2
    endloop
  endfacet
  facet normal 0 -0 1
    outer loop
      vertex 9.0067 2.54217 2
      vertex 9.34955 2.77328 2
      vertex 8.66165 2.77328 2
    endloop
  endfacet
  facet normal 0 0 1
    outer loop
      vertex 8.89764 4.71894 2
      vertex 8.72214 4.61099 2
      vertex 8.66055 4.50385 2
    endloop
  endfacet
  facet normal 0 0 1
    outer loop
      vertex 9.34955 2.77328 2
      vertex 9.0067 2.54217 2
      vertex 9.28772 2.66503 2
    endloop
  endfacet
  facet normal 0 0 1
    outer loop
      vertex 9.28772 2.66503 2
      vertex 9.11736 2.55518 2
      vertex 9.21068 2.59423 2
    endloop
  endfacet
  facet normal 0 0 1
    outer loop
      vertex 9.39891 4.3606 2
      vertex 8.66055 4.50385 2
      vertex 8.61501 4.35656 2
    endloop
  endfacet
  facet normal 0 0 1
    outer loop
      vertex 9.28772 2.66503 2
      vertex 9.0067 2.54217 2
      vertex 9.11736 2.55518 2
    endloop
  endfacet
  facet normal 0 0 1
    outer loop
      vertex 9.39891 4.3606 2
      vertex 8.61501 4.35656 2
      vertex 8.58463 4.16641 2
    endloop
  endfacet
  facet normal 0 0 1
    outer loop
      vertex 9.0067 2.54217 2
      vertex 8.66165 2.77328 2
      vertex 8.89276 2.55518 2
    endloop
  endfacet
  facet normal 0 0 1
    outer loop
      vertex 9.42984 4.17072 2
      vertex 8.58463 4.16641 2
      vertex 8.56754 3.92797 2
    endloop
  endfacet
  facet normal -0 -0 1
    outer loop
      vertex 8.72188 2.66503 2
      vertex 8.89276 2.55518 2
      vertex 8.66165 2.77328 2
    endloop
  endfacet
  facet normal 0 0 1
    outer loop
      vertex 9.44774 3.93124 2
      vertex 8.56754 3.92797 2
      vertex 8.56184 3.63584 2
    endloop
  endfacet
  facet normal 0 0 1
    outer loop
      vertex 8.89276 2.55518 2
      vertex 8.72188 2.66503 2
      vertex 8.79836 2.59423 2
    endloop
  endfacet
  facet normal 0 0 1
    outer loop
      vertex 12.1815 3.63584 2
      vertex 13.0734 3.63584 2
      vertex 13.0674 3.93124 2
    endloop
  endfacet
  facet normal 0 0 1
    outer loop
      vertex 12.1872 3.92797 2
      vertex 13.0674 3.93124 2
      vertex 13.0495 4.17072 2
    endloop
  endfacet
  facet normal 0 0 1
    outer loop
      vertex 13.0734 3.63584 2
      vertex 12.1815 3.63584 2
      vertex 13.0672 3.34725 2
    endloop
  endfacet
  facet normal 0 0 1
    outer loop
      vertex 12.2043 4.16641 2
      vertex 13.0495 4.17072 2
      vertex 13.0186 4.3606 2
    endloop
  endfacet
  facet normal 0 -0 1
    outer loop
      vertex 12.1875 3.34725 2
      vertex 13.0672 3.34725 2
      vertex 12.1815 3.63584 2
    endloop
  endfacet
  facet normal -0 0 1
    outer loop
      vertex 12.2803 4.50385 2
      vertex 13.0186 4.3606 2
      vertex 12.9736 4.50707 2
    endloop
  endfacet
  facet normal 0 0 1
    outer loop
      vertex 13.0672 3.34725 2
      vertex 12.1875 3.34725 2
      vertex 13.0485 3.11071 2
    endloop
  endfacet
  facet normal 0 0 1
    outer loop
      vertex 12.7455 4.7192 2
      vertex 12.9736 4.50707 2
      vertex 12.9136 4.61315 2
    endloop
  endfacet
  facet normal 0 -0 1
    outer loop
      vertex 12.2054 3.11071 2
      vertex 13.0485 3.11071 2
      vertex 12.1875 3.34725 2
    endloop
  endfacet
  facet normal 0 0 1
    outer loop
      vertex 12.7455 4.7192 2
      vertex 12.9136 4.61315 2
      vertex 12.838 4.68177 2
    endloop
  endfacet
  facet normal 0 0 1
    outer loop
      vertex 13.0485 3.11071 2
      vertex 12.2054 3.11071 2
      vertex 13.0162 2.92111 2
    endloop
  endfacet
  facet normal 0 0 1
    outer loop
      vertex 12.9736 4.50707 2
      vertex 12.7455 4.7192 2
      vertex 12.6351 4.73168 2
    endloop
  endfacet
  facet normal 0 -0 1
    outer loop
      vertex 12.2363 2.92111 2
      vertex 13.0162 2.92111 2
      vertex 12.2054 3.11071 2
    endloop
  endfacet
  facet normal 0 0 1
    outer loop
      vertex 12.9736 4.50707 2
      vertex 12.6351 4.73168 2
      vertex 12.2803 4.50385 2
    endloop
  endfacet
  facet normal 0 0 1
    outer loop
      vertex 13.0162 2.92111 2
      vertex 12.2363 2.92111 2
      vertex 12.9693 2.77328 2
    endloop
  endfacet
  facet normal 0 0 1
    outer loop
      vertex 12.2803 4.50385 2
      vertex 12.6351 4.73168 2
      vertex 12.5173 4.71894 2
    endloop
  endfacet
  facet normal 0 -0 1
    outer loop
      vertex 12.2814 2.77328 2
      vertex 12.9693 2.77328 2
      vertex 12.2363 2.92111 2
    endloop
  endfacet
  facet normal 0 0 1
    outer loop
      vertex 12.3418 4.61099 2
      vertex 12.5173 4.71894 2
      vertex 12.4202 4.68067 2
    endloop
  endfacet
  facet normal 0 -0 1
    outer loop
      vertex 12.6264 2.54217 2
      vertex 12.9693 2.77328 2
      vertex 12.2814 2.77328 2
    endloop
  endfacet
  facet normal 0 0 1
    outer loop
      vertex 12.5173 4.71894 2
      vertex 12.3418 4.61099 2
      vertex 12.2803 4.50385 2
    endloop
  endfacet
  facet normal 0 0 1
    outer loop
      vertex 12.9693 2.77328 2
      vertex 12.6264 2.54217 2
      vertex 12.9074 2.66503 2
    endloop
  endfacet
  facet normal 0 0 1
    outer loop
      vertex 12.9074 2.66503 2
      vertex 12.7371 2.55518 2
      vertex 12.8304 2.59423 2
    endloop
  endfacet
  facet normal 0 0 1
    outer loop
      vertex 13.0186 4.3606 2
      vertex 12.2803 4.50385 2
      vertex 12.2347 4.35656 2
    endloop
  endfacet
  facet normal 0 0 1
    outer loop
      vertex 12.9074 2.66503 2
      vertex 12.6264 2.54217 2
      vertex 12.7371 2.55518 2
    endloop
  endfacet
  facet normal 0 0 1
    outer loop
      vertex 13.0186 4.3606 2
      vertex 12.2347 4.35656 2
      vertex 12.2043 4.16641 2
    endloop
  endfacet
  facet normal 0 0 1
    outer loop
      vertex 12.6264 2.54217 2
      vertex 12.2814 2.77328 2
      vertex 12.5125 2.55518 2
    endloop
  endfacet
  facet normal 0 0 1
    outer loop
      vertex 13.0495 4.17072 2
      vertex 12.2043 4.16641 2
      vertex 12.1872 3.92797 2
    endloop
  endfacet
  facet normal -0 -0 1
    outer loop
      vertex 12.3416 2.66503 2
      vertex 12.5125 2.55518 2
      vertex 12.2814 2.77328 2
    endloop
  endfacet
  facet normal 0 0 1
    outer loop
      vertex 13.0674 3.93124 2
      vertex 12.1872 3.92797 2
      vertex 12.1815 3.63584 2
    endloop
  endfacet
  facet normal 0 0 1
    outer loop
      vertex 12.5125 2.55518 2
      vertex 12.3416 2.66503 2
      vertex 12.4181 2.59423 2
    endloop
  endfacet
  facet normal 0 0 1
    outer loop
      vertex 15.0359 3.49699 2
      vertex 15.5133 3.0174 2
      vertex 15.5081 3.10908 2
    endloop
  endfacet
  facet normal 0 0 1
    outer loop
      vertex 15.1667 3.48695 2
      vertex 15.5081 3.10908 2
      vertex 15.4927 3.19749 2
    endloop
  endfacet
  facet normal 0 0 1
    outer loop
      vertex 15.5133 3.0174 2
      vertex 14.578 3.00872 2
      vertex 15.5081 2.90537 2
    endloop
  endfacet
  facet normal 0 -0 1
    outer loop
      vertex 14.5837 2.8986 2
      vertex 15.5081 2.90537 2
      vertex 14.578 3.00872 2
    endloop
  endfacet
  facet normal 0 0 1
    outer loop
      vertex 15.2724 3.45683 2
      vertex 15.4927 3.19749 2
      vertex 15.4639 3.27915 2
    endloop
  endfacet
  facet normal 0 -0 1
    outer loop
      vertex 15.0533 2.49227 2
      vertex 15.5081 2.90537 2
      vertex 14.5837 2.8986 2
    endloop
  endfacet
  facet normal 0 0 1
    outer loop
      vertex 15.3557 3.41018 2
      vertex 15.4639 3.27915 2
      vertex 15.4189 3.35049 2
    endloop
  endfacet
  facet normal 0 -0 1
    outer loop
      vertex 15.178 2.50176 2
      vertex 15.4927 2.80364 2
      vertex 15.0533 2.49227 2
    endloop
  endfacet
  facet normal 0 0 1
    outer loop
      vertex 15.4639 3.27915 2
      vertex 15.3557 3.41018 2
      vertex 15.2724 3.45683 2
    endloop
  endfacet
  facet normal 0 0 1
    outer loop
      vertex 15.4642 2.71388 2
      vertex 15.2789 2.53024 2
      vertex 15.42 2.63766 2
    endloop
  endfacet
  facet normal 0 0 1
    outer loop
      vertex 15.4927 3.19749 2
      vertex 15.2724 3.45683 2
      vertex 15.1667 3.48695 2
    endloop
  endfacet
  facet normal 0 0 1
    outer loop
      vertex 15.42 2.63766 2
      vertex 15.2789 2.53024 2
      vertex 15.3587 2.57607 2
    endloop
  endfacet
  facet normal 0 0 1
    outer loop
      vertex 15.5081 3.10908 2
      vertex 15.1667 3.48695 2
      vertex 15.0359 3.49699 2
    endloop
  endfacet
  facet normal 0 -0 1
    outer loop
      vertex 15.2789 2.53024 2
      vertex 15.4642 2.71388 2
      vertex 15.178 2.50176 2
    endloop
  endfacet
  facet normal 0 0 1
    outer loop
      vertex 15.5133 3.0174 2
      vertex 15.0359 3.49699 2
      vertex 14.578 3.00872 2
    endloop
  endfacet
  facet normal 0 0 1
    outer loop
      vertex 15.4927 2.80364 2
      vertex 15.178 2.50176 2
      vertex 15.4642 2.71388 2
    endloop
  endfacet
  facet normal 0 0 1
    outer loop
      vertex 14.5837 3.10394 2
      vertex 15.0359 3.49699 2
      vertex 14.9163 3.48695 2
    endloop
  endfacet
  facet normal 0 0 1
    outer loop
      vertex 15.5081 2.90537 2
      vertex 15.0533 2.49227 2
      vertex 15.4927 2.80364 2
    endloop
  endfacet
  facet normal 0 0 1
    outer loop
      vertex 14.6008 3.19427 2
      vertex 14.9163 3.48695 2
      vertex 14.8178 3.45683 2
    endloop
  endfacet
  facet normal 0 0 1
    outer loop
      vertex 15.0533 2.49227 2
      vertex 14.5837 2.8986 2
      vertex 14.9279 2.50149 2
    endloop
  endfacet
  facet normal 0 0 1
    outer loop
      vertex 14.6312 3.27699 2
      vertex 14.8178 3.45683 2
      vertex 14.7386 3.40991 2
    endloop
  endfacet
  facet normal -0 -0 1
    outer loop
      vertex 14.6008 2.79823 2
      vertex 14.9279 2.50149 2
      vertex 14.5837 2.8986 2
    endloop
  endfacet
  facet normal 0 0 1
    outer loop
      vertex 14.6312 3.27699 2
      vertex 14.7386 3.40991 2
      vertex 14.6768 3.3494 2
    endloop
  endfacet
  facet normal -0 -0 1
    outer loop
      vertex 14.6317 2.70953 2
      vertex 14.8254 2.52914 2
      vertex 14.6008 2.79823 2
    endloop
  endfacet
  facet normal 0 0 1
    outer loop
      vertex 14.8178 3.45683 2
      vertex 14.6312 3.27699 2
      vertex 14.6008 3.19427 2
    endloop
  endfacet
  facet normal 0 0 1
    outer loop
      vertex 14.9163 3.48695 2
      vertex 14.6008 3.19427 2
      vertex 14.5837 3.10394 2
    endloop
  endfacet
  facet normal 0 0 1
    outer loop
      vertex 14.9279 2.50149 2
      vertex 14.6008 2.79823 2
      vertex 14.8254 2.52914 2
    endloop
  endfacet
  facet normal 0 0 1
    outer loop
      vertex 15.0359 3.49699 2
      vertex 14.5837 3.10394 2
      vertex 14.578 3.00872 2
    endloop
  endfacet
  facet normal 0 0 1
    outer loop
      vertex 14.7432 2.57391 2
      vertex 14.6317 2.70953 2
      vertex 14.6789 2.63439 2
    endloop
  endfacet
  facet normal 0 0 1
    outer loop
      vertex 14.8254 2.52914 2
      vertex 14.6317 2.70953 2
      vertex 14.7432 2.57391 2
    endloop
  endfacet
  facet normal 0 0 1
    outer loop
      vertex 14.6453 4.36279 2
      vertex 15.4417 4.36279 2
      vertex 15.4368 4.4504 2
    endloop
  endfacet
  facet normal 0 0 1
    outer loop
      vertex 15.4417 4.36279 2
      vertex 14.6453 4.36279 2
      vertex 15.4384 4.28468 2
    endloop
  endfacet
  facet normal 0 0 1
    outer loop
      vertex 15.1474 4.77374 2
      vertex 15.4368 4.4504 2
      vertex 15.4221 4.53095 2
    endloop
  endfacet
  facet normal 0 -0 1
    outer loop
      vertex 14.6494 4.28304 2
      vertex 15.4384 4.28468 2
      vertex 14.6453 4.36279 2
    endloop
  endfacet
  facet normal 0 0 1
    outer loop
      vertex 15.2345 4.75012 2
      vertex 15.4221 4.53095 2
      vertex 15.3961 4.60258 2
    endloop
  endfacet
  facet normal 0 -0 1
    outer loop
      vertex 15.0446 3.92446 2
      vertex 15.4384 4.28468 2
      vertex 14.6494 4.28304 2
    endloop
  endfacet
  facet normal 0 0 1
    outer loop
      vertex 15.2345 4.75012 2
      vertex 15.3961 4.60258 2
      vertex 15.3571 4.66334 2
    endloop
  endfacet
  facet normal 0 0 1
    outer loop
      vertex 15.4384 4.28468 2
      vertex 15.0446 3.92446 2
      vertex 15.4287 4.20654 2
    endloop
  endfacet
  facet normal 0 0 1
    outer loop
      vertex 15.2345 4.75012 2
      vertex 15.3571 4.66334 2
      vertex 15.3036 4.7127 2
    endloop
  endfacet
  facet normal 0 0 1
    outer loop
      vertex 15.4368 4.4504 2
      vertex 15.1474 4.77374 2
      vertex 15.0403 4.78161 2
    endloop
  endfacet
  facet normal 0 0 1
    outer loop
      vertex 15.4221 4.53095 2
      vertex 15.2345 4.75012 2
      vertex 15.1474 4.77374 2
    endloop
  endfacet
  facet normal 0 0 1
    outer loop
      vertex 15.3744 4.06548 2
      vertex 15.254 3.96349 2
      vertex 15.3237 4.00852 2
    endloop
  endfacet
  facet normal 0 0 1
    outer loop
      vertex 15.4287 4.20654 2
      vertex 15.162 3.93421 2
      vertex 15.4086 4.13221 2
    endloop
  endfacet
  facet normal 0 0 1
    outer loop
      vertex 15.4086 4.13221 2
      vertex 15.254 3.96349 2
      vertex 15.3744 4.06548 2
    endloop
  endfacet
  facet normal 0 0 1
    outer loop
      vertex 15.4368 4.4504 2
      vertex 15.0403 4.78161 2
      vertex 14.6453 4.36279 2
    endloop
  endfacet
  facet normal 0 0 1
    outer loop
      vertex 14.6502 4.4504 2
      vertex 15.0403 4.78161 2
      vertex 14.9366 4.77374 2
    endloop
  endfacet
  facet normal 0 -0 1
    outer loop
      vertex 15.254 3.96349 2
      vertex 15.4086 4.13221 2
      vertex 15.162 3.93421 2
    endloop
  endfacet
  facet normal 0 0 1
    outer loop
      vertex 14.6648 4.53095 2
      vertex 14.9366 4.77374 2
      vertex 14.8515 4.75012 2
    endloop
  endfacet
  facet normal 0 -0 1
    outer loop
      vertex 15.162 3.93421 2
      vertex 15.4287 4.20654 2
      vertex 15.0446 3.92446 2
    endloop
  endfacet
  facet normal 0 0 1
    outer loop
      vertex 14.6909 4.60258 2
      vertex 14.8515 4.75012 2
      vertex 14.7831 4.7127 2
    endloop
  endfacet
  facet normal -0 -0 1
    outer loop
      vertex 14.6616 4.20435 2
      vertex 15.0446 3.92446 2
      vertex 14.6494 4.28304 2
    endloop
  endfacet
  facet normal 0 0 1
    outer loop
      vertex 14.6909 4.60258 2
      vertex 14.7831 4.7127 2
      vertex 14.7299 4.66334 2
    endloop
  endfacet
  facet normal 0 0 1
    outer loop
      vertex 15.0446 3.92446 2
      vertex 14.6616 4.20435 2
      vertex 14.9323 3.93421 2
    endloop
  endfacet
  facet normal 0 0 1
    outer loop
      vertex 14.8515 4.75012 2
      vertex 14.6909 4.60258 2
      vertex 14.6648 4.53095 2
    endloop
  endfacet
  facet normal -0 -0 1
    outer loop
      vertex 14.6846 4.13032 2
      vertex 14.9323 3.93421 2
      vertex 14.6616 4.20435 2
    endloop
  endfacet
  facet normal 0 0 1
    outer loop
      vertex 14.9366 4.77374 2
      vertex 14.6648 4.53095 2
      vertex 14.6502 4.4504 2
    endloop
  endfacet
  facet normal 0 0 1
    outer loop
      vertex 14.9323 3.93421 2
      vertex 14.6846 4.13032 2
      vertex 14.8428 3.96349 2
    endloop
  endfacet
  facet normal 0 0 1
    outer loop
      vertex 15.0403 4.78161 2
      vertex 14.6502 4.4504 2
      vertex 14.6453 4.36279 2
    endloop
  endfacet
  facet normal 0 0 1
    outer loop
      vertex 14.7733 4.00825 2
      vertex 14.6846 4.13032 2
      vertex 14.7212 4.06439 2
    endloop
  endfacet
  facet normal 0 0 1
    outer loop
      vertex 14.8428 3.96349 2
      vertex 14.6846 4.13032 2
      vertex 14.7733 4.00825 2
    endloop
  endfacet
  facet normal -1 0 0
    outer loop
      vertex 0 8 0
      vertex 0 6.4 2
      vertex 0 8 26
    endloop
  endfacet
  facet normal -1 0 0
    outer loop
      vertex 0 0 0
      vertex 0 6.4 2
      vertex 0 8 0
    endloop
  endfacet
  facet normal -1 -0 0
    outer loop
      vertex 0 6.4 2
      vertex 0 0 0
      vertex 0 0 2
    endloop
  endfacet
  facet normal -1 -0 0
    outer loop
      vertex 0 8 26
      vertex 0 6.4 2
      vertex 0 6.4 26
    endloop
  endfacet
  facet normal 0 1 -0
    outer loop
      vertex 24 8 0
      vertex 0 8 26
      vertex 24 8 26
    endloop
  endfacet
  facet normal 0 1 0
    outer loop
      vertex 0 8 26
      vertex 24 8 0
      vertex 0 8 0
    endloop
  endfacet
  facet normal 0 -1 0
    outer loop
      vertex 0 6.4 2
      vertex 24 6.4 26
      vertex 0 6.4 26
    endloop
  endfacet
  facet normal 0 -1 -0
    outer loop
      vertex 24 6.4 26
      vertex 0 6.4 2
      vertex 24 6.4 2
    endloop
  endfacet
  facet normal 0 0 -1
    outer loop
      vertex 0 0 0
      vertex 24 8 0
      vertex 24 0 0
    endloop
  endfacet
  facet normal -0 0 -1
    outer loop
      vertex 24 8 0
      vertex 0 0 0
      vertex 0 8 0
    endloop
  endfacet
  facet normal 0 -1 0
    outer loop
      vertex 0 0 0
      vertex 24 0 2
      vertex 0 0 2
    endloop
  endfacet
  facet normal 0 -1 -0
    outer loop
      vertex 24 0 2
      vertex 0 0 0
      vertex 24 0 0
    endloop
  endfacet
  facet normal -0 0 1
    outer loop
      vertex 9.44774 3.93124 1.6
      vertex 10.0656 3.63584 1.6
      vertex 10.0459 4.05819 1.6
    endloop
  endfacet
  facet normal -0 0 1
    outer loop
      vertex 9.42984 4.17072 1.6
      vertex 10.0459 4.05819 1.6
      vertex 9.98645 4.40078 1.6
    endloop
  endfacet
  facet normal 0 0 1
    outer loop
      vertex 10.0656 3.63584 1.6
      vertex 9.44774 3.93124 1.6
      vertex 9.45372 3.63584 1.6
    endloop
  endfacet
  facet normal 0 0 1
    outer loop
      vertex 9.39891 4.3606 1.6
      vertex 9.98645 4.40078 1.6
      vertex 9.89206 4.67284 1.6
    endloop
  endfacet
  facet normal 0 0 1
    outer loop
      vertex 9.44748 3.34725 1.6
      vertex 10.0656 3.63584 1.6
      vertex 9.45372 3.63584 1.6
    endloop
  endfacet
  facet normal 0 0 1
    outer loop
      vertex 9.35387 4.50707 1.6
      vertex 9.89206 4.67284 1.6
      vertex 9.76727 4.8836 1.6
    endloop
  endfacet
  facet normal 0 0 1
    outer loop
      vertex 9.42876 3.11071 1.6
      vertex 10.0456 3.23197 1.6
      vertex 9.44748 3.34725 1.6
    endloop
  endfacet
  facet normal 0 0 1
    outer loop
      vertex 9.29393 4.61315 1.6
      vertex 9.76727 4.8836 1.6
      vertex 9.61429 5.03684 1.6
    endloop
  endfacet
  facet normal 0 0 1
    outer loop
      vertex 10.0656 3.63584 1.6
      vertex 9.44748 3.34725 1.6
      vertex 10.0456 3.23197 1.6
    endloop
  endfacet
  facet normal -0 0 1
    outer loop
      vertex 9.39647 2.92111 1.6
      vertex 9.98537 2.89698 1.6
      vertex 9.42876 3.11071 1.6
    endloop
  endfacet
  facet normal 0 0 1
    outer loop
      vertex 10.0456 3.23197 1.6
      vertex 9.42876 3.11071 1.6
      vertex 9.98537 2.89698 1.6
    endloop
  endfacet
  facet normal 0 0 1
    outer loop
      vertex 9.21826 4.68177 1.6
      vertex 9.61429 5.03684 1.6
      vertex 9.43524 5.13639 1.6
    endloop
  endfacet
  facet normal 0 0 1
    outer loop
      vertex 10.0459 4.05819 1.6
      vertex 9.42984 4.17072 1.6
      vertex 9.44774 3.93124 1.6
    endloop
  endfacet
  facet normal 0 0 1
    outer loop
      vertex 9.98645 4.40078 1.6
      vertex 9.39891 4.3606 1.6
      vertex 9.42984 4.17072 1.6
    endloop
  endfacet
  facet normal 0 0 1
    outer loop
      vertex 9.89206 4.67284 1.6
      vertex 9.35387 4.50707 1.6
      vertex 9.39891 4.3606 1.6
    endloop
  endfacet
  facet normal 0 0 1
    outer loop
      vertex 9.76727 4.8836 1.6
      vertex 9.29393 4.61315 1.6
      vertex 9.35387 4.50707 1.6
    endloop
  endfacet
  facet normal 0 0 1
    outer loop
      vertex 9.21826 4.68177 1.6
      vertex 9.43524 5.13639 1.6
      vertex 9.23535 5.19093 1.6
    endloop
  endfacet
  facet normal 0 0 1
    outer loop
      vertex 9.61429 5.03684 1.6
      vertex 9.21826 4.68177 1.6
      vertex 9.29393 4.61315 1.6
    endloop
  endfacet
  facet normal 0 0 1
    outer loop
      vertex 9.23535 5.19093 1.6
      vertex 9.12578 4.7192 1.6
      vertex 9.21826 4.68177 1.6
    endloop
  endfacet
  facet normal 0 0 1
    outer loop
      vertex 9.01973 5.2091 1.6
      vertex 9.12578 4.7192 1.6
      vertex 9.23535 5.19093 1.6
    endloop
  endfacet
  facet normal 0 0 1
    outer loop
      vertex 9.01973 5.2091 1.6
      vertex 9.01538 4.73168 1.6
      vertex 9.12578 4.7192 1.6
    endloop
  endfacet
  facet normal 0 0 1
    outer loop
      vertex 9.01973 5.2091 1.6
      vertex 8.89764 4.71894 1.6
      vertex 9.01538 4.73168 1.6
    endloop
  endfacet
  facet normal -0 0 1
    outer loop
      vertex 8.7916 5.19093 1.6
      vertex 8.89764 4.71894 1.6
      vertex 9.01973 5.2091 1.6
    endloop
  endfacet
  facet normal 0 0 1
    outer loop
      vertex 8.89764 4.71894 1.6
      vertex 8.7916 5.19093 1.6
      vertex 8.80052 4.68067 1.6
    endloop
  endfacet
  facet normal -0 0 1
    outer loop
      vertex 8.58463 5.13639 1.6
      vertex 8.80052 4.68067 1.6
      vertex 8.7916 5.19093 1.6
    endloop
  endfacet
  facet normal -0 0 1
    outer loop
      vertex 8.40207 5.03684 1.6
      vertex 8.80052 4.68067 1.6
      vertex 8.58463 5.13639 1.6
    endloop
  endfacet
  facet normal 0 0 1
    outer loop
      vertex 8.80052 4.68067 1.6
      vertex 8.40207 5.03684 1.6
      vertex 8.72214 4.61099 1.6
    endloop
  endfacet
  facet normal -0 0 1
    outer loop
      vertex 8.24718 4.8836 1.6
      vertex 8.72214 4.61099 1.6
      vertex 8.40207 5.03684 1.6
    endloop
  endfacet
  facet normal 0 0 1
    outer loop
      vertex 8.72214 4.61099 1.6
      vertex 8.24718 4.8836 1.6
      vertex 8.66055 4.50385 1.6
    endloop
  endfacet
  facet normal -0 0 1
    outer loop
      vertex 8.12215 4.67284 1.6
      vertex 8.66055 4.50385 1.6
      vertex 8.24718 4.8836 1.6
    endloop
  endfacet
  facet normal 0 0 1
    outer loop
      vertex 8.66055 4.50385 1.6
      vertex 8.12215 4.67284 1.6
      vertex 8.61501 4.35656 1.6
    endloop
  endfacet
  facet normal -0 0 1
    outer loop
      vertex 8.0291 4.40078 1.6
      vertex 8.61501 4.35656 1.6
      vertex 8.12215 4.67284 1.6
    endloop
  endfacet
  facet normal 0 0 1
    outer loop
      vertex 9.98537 2.89698 1.6
      vertex 9.39647 2.92111 1.6
      vertex 9.8896 2.62519 1.6
    endloop
  endfacet
  facet normal -0 0 1
    outer loop
      vertex 9.34955 2.77328 1.6
      vertex 9.8896 2.62519 1.6
      vertex 9.39647 2.92111 1.6
    endloop
  endfacet
  facet normal 0 0 1
    outer loop
      vertex 9.8896 2.62519 1.6
      vertex 9.34955 2.77328 1.6
      vertex 9.76292 2.4109 1.6
    endloop
  endfacet
  facet normal -0 0 1
    outer loop
      vertex 9.28772 2.66503 1.6
      vertex 9.76292 2.4109 1.6
      vertex 9.34955 2.77328 1.6
    endloop
  endfacet
  facet normal 0 0 1
    outer loop
      vertex 9.76292 2.4109 1.6
      vertex 9.28772 2.66503 1.6
      vertex 9.60779 2.25141 1.6
    endloop
  endfacet
  facet normal -0 0 1
    outer loop
      vertex 9.21068 2.59423 1.6
      vertex 9.60779 2.25141 1.6
      vertex 9.28772 2.66503 1.6
    endloop
  endfacet
  facet normal 0 0 1
    outer loop
      vertex 9.60779 2.25141 1.6
      vertex 9.21068 2.59423 1.6
      vertex 9.42657 2.14399 1.6
    endloop
  endfacet
  facet normal -0 0 1
    outer loop
      vertex 9.11736 2.55518 1.6
      vertex 9.42657 2.14399 1.6
      vertex 9.21068 2.59423 1.6
    endloop
  endfacet
  facet normal 0 0 1
    outer loop
      vertex 9.42657 2.14399 1.6
      vertex 9.11736 2.55518 1.6
      vertex 9.22342 2.08296 1.6
    endloop
  endfacet
  facet normal -0 0 1
    outer loop
      vertex 9.0067 2.54217 1.6
      vertex 9.22342 2.08296 1.6
      vertex 9.11736 2.55518 1.6
    endloop
  endfacet
  facet normal 0 0 1
    outer loop
      vertex 9.0067 2.54217 1.6
      vertex 9.00235 2.06262 1.6
      vertex 9.22342 2.08296 1.6
    endloop
  endfacet
  facet normal 0 0 1
    outer loop
      vertex 8.89276 2.55518 1.6
      vertex 9.00235 2.06262 1.6
      vertex 9.0067 2.54217 1.6
    endloop
  endfacet
  facet normal 0 0 1
    outer loop
      vertex 8.78156 2.08268 1.6
      vertex 8.89276 2.55518 1.6
      vertex 8.79836 2.59423 1.6
    endloop
  endfacet
  facet normal 0 0 1
    outer loop
      vertex 8.89276 2.55518 1.6
      vertex 8.78156 2.08268 1.6
      vertex 9.00235 2.06262 1.6
    endloop
  endfacet
  facet normal 0 0 1
    outer loop
      vertex 8.39963 2.24951 1.6
      vertex 8.79836 2.59423 1.6
      vertex 8.72188 2.66503 1.6
    endloop
  endfacet
  facet normal 0 0 1
    outer loop
      vertex 8.24718 2.40873 1.6
      vertex 8.72188 2.66503 1.6
      vertex 8.66165 2.77328 1.6
    endloop
  endfacet
  facet normal 0 0 1
    outer loop
      vertex 8.12349 2.62301 1.6
      vertex 8.66165 2.77328 1.6
      vertex 8.61664 2.92111 1.6
    endloop
  endfacet
  facet normal 0 0 1
    outer loop
      vertex 8.79836 2.59423 1.6
      vertex 8.57918 2.14291 1.6
      vertex 8.78156 2.08268 1.6
    endloop
  endfacet
  facet normal 0 0 1
    outer loop
      vertex 8.0302 2.89481 1.6
      vertex 8.61664 2.92111 1.6
      vertex 8.58571 3.11071 1.6
    endloop
  endfacet
  facet normal -0 0 1
    outer loop
      vertex 7.9716 3.23034 1.6
      vertex 8.58571 3.11071 1.6
      vertex 8.56781 3.34725 1.6
    endloop
  endfacet
  facet normal -0 0 1
    outer loop
      vertex 7.95209 3.63584 1.6
      vertex 8.56781 3.34725 1.6
      vertex 8.56184 3.63584 1.6
    endloop
  endfacet
  facet normal 0 0 1
    outer loop
      vertex 8.61501 4.35656 1.6
      vertex 8.0291 4.40078 1.6
      vertex 8.58463 4.16641 1.6
    endloop
  endfacet
  facet normal 0 0 1
    outer loop
      vertex 8.56781 3.34725 1.6
      vertex 7.95209 3.63584 1.6
      vertex 7.9716 3.23034 1.6
    endloop
  endfacet
  facet normal 0 0 1
    outer loop
      vertex 7.97134 4.05819 1.6
      vertex 8.58463 4.16641 1.6
      vertex 8.0291 4.40078 1.6
    endloop
  endfacet
  facet normal 0 0 1
    outer loop
      vertex 8.58571 3.11071 1.6
      vertex 7.9716 3.23034 1.6
      vertex 8.0302 2.89481 1.6
    endloop
  endfacet
  facet normal 0 0 1
    outer loop
      vertex 8.61664 2.92111 1.6
      vertex 8.0302 2.89481 1.6
      vertex 8.12349 2.62301 1.6
    endloop
  endfacet
  facet normal 0 0 1
    outer loop
      vertex 8.58463 4.16641 1.6
      vertex 7.97134 4.05819 1.6
      vertex 8.56754 3.92797 1.6
    endloop
  endfacet
  facet normal 0 0 1
    outer loop
      vertex 8.66165 2.77328 1.6
      vertex 8.12349 2.62301 1.6
      vertex 8.24718 2.40873 1.6
    endloop
  endfacet
  facet normal 0 0 1
    outer loop
      vertex 7.95209 3.63584 1.6
      vertex 8.56754 3.92797 1.6
      vertex 7.97134 4.05819 1.6
    endloop
  endfacet
  facet normal 0 0 1
    outer loop
      vertex 8.72188 2.66503 1.6
      vertex 8.24718 2.40873 1.6
      vertex 8.39963 2.24951 1.6
    endloop
  endfacet
  facet normal 0 0 1
    outer loop
      vertex 8.56754 3.92797 1.6
      vertex 7.95209 3.63584 1.6
      vertex 8.56184 3.63584 1.6
    endloop
  endfacet
  facet normal 0 0 1
    outer loop
      vertex 8.79836 2.59423 1.6
      vertex 8.39963 2.24951 1.6
      vertex 8.57918 2.14291 1.6
    endloop
  endfacet
  facet normal -0 0 1
    outer loop
      vertex 15.4368 4.4504 1.6
      vertex 16.0688 4.39533 1.6
      vertex 16.0536 4.56786 1.6
    endloop
  endfacet
  facet normal 0 0 1
    outer loop
      vertex 16.0688 4.39533 1.6
      vertex 15.4417 4.36279 1.6
      vertex 16.0593 4.2779 1.6
    endloop
  endfacet
  facet normal 0 0 1
    outer loop
      vertex 15.4221 4.53095 1.6
      vertex 16.0536 4.56786 1.6
      vertex 16.0081 4.7252 1.6
    endloop
  endfacet
  facet normal 0 0 1
    outer loop
      vertex 16.0688 4.39533 1.6
      vertex 15.4368 4.4504 1.6
      vertex 15.4417 4.36279 1.6
    endloop
  endfacet
  facet normal 0 0 1
    outer loop
      vertex 15.4221 4.53095 1.6
      vertex 16.0081 4.7252 1.6
      vertex 15.931 4.86434 1.6
    endloop
  endfacet
  facet normal -0 0 1
    outer loop
      vertex 15.4384 4.28468 1.6
      vertex 16.0593 4.2779 1.6
      vertex 15.4417 4.36279 1.6
    endloop
  endfacet
  facet normal 0 0 1
    outer loop
      vertex 16.0308 4.16424 1.6
      vertex 15.4384 4.28468 1.6
      vertex 15.9845 4.05764 1.6
    endloop
  endfacet
  facet normal 0 0 1
    outer loop
      vertex 15.3961 4.60258 1.6
      vertex 15.931 4.86434 1.6
      vertex 15.8214 4.98231 1.6
    endloop
  endfacet
  facet normal -0 0 1
    outer loop
      vertex 15.4287 4.20654 1.6
      vertex 15.9845 4.05764 1.6
      vertex 15.4384 4.28468 1.6
    endloop
  endfacet
  facet normal 0 0 1
    outer loop
      vertex 15.3571 4.66334 1.6
      vertex 15.8214 4.98231 1.6
      vertex 15.6785 5.0778 1.6
    endloop
  endfacet
  facet normal 0 0 1
    outer loop
      vertex 16.0593 4.2779 1.6
      vertex 15.4384 4.28468 1.6
      vertex 16.0308 4.16424 1.6
    endloop
  endfacet
  facet normal 0 0 1
    outer loop
      vertex 15.9212 3.96136 1.6
      vertex 15.4287 4.20654 1.6
      vertex 15.8418 3.87727 1.6
    endloop
  endfacet
  facet normal 0 0 1
    outer loop
      vertex 15.1667 3.48695 1.6
      vertex 15.5133 3.7096 1.6
      vertex 15.5133 3.71832 1.6
    endloop
  endfacet
  facet normal 0 0 1
    outer loop
      vertex 15.5133 3.7096 1.6
      vertex 15.5081 3.10908 1.6
      vertex 15.5133 3.0174 1.6
    endloop
  endfacet
  facet normal 0 0 1
    outer loop
      vertex 15.3036 4.7127 1.6
      vertex 15.6785 5.0778 1.6
      vertex 15.5014 5.14942 1.6
    endloop
  endfacet
  facet normal -0 0 1
    outer loop
      vertex 15.4086 4.13221 1.6
      vertex 15.8418 3.87727 1.6
      vertex 15.4287 4.20654 1.6
    endloop
  endfacet
  facet normal 0 0 1
    outer loop
      vertex 15.8418 3.87727 1.6
      vertex 15.4086 4.13221 1.6
      vertex 15.7466 3.80727 1.6
    endloop
  endfacet
  facet normal -0 0 1
    outer loop
      vertex 15.3744 4.06548 1.6
      vertex 15.7466 3.80727 1.6
      vertex 15.4086 4.13221 1.6
    endloop
  endfacet
  facet normal 0 0 1
    outer loop
      vertex 15.5133 3.7096 1.6
      vertex 15.4927 3.19749 1.6
      vertex 15.5081 3.10908 1.6
    endloop
  endfacet
  facet normal 0 0 1
    outer loop
      vertex 15.9845 4.05764 1.6
      vertex 15.4287 4.20654 1.6
      vertex 15.9212 3.96136 1.6
    endloop
  endfacet
  facet normal 0 0 1
    outer loop
      vertex 16.0536 4.56786 1.6
      vertex 15.4221 4.53095 1.6
      vertex 15.4368 4.4504 1.6
    endloop
  endfacet
  facet normal 0 0 1
    outer loop
      vertex 15.931 4.86434 1.6
      vertex 15.3961 4.60258 1.6
      vertex 15.4221 4.53095 1.6
    endloop
  endfacet
  facet normal 0 0 1
    outer loop
      vertex 15.8214 4.98231 1.6
      vertex 15.3571 4.66334 1.6
      vertex 15.3961 4.60258 1.6
    endloop
  endfacet
  facet normal 0 0 1
    outer loop
      vertex 15.6785 5.0778 1.6
      vertex 15.3036 4.7127 1.6
      vertex 15.3571 4.66334 1.6
    endloop
  endfacet
  facet normal 0 0 1
    outer loop
      vertex 15.2345 4.75012 1.6
      vertex 15.5014 5.14942 1.6
      vertex 15.289 5.19418 1.6
    endloop
  endfacet
  facet normal 0 0 1
    outer loop
      vertex 15.5014 5.14942 1.6
      vertex 15.2345 4.75012 1.6
      vertex 15.3036 4.7127 1.6
    endloop
  endfacet
  facet normal 0 0 1
    outer loop
      vertex 15.289 5.19418 1.6
      vertex 15.1474 4.77374 1.6
      vertex 15.2345 4.75012 1.6
    endloop
  endfacet
  facet normal 0 0 1
    outer loop
      vertex 15.0403 5.2091 1.6
      vertex 15.1474 4.77374 1.6
      vertex 15.289 5.19418 1.6
    endloop
  endfacet
  facet normal 0 0 1
    outer loop
      vertex 15.0403 5.2091 1.6
      vertex 15.0403 4.78161 1.6
      vertex 15.1474 4.77374 1.6
    endloop
  endfacet
  facet normal 0 0 1
    outer loop
      vertex 15.0403 5.2091 1.6
      vertex 14.9366 4.77374 1.6
      vertex 15.0403 4.78161 1.6
    endloop
  endfacet
  facet normal -0 0 1
    outer loop
      vertex 14.8056 5.19473 1.6
      vertex 14.9366 4.77374 1.6
      vertex 15.0403 5.2091 1.6
    endloop
  endfacet
  facet normal 0 0 1
    outer loop
      vertex 14.9366 4.77374 1.6
      vertex 14.8056 5.19473 1.6
      vertex 14.8515 4.75012 1.6
    endloop
  endfacet
  facet normal -0 0 1
    outer loop
      vertex 14.6008 5.15159 1.6
      vertex 14.8515 4.75012 1.6
      vertex 14.8056 5.19473 1.6
    endloop
  endfacet
  facet normal 0 0 1
    outer loop
      vertex 14.8515 4.75012 1.6
      vertex 14.6008 5.15159 1.6
      vertex 14.7831 4.7127 1.6
    endloop
  endfacet
  facet normal -0 0 1
    outer loop
      vertex 14.4264 5.08189 1.6
      vertex 14.7831 4.7127 1.6
      vertex 14.6008 5.15159 1.6
    endloop
  endfacet
  facet normal 0 0 1
    outer loop
      vertex 14.7831 4.7127 1.6
      vertex 14.4264 5.08189 1.6
      vertex 14.7299 4.66334 1.6
    endloop
  endfacet
  facet normal 0 0 1
    outer loop
      vertex 14.6616 4.20435 1.6
      vertex 14.6008 3.19427 1.6
      vertex 14.6312 3.27699 1.6
    endloop
  endfacet
  facet normal -0 0 1
    outer loop
      vertex 14.2829 4.98776 1.6
      vertex 14.7299 4.66334 1.6
      vertex 14.4264 5.08189 1.6
    endloop
  endfacet
  facet normal 0 0 1
    outer loop
      vertex 14.7299 4.66334 1.6
      vertex 14.2829 4.98776 1.6
      vertex 14.6909 4.60258 1.6
    endloop
  endfacet
  facet normal -0 0 1
    outer loop
      vertex 14.1703 4.87057 1.6
      vertex 14.6909 4.60258 1.6
      vertex 14.2829 4.98776 1.6
    endloop
  endfacet
  facet normal 0 0 1
    outer loop
      vertex 14.6909 4.60258 1.6
      vertex 14.1703 4.87057 1.6
      vertex 14.6648 4.53095 1.6
    endloop
  endfacet
  facet normal 0 0 1
    outer loop
      vertex 14.6494 4.28304 1.6
      vertex 14.5737 3.71397 1.6
      vertex 14.5737 3.70529 1.6
    endloop
  endfacet
  facet normal 0 0 1
    outer loop
      vertex 14.6494 4.28304 1.6
      vertex 14.5737 3.70529 1.6
      vertex 14.6008 3.19427 1.6
    endloop
  endfacet
  facet normal -0 0 1
    outer loop
      vertex 14.456 3.67681 1.6
      vertex 14.6008 3.19427 1.6
      vertex 14.5737 3.70529 1.6
    endloop
  endfacet
  facet normal -0 0 1
    outer loop
      vertex 14.0887 4.73168 1.6
      vertex 14.6648 4.53095 1.6
      vertex 14.1703 4.87057 1.6
    endloop
  endfacet
  facet normal 0 0 1
    outer loop
      vertex 14.6502 4.4504 1.6
      vertex 14.0225 4.39968 1.6
      vertex 14.6453 4.36279 1.6
    endloop
  endfacet
  facet normal 0 -0 1
    outer loop
      vertex 14.032 4.2806 1.6
      vertex 14.6453 4.36279 1.6
      vertex 14.0225 4.39968 1.6
    endloop
  endfacet
  facet normal -0 0 1
    outer loop
      vertex 14.0391 4.57383 1.6
      vertex 14.6648 4.53095 1.6
      vertex 14.0887 4.73168 1.6
    endloop
  endfacet
  facet normal 0 0 1
    outer loop
      vertex 14.6494 4.28304 1.6
      vertex 14.4522 3.7514 1.6
      vertex 14.5737 3.71397 1.6
    endloop
  endfacet
  facet normal 0 0 1
    outer loop
      vertex 14.6648 4.53095 1.6
      vertex 14.0391 4.57383 1.6
      vertex 14.6502 4.4504 1.6
    endloop
  endfacet
  facet normal 0 0 1
    outer loop
      vertex 14.6494 4.28304 1.6
      vertex 14.3437 3.80727 1.6
      vertex 14.4522 3.7514 1.6
    endloop
  endfacet
  facet normal 0 0 1
    outer loop
      vertex 14.6494 4.28304 1.6
      vertex 14.2493 3.87887 1.6
      vertex 14.3437 3.80727 1.6
    endloop
  endfacet
  facet normal 0 0 1
    outer loop
      vertex 14.0225 4.39968 1.6
      vertex 14.6502 4.4504 1.6
      vertex 14.0391 4.57383 1.6
    endloop
  endfacet
  facet normal 0 0 1
    outer loop
      vertex 14.6494 4.28304 1.6
      vertex 14.1701 3.96349 1.6
      vertex 14.2493 3.87887 1.6
    endloop
  endfacet
  facet normal 0 0 1
    outer loop
      vertex 14.6494 4.28304 1.6
      vertex 14.1069 4.05981 1.6
      vertex 14.1701 3.96349 1.6
    endloop
  endfacet
  facet normal 0 0 1
    outer loop
      vertex 14.6494 4.28304 1.6
      vertex 14.0605 4.16641 1.6
      vertex 14.1069 4.05981 1.6
    endloop
  endfacet
  facet normal 0 0 1
    outer loop
      vertex 14.6494 4.28304 1.6
      vertex 14.032 4.2806 1.6
      vertex 14.0605 4.16641 1.6
    endloop
  endfacet
  facet normal -0 0 1
    outer loop
      vertex 15.5133 3.0174 1.6
      vertex 16.1448 2.96751 1.6
      vertex 16.1328 3.12185 1.6
    endloop
  endfacet
  facet normal 0 0 1
    outer loop
      vertex 15.5133 3.0174 1.6
      vertex 16.1328 3.12185 1.6
      vertex 16.097 3.25935 1.6
    endloop
  endfacet
  facet normal 0 0 1
    outer loop
      vertex 15.5081 2.90537 1.6
      vertex 16.1448 2.96751 1.6
      vertex 15.5133 3.0174 1.6
    endloop
  endfacet
  facet normal 0 0 1
    outer loop
      vertex 15.5133 3.0174 1.6
      vertex 16.097 3.25935 1.6
      vertex 16.0401 3.37925 1.6
    endloop
  endfacet
  facet normal 0 0 1
    outer loop
      vertex 16.1448 2.96751 1.6
      vertex 15.5081 2.90537 1.6
      vertex 16.1285 2.7779 1.6
    endloop
  endfacet
  facet normal 0 0 1
    outer loop
      vertex 15.5133 3.0174 1.6
      vertex 16.0401 3.37925 1.6
      vertex 15.9647 3.48069 1.6
    endloop
  endfacet
  facet normal -0 0 1
    outer loop
      vertex 15.4927 2.80364 1.6
      vertex 16.1285 2.7779 1.6
      vertex 15.5081 2.90537 1.6
    endloop
  endfacet
  facet normal 0 0 1
    outer loop
      vertex 15.5133 3.0174 1.6
      vertex 15.9647 3.48069 1.6
      vertex 15.8722 3.56423 1.6
    endloop
  endfacet
  facet normal 0 0 1
    outer loop
      vertex 15.5133 3.0174 1.6
      vertex 15.8722 3.56423 1.6
      vertex 15.7639 3.63041 1.6
    endloop
  endfacet
  facet normal 0 0 1
    outer loop
      vertex 16.1285 2.7779 1.6
      vertex 15.4927 2.80364 1.6
      vertex 16.0797 2.60403 1.6
    endloop
  endfacet
  facet normal 0 0 1
    outer loop
      vertex 15.5133 3.0174 1.6
      vertex 15.7639 3.63041 1.6
      vertex 15.6432 3.67896 1.6
    endloop
  endfacet
  facet normal 0 0 1
    outer loop
      vertex 16.0797 2.60403 1.6
      vertex 15.4927 2.80364 1.6
      vertex 15.9972 2.4494 1.6
    endloop
  endfacet
  facet normal 0 0 1
    outer loop
      vertex 15.5133 3.0174 1.6
      vertex 15.6432 3.67896 1.6
      vertex 15.5133 3.7096 1.6
    endloop
  endfacet
  facet normal -0 0 1
    outer loop
      vertex 15.4642 2.71388 1.6
      vertex 15.9972 2.4494 1.6
      vertex 15.4927 2.80364 1.6
    endloop
  endfacet
  facet normal 0 0 1
    outer loop
      vertex 15.9972 2.4494 1.6
      vertex 15.4642 2.71388 1.6
      vertex 15.88 2.31756 1.6
    endloop
  endfacet
  facet normal -0 0 1
    outer loop
      vertex 15.42 2.63766 1.6
      vertex 15.88 2.31756 1.6
      vertex 15.4642 2.71388 1.6
    endloop
  endfacet
  facet normal 0 0 1
    outer loop
      vertex 15.88 2.31756 1.6
      vertex 15.42 2.63766 1.6
      vertex 15.7276 2.21043 1.6
    endloop
  endfacet
  facet normal -0 0 1
    outer loop
      vertex 15.3587 2.57607 1.6
      vertex 15.7276 2.21043 1.6
      vertex 15.42 2.63766 1.6
    endloop
  endfacet
  facet normal 0 0 1
    outer loop
      vertex 15.7276 2.21043 1.6
      vertex 15.3587 2.57607 1.6
      vertex 15.5393 2.12988 1.6
    endloop
  endfacet
  facet normal -0 0 1
    outer loop
      vertex 15.2789 2.53024 1.6
      vertex 15.5393 2.12988 1.6
      vertex 15.3587 2.57607 1.6
    endloop
  endfacet
  facet normal 0 0 1
    outer loop
      vertex 15.5393 2.12988 1.6
      vertex 15.2789 2.53024 1.6
      vertex 15.3136 2.07943 1.6
    endloop
  endfacet
  facet normal -0 0 1
    outer loop
      vertex 15.178 2.50176 1.6
      vertex 15.3136 2.07943 1.6
      vertex 15.2789 2.53024 1.6
    endloop
  endfacet
  facet normal 0 0 1
    outer loop
      vertex 15.0489 2.06262 1.6
      vertex 15.178 2.50176 1.6
      vertex 15.0533 2.49227 1.6
    endloop
  endfacet
  facet normal 0 0 1
    outer loop
      vertex 15.178 2.50176 1.6
      vertex 15.0489 2.06262 1.6
      vertex 15.3136 2.07943 1.6
    endloop
  endfacet
  facet normal 0 0 1
    outer loop
      vertex 14.9279 2.50149 1.6
      vertex 15.0489 2.06262 1.6
      vertex 15.0533 2.49227 1.6
    endloop
  endfacet
  facet normal 0 0 1
    outer loop
      vertex 14.7855 2.07943 1.6
      vertex 14.9279 2.50149 1.6
      vertex 14.8254 2.52914 1.6
    endloop
  endfacet
  facet normal 0 0 1
    outer loop
      vertex 14.9279 2.50149 1.6
      vertex 14.7855 2.07943 1.6
      vertex 15.0489 2.06262 1.6
    endloop
  endfacet
  facet normal 0 0 1
    outer loop
      vertex 14.5596 2.12988 1.6
      vertex 14.8254 2.52914 1.6
      vertex 14.7432 2.57391 1.6
    endloop
  endfacet
  facet normal 0 0 1
    outer loop
      vertex 14.3703 2.21043 1.6
      vertex 14.7432 2.57391 1.6
      vertex 14.6789 2.63439 1.6
    endloop
  endfacet
  facet normal 0 0 1
    outer loop
      vertex 14.2167 2.31756 1.6
      vertex 14.6789 2.63439 1.6
      vertex 14.6317 2.70953 1.6
    endloop
  endfacet
  facet normal 0 0 1
    outer loop
      vertex 14.0987 2.44912 1.6
      vertex 14.6317 2.70953 1.6
      vertex 14.6008 2.79823 1.6
    endloop
  endfacet
  facet normal -0 0 1
    outer loop
      vertex 14.3415 3.63041 1.6
      vertex 14.6008 3.19427 1.6
      vertex 14.456 3.67681 1.6
    endloop
  endfacet
  facet normal 0 0 1
    outer loop
      vertex 14.8254 2.52914 1.6
      vertex 14.5596 2.12988 1.6
      vertex 14.7855 2.07943 1.6
    endloop
  endfacet
  facet normal 0 0 1
    outer loop
      vertex 13.9672 2.77546 1.6
      vertex 14.6008 2.79823 1.6
      vertex 14.5837 2.8986 1.6
    endloop
  endfacet
  facet normal -0 0 1
    outer loop
      vertex 13.9509 2.96316 1.6
      vertex 14.5837 2.8986 1.6
      vertex 14.578 3.00872 1.6
    endloop
  endfacet
  facet normal -0 0 1
    outer loop
      vertex 14.2352 3.56561 1.6
      vertex 14.6008 3.19427 1.6
      vertex 14.3415 3.63041 1.6
    endloop
  endfacet
  facet normal -0 0 1
    outer loop
      vertex 14.1418 3.48179 1.6
      vertex 14.6008 3.19427 1.6
      vertex 14.2352 3.56561 1.6
    endloop
  endfacet
  facet normal 0 0 1
    outer loop
      vertex 14.7432 2.57391 1.6
      vertex 14.3703 2.21043 1.6
      vertex 14.5596 2.12988 1.6
    endloop
  endfacet
  facet normal -0 0 1
    outer loop
      vertex 14.0637 3.37953 1.6
      vertex 14.6008 3.19427 1.6
      vertex 14.1418 3.48179 1.6
    endloop
  endfacet
  facet normal 0 0 1
    outer loop
      vertex 14.6008 3.19427 1.6
      vertex 14.0637 3.37953 1.6
      vertex 14.5837 3.10394 1.6
    endloop
  endfacet
  facet normal 0 0 1
    outer loop
      vertex 14.6008 2.79823 1.6
      vertex 13.9672 2.77546 1.6
      vertex 14.016 2.60293 1.6
    endloop
  endfacet
  facet normal -0 0 1
    outer loop
      vertex 14.003 3.25935 1.6
      vertex 14.5837 3.10394 1.6
      vertex 14.0637 3.37953 1.6
    endloop
  endfacet
  facet normal 0 0 1
    outer loop
      vertex 14.6789 2.63439 1.6
      vertex 14.2167 2.31756 1.6
      vertex 14.3703 2.21043 1.6
    endloop
  endfacet
  facet normal -0 0 1
    outer loop
      vertex 13.9639 3.12077 1.6
      vertex 14.5837 3.10394 1.6
      vertex 14.003 3.25935 1.6
    endloop
  endfacet
  facet normal 0 0 1
    outer loop
      vertex 14.6008 2.79823 1.6
      vertex 14.016 2.60293 1.6
      vertex 14.0987 2.44912 1.6
    endloop
  endfacet
  facet normal 0 0 1
    outer loop
      vertex 14.5837 3.10394 1.6
      vertex 13.9639 3.12077 1.6
      vertex 14.578 3.00872 1.6
    endloop
  endfacet
  facet normal 0 0 1
    outer loop
      vertex 14.6317 2.70953 1.6
      vertex 14.0987 2.44912 1.6
      vertex 14.2167 2.31756 1.6
    endloop
  endfacet
  facet normal 0 0 1
    outer loop
      vertex 14.578 3.00872 1.6
      vertex 13.9639 3.12077 1.6
      vertex 13.9509 2.96316 1.6
    endloop
  endfacet
  facet normal 0 0 1
    outer loop
      vertex 14.5837 2.8986 1.6
      vertex 13.9509 2.96316 1.6
      vertex 13.9672 2.77546 1.6
    endloop
  endfacet
  facet normal 0 0 1
    outer loop
      vertex 15.7466 3.80727 1.6
      vertex 15.3744 4.06548 1.6
      vertex 15.6367 3.75356 1.6
    endloop
  endfacet
  facet normal 0 0 1
    outer loop
      vertex 15.5133 3.7096 1.6
      vertex 15.4639 3.27915 1.6
      vertex 15.4927 3.19749 1.6
    endloop
  endfacet
  facet normal 0 0 1
    outer loop
      vertex 15.6367 3.75356 1.6
      vertex 15.3744 4.06548 1.6
      vertex 15.5133 3.71832 1.6
    endloop
  endfacet
  facet normal 0 0 1
    outer loop
      vertex 15.5133 3.7096 1.6
      vertex 15.4189 3.35049 1.6
      vertex 15.4639 3.27915 1.6
    endloop
  endfacet
  facet normal -0 0 1
    outer loop
      vertex 15.3237 4.00852 1.6
      vertex 15.5133 3.71832 1.6
      vertex 15.3744 4.06548 1.6
    endloop
  endfacet
  facet normal 0 0 1
    outer loop
      vertex 15.5133 3.7096 1.6
      vertex 15.3557 3.41018 1.6
      vertex 15.4189 3.35049 1.6
    endloop
  endfacet
  facet normal -0 0 1
    outer loop
      vertex 15.254 3.96349 1.6
      vertex 15.5133 3.71832 1.6
      vertex 15.3237 4.00852 1.6
    endloop
  endfacet
  facet normal 0 0 1
    outer loop
      vertex 15.5133 3.7096 1.6
      vertex 15.2724 3.45683 1.6
      vertex 15.3557 3.41018 1.6
    endloop
  endfacet
  facet normal -0 0 1
    outer loop
      vertex 15.162 3.93421 1.6
      vertex 15.5133 3.71832 1.6
      vertex 15.254 3.96349 1.6
    endloop
  endfacet
  facet normal 0 0 1
    outer loop
      vertex 15.5133 3.7096 1.6
      vertex 15.1667 3.48695 1.6
      vertex 15.2724 3.45683 1.6
    endloop
  endfacet
  facet normal 0 0 1
    outer loop
      vertex 15.5133 3.71832 1.6
      vertex 15.162 3.93421 1.6
      vertex 15.1667 3.48695 1.6
    endloop
  endfacet
  facet normal -0 0 1
    outer loop
      vertex 15.0446 3.92446 1.6
      vertex 15.1667 3.48695 1.6
      vertex 15.162 3.93421 1.6
    endloop
  endfacet
  facet normal 0 0 1
    outer loop
      vertex 15.0446 3.92446 1.6
      vertex 15.0359 3.49699 1.6
      vertex 15.1667 3.48695 1.6
    endloop
  endfacet
  facet normal 0 0 1
    outer loop
      vertex 14.9323 3.93421 1.6
      vertex 15.0359 3.49699 1.6
      vertex 15.0446 3.92446 1.6
    endloop
  endfacet
  facet normal 0 0 1
    outer loop
      vertex 14.9323 3.93421 1.6
      vertex 14.9163 3.48695 1.6
      vertex 15.0359 3.49699 1.6
    endloop
  endfacet
  facet normal 0 0 1
    outer loop
      vertex 14.8428 3.96349 1.6
      vertex 14.9163 3.48695 1.6
      vertex 14.9323 3.93421 1.6
    endloop
  endfacet
  facet normal 0 0 1
    outer loop
      vertex 14.8428 3.96349 1.6
      vertex 14.8178 3.45683 1.6
      vertex 14.9163 3.48695 1.6
    endloop
  endfacet
  facet normal 0 0 1
    outer loop
      vertex 14.7733 4.00825 1.6
      vertex 14.8178 3.45683 1.6
      vertex 14.8428 3.96349 1.6
    endloop
  endfacet
  facet normal 0 0 1
    outer loop
      vertex 14.7733 4.00825 1.6
      vertex 14.7386 3.40991 1.6
      vertex 14.8178 3.45683 1.6
    endloop
  endfacet
  facet normal 0 0 1
    outer loop
      vertex 14.7212 4.06439 1.6
      vertex 14.7386 3.40991 1.6
      vertex 14.7733 4.00825 1.6
    endloop
  endfacet
  facet normal 0 0 1
    outer loop
      vertex 14.6768 3.3494 1.6
      vertex 14.7212 4.06439 1.6
      vertex 14.6846 4.13032 1.6
    endloop
  endfacet
  facet normal 0 0 1
    outer loop
      vertex 14.7212 4.06439 1.6
      vertex 14.6768 3.3494 1.6
      vertex 14.7386 3.40991 1.6
    endloop
  endfacet
  facet normal 0 0 1
    outer loop
      vertex 14.6312 3.27699 1.6
      vertex 14.6846 4.13032 1.6
      vertex 14.6616 4.20435 1.6
    endloop
  endfacet
  facet normal 0 0 1
    outer loop
      vertex 14.6008 3.19427 1.6
      vertex 14.6616 4.20435 1.6
      vertex 14.6494 4.28304 1.6
    endloop
  endfacet
  facet normal 0 0 1
    outer loop
      vertex 14.032 4.2806 1.6
      vertex 14.6494 4.28304 1.6
      vertex 14.6453 4.36279 1.6
    endloop
  endfacet
  facet normal 0 0 1
    outer loop
      vertex 14.6846 4.13032 1.6
      vertex 14.6312 3.27699 1.6
      vertex 14.6768 3.3494 1.6
    endloop
  endfacet
  facet normal -0 0 1
    outer loop
      vertex 13.0674 3.93124 1.6
      vertex 13.6853 3.63584 1.6
      vertex 13.6656 4.05819 1.6
    endloop
  endfacet
  facet normal -0 0 1
    outer loop
      vertex 13.0495 4.17072 1.6
      vertex 13.6656 4.05819 1.6
      vertex 13.6062 4.40078 1.6
    endloop
  endfacet
  facet normal 0 0 1
    outer loop
      vertex 13.6853 3.63584 1.6
      vertex 13.0674 3.93124 1.6
      vertex 13.0734 3.63584 1.6
    endloop
  endfacet
  facet normal 0 0 1
    outer loop
      vertex 13.0186 4.3606 1.6
      vertex 13.6062 4.40078 1.6
      vertex 13.5118 4.67284 1.6
    endloop
  endfacet
  facet normal 0 0 1
    outer loop
      vertex 13.0672 3.34725 1.6
      vertex 13.6853 3.63584 1.6
      vertex 13.0734 3.63584 1.6
    endloop
  endfacet
  facet normal 0 0 1
    outer loop
      vertex 12.9736 4.50707 1.6
      vertex 13.5118 4.67284 1.6
      vertex 13.387 4.8836 1.6
    endloop
  endfacet
  facet normal 0 0 1
    outer loop
      vertex 13.0485 3.11071 1.6
      vertex 13.6653 3.23197 1.6
      vertex 13.0672 3.34725 1.6
    endloop
  endfacet
  facet normal 0 0 1
    outer loop
      vertex 12.9136 4.61315 1.6
      vertex 13.387 4.8836 1.6
      vertex 13.234 5.03684 1.6
    endloop
  endfacet
  facet normal 0 0 1
    outer loop
      vertex 13.6853 3.63584 1.6
      vertex 13.0672 3.34725 1.6
      vertex 13.6653 3.23197 1.6
    endloop
  endfacet
  facet normal -0 0 1
    outer loop
      vertex 13.0162 2.92111 1.6
      vertex 13.6051 2.89698 1.6
      vertex 13.0485 3.11071 1.6
    endloop
  endfacet
  facet normal 0 0 1
    outer loop
      vertex 13.6653 3.23197 1.6
      vertex 13.0485 3.11071 1.6
      vertex 13.6051 2.89698 1.6
    endloop
  endfacet
  facet normal 0 0 1
    outer loop
      vertex 12.838 4.68177 1.6
      vertex 13.234 5.03684 1.6
      vertex 13.0549 5.13639 1.6
    endloop
  endfacet
  facet normal 0 0 1
    outer loop
      vertex 13.6656 4.05819 1.6
      vertex 13.0495 4.17072 1.6
      vertex 13.0674 3.93124 1.6
    endloop
  endfacet
  facet normal 0 0 1
    outer loop
      vertex 13.6062 4.40078 1.6
      vertex 13.0186 4.3606 1.6
      vertex 13.0495 4.17072 1.6
    endloop
  endfacet
  facet normal 0 0 1
    outer loop
      vertex 13.5118 4.67284 1.6
      vertex 12.9736 4.50707 1.6
      vertex 13.0186 4.3606 1.6
    endloop
  endfacet
  facet normal 0 0 1
    outer loop
      vertex 13.387 4.8836 1.6
      vertex 12.9136 4.61315 1.6
      vertex 12.9736 4.50707 1.6
    endloop
  endfacet
  facet normal 0 0 1
    outer loop
      vertex 12.838 4.68177 1.6
      vertex 13.0549 5.13639 1.6
      vertex 12.8551 5.19093 1.6
    endloop
  endfacet
  facet normal 0 0 1
    outer loop
      vertex 13.234 5.03684 1.6
      vertex 12.838 4.68177 1.6
      vertex 12.9136 4.61315 1.6
    endloop
  endfacet
  facet normal 0 0 1
    outer loop
      vertex 12.8551 5.19093 1.6
      vertex 12.7455 4.7192 1.6
      vertex 12.838 4.68177 1.6
    endloop
  endfacet
  facet normal 0 0 1
    outer loop
      vertex 12.6394 5.2091 1.6
      vertex 12.7455 4.7192 1.6
      vertex 12.8551 5.19093 1.6
    endloop
  endfacet
  facet normal 0 0 1
    outer loop
      vertex 12.6394 5.2091 1.6
      vertex 12.6351 4.73168 1.6
      vertex 12.7455 4.7192 1.6
    endloop
  endfacet
  facet normal 0 0 1
    outer loop
      vertex 12.6394 5.2091 1.6
      vertex 12.5173 4.71894 1.6
      vertex 12.6351 4.73168 1.6
    endloop
  endfacet
  facet normal -0 0 1
    outer loop
      vertex 12.4113 5.19093 1.6
      vertex 12.5173 4.71894 1.6
      vertex 12.6394 5.2091 1.6
    endloop
  endfacet
  facet normal 0 0 1
    outer loop
      vertex 12.5173 4.71894 1.6
      vertex 12.4113 5.19093 1.6
      vertex 12.4202 4.68067 1.6
    endloop
  endfacet
  facet normal -0 0 1
    outer loop
      vertex 12.2043 5.13639 1.6
      vertex 12.4202 4.68067 1.6
      vertex 12.4113 5.19093 1.6
    endloop
  endfacet
  facet normal -0 0 1
    outer loop
      vertex 12.0218 5.03684 1.6
      vertex 12.4202 4.68067 1.6
      vertex 12.2043 5.13639 1.6
    endloop
  endfacet
  facet normal 0 0 1
    outer loop
      vertex 12.4202 4.68067 1.6
      vertex 12.0218 5.03684 1.6
      vertex 12.3418 4.61099 1.6
    endloop
  endfacet
  facet normal -0 0 1
    outer loop
      vertex 11.8669 4.8836 1.6
      vertex 12.3418 4.61099 1.6
      vertex 12.0218 5.03684 1.6
    endloop
  endfacet
  facet normal 0 0 1
    outer loop
      vertex 12.3418 4.61099 1.6
      vertex 11.8669 4.8836 1.6
      vertex 12.2803 4.50385 1.6
    endloop
  endfacet
  facet normal -0 0 1
    outer loop
      vertex 11.7419 4.67284 1.6
      vertex 12.2803 4.50385 1.6
      vertex 11.8669 4.8836 1.6
    endloop
  endfacet
  facet normal 0 0 1
    outer loop
      vertex 12.2803 4.50385 1.6
      vertex 11.7419 4.67284 1.6
      vertex 12.2347 4.35656 1.6
    endloop
  endfacet
  facet normal -0 0 1
    outer loop
      vertex 11.6488 4.40078 1.6
      vertex 12.2347 4.35656 1.6
      vertex 11.7419 4.67284 1.6
    endloop
  endfacet
  facet normal 0 0 1
    outer loop
      vertex 13.6051 2.89698 1.6
      vertex 13.0162 2.92111 1.6
      vertex 13.5093 2.62519 1.6
    endloop
  endfacet
  facet normal -0 0 1
    outer loop
      vertex 12.9693 2.77328 1.6
      vertex 13.5093 2.62519 1.6
      vertex 13.0162 2.92111 1.6
    endloop
  endfacet
  facet normal 0 0 1
    outer loop
      vertex 13.5093 2.62519 1.6
      vertex 12.9693 2.77328 1.6
      vertex 13.3826 2.4109 1.6
    endloop
  endfacet
  facet normal -0 0 1
    outer loop
      vertex 12.9074 2.66503 1.6
      vertex 13.3826 2.4109 1.6
      vertex 12.9693 2.77328 1.6
    endloop
  endfacet
  facet normal 0 0 1
    outer loop
      vertex 13.3826 2.4109 1.6
      vertex 12.9074 2.66503 1.6
      vertex 13.2275 2.25141 1.6
    endloop
  endfacet
  facet normal -0 0 1
    outer loop
      vertex 12.8304 2.59423 1.6
      vertex 13.2275 2.25141 1.6
      vertex 12.9074 2.66503 1.6
    endloop
  endfacet
  facet normal 0 0 1
    outer loop
      vertex 13.2275 2.25141 1.6
      vertex 12.8304 2.59423 1.6
      vertex 13.0463 2.14399 1.6
    endloop
  endfacet
  facet normal -0 0 1
    outer loop
      vertex 12.7371 2.55518 1.6
      vertex 13.0463 2.14399 1.6
      vertex 12.8304 2.59423 1.6
    endloop
  endfacet
  facet normal 0 0 1
    outer loop
      vertex 13.0463 2.14399 1.6
      vertex 12.7371 2.55518 1.6
      vertex 12.8431 2.08296 1.6
    endloop
  endfacet
  facet normal -0 0 1
    outer loop
      vertex 12.6264 2.54217 1.6
      vertex 12.8431 2.08296 1.6
      vertex 12.7371 2.55518 1.6
    endloop
  endfacet
  facet normal 0 0 1
    outer loop
      vertex 12.6264 2.54217 1.6
      vertex 12.6221 2.06262 1.6
      vertex 12.8431 2.08296 1.6
    endloop
  endfacet
  facet normal 0 0 1
    outer loop
      vertex 12.5125 2.55518 1.6
      vertex 12.6221 2.06262 1.6
      vertex 12.6264 2.54217 1.6
    endloop
  endfacet
  facet normal 0 0 1
    outer loop
      vertex 12.4013 2.08268 1.6
      vertex 12.5125 2.55518 1.6
      vertex 12.4181 2.59423 1.6
    endloop
  endfacet
  facet normal 0 0 1
    outer loop
      vertex 12.5125 2.55518 1.6
      vertex 12.4013 2.08268 1.6
      vertex 12.6221 2.06262 1.6
    endloop
  endfacet
  facet normal 0 0 1
    outer loop
      vertex 12.0193 2.24951 1.6
      vertex 12.4181 2.59423 1.6
      vertex 12.3416 2.66503 1.6
    endloop
  endfacet
  facet normal 0 0 1
    outer loop
      vertex 11.8669 2.40873 1.6
      vertex 12.3416 2.66503 1.6
      vertex 12.2814 2.77328 1.6
    endloop
  endfacet
  facet normal 0 0 1
    outer loop
      vertex 11.7432 2.62301 1.6
      vertex 12.2814 2.77328 1.6
      vertex 12.2363 2.92111 1.6
    endloop
  endfacet
  facet normal 0 0 1
    outer loop
      vertex 12.4181 2.59423 1.6
      vertex 12.1989 2.14291 1.6
      vertex 12.4013 2.08268 1.6
    endloop
  endfacet
  facet normal 0 0 1
    outer loop
      vertex 11.6499 2.89481 1.6
      vertex 12.2363 2.92111 1.6
      vertex 12.2054 3.11071 1.6
    endloop
  endfacet
  facet normal -0 0 1
    outer loop
      vertex 11.5913 3.23034 1.6
      vertex 12.2054 3.11071 1.6
      vertex 12.1875 3.34725 1.6
    endloop
  endfacet
  facet normal -0 0 1
    outer loop
      vertex 11.5718 3.63584 1.6
      vertex 12.1875 3.34725 1.6
      vertex 12.1815 3.63584 1.6
    endloop
  endfacet
  facet normal 0 0 1
    outer loop
      vertex 12.2347 4.35656 1.6
      vertex 11.6488 4.40078 1.6
      vertex 12.2043 4.16641 1.6
    endloop
  endfacet
  facet normal 0 0 1
    outer loop
      vertex 12.1875 3.34725 1.6
      vertex 11.5718 3.63584 1.6
      vertex 11.5913 3.23034 1.6
    endloop
  endfacet
  facet normal 0 0 1
    outer loop
      vertex 11.591 4.05819 1.6
      vertex 12.2043 4.16641 1.6
      vertex 11.6488 4.40078 1.6
    endloop
  endfacet
  facet normal 0 0 1
    outer loop
      vertex 12.2054 3.11071 1.6
      vertex 11.5913 3.23034 1.6
      vertex 11.6499 2.89481 1.6
    endloop
  endfacet
  facet normal 0 0 1
    outer loop
      vertex 12.2363 2.92111 1.6
      vertex 11.6499 2.89481 1.6
      vertex 11.7432 2.62301 1.6
    endloop
  endfacet
  facet normal 0 0 1
    outer loop
      vertex 12.2043 4.16641 1.6
      vertex 11.591 4.05819 1.6
      vertex 12.1872 3.92797 1.6
    endloop
  endfacet
  facet normal 0 0 1
    outer loop
      vertex 12.2814 2.77328 1.6
      vertex 11.7432 2.62301 1.6
      vertex 11.8669 2.40873 1.6
    endloop
  endfacet
  facet normal 0 0 1
    outer loop
      vertex 11.5718 3.63584 1.6
      vertex 12.1872 3.92797 1.6
      vertex 11.591 4.05819 1.6
    endloop
  endfacet
  facet normal 0 0 1
    outer loop
      vertex 12.3416 2.66503 1.6
      vertex 11.8669 2.40873 1.6
      vertex 12.0193 2.24951 1.6
    endloop
  endfacet
  facet normal 0 0 1
    outer loop
      vertex 12.1872 3.92797 1.6
      vertex 11.5718 3.63584 1.6
      vertex 12.1815 3.63584 1.6
    endloop
  endfacet
  facet normal 0 0 1
    outer loop
      vertex 12.4181 2.59423 1.6
      vertex 12.0193 2.24951 1.6
      vertex 12.1989 2.14291 1.6
    endloop
  endfacet
  facet normal -0 0 1
    outer loop
      vertex 10.4918 2.76786 1.6
      vertex 11.1189 2.10601 1.6
      vertex 11.1189 2.76786 1.6
    endloop
  endfacet
  facet normal 0 0 1
    outer loop
      vertex 11.1189 2.10601 1.6
      vertex 10.4918 2.76786 1.6
      vertex 10.4918 2.10601 1.6
    endloop
  endfacet
  facet normal -0.287715 0.957716 0
    outer loop
      vertex 9.42657 2.14399 1.6
      vertex 9.22342 2.08296 2
      vertex 9.42657 2.14399 2
    endloop
  endfacet
  facet normal -0.287715 0.957716 0
    outer loop
      vertex 9.22342 2.08296 2
      vertex 9.42657 2.14399 1.6
      vertex 9.22342 2.08296 1.6
    endloop
  endfacet
  facet normal -0.509909 0.860228 0
    outer loop
      vertex 9.60779 2.25141 1.6
      vertex 9.42657 2.14399 2
      vertex 9.60779 2.25141 2
    endloop
  endfacet
  facet normal -0.509909 0.860228 0
    outer loop
      vertex 9.42657 2.14399 2
      vertex 9.60779 2.25141 1.6
      vertex 9.42657 2.14399 1.6
    endloop
  endfacet
  facet normal -0.716837 0.697241 0
    outer loop
      vertex 9.60779 2.25141 1.6
      vertex 9.76292 2.4109 2
      vertex 9.76292 2.4109 1.6
    endloop
  endfacet
  facet normal -0.716837 0.697241 0
    outer loop
      vertex 9.76292 2.4109 2
      vertex 9.60779 2.25141 1.6
      vertex 9.60779 2.25141 2
    endloop
  endfacet
  facet normal -0.860831 0.50889 0
    outer loop
      vertex 9.76292 2.4109 1.6
      vertex 9.8896 2.62519 2
      vertex 9.8896 2.62519 1.6
    endloop
  endfacet
  facet normal -0.860831 0.50889 0
    outer loop
      vertex 9.8896 2.62519 2
      vertex 9.76292 2.4109 1.6
      vertex 9.76292 2.4109 2
    endloop
  endfacet
  facet normal -0.94316 0.332339 0
    outer loop
      vertex 9.8896 2.62519 1.6
      vertex 9.98537 2.89698 2
      vertex 9.98537 2.89698 1.6
    endloop
  endfacet
  facet normal -0.94316 0.332339 0
    outer loop
      vertex 9.98537 2.89698 2
      vertex 9.8896 2.62519 1.6
      vertex 9.8896 2.62519 2
    endloop
  endfacet
  facet normal -0.984218 0.176959 0
    outer loop
      vertex 9.98537 2.89698 1.6
      vertex 10.0456 3.23197 2
      vertex 10.0456 3.23197 1.6
    endloop
  endfacet
  facet normal -0.984218 0.176959 0
    outer loop
      vertex 10.0456 3.23197 2
      vertex 9.98537 2.89698 1.6
      vertex 9.98537 2.89698 2
    endloop
  endfacet
  facet normal -0.998776 0.0494603 0
    outer loop
      vertex 10.0456 3.23197 1.6
      vertex 10.0656 3.63584 2
      vertex 10.0656 3.63584 1.6
    endloop
  endfacet
  facet normal -0.998776 0.0494603 0
    outer loop
      vertex 10.0656 3.63584 2
      vertex 10.0456 3.23197 1.6
      vertex 10.0456 3.23197 2
    endloop
  endfacet
  facet normal -0.998914 -0.0465931 0
    outer loop
      vertex 10.0656 3.63584 1.6
      vertex 10.0459 4.05819 2
      vertex 10.0459 4.05819 1.6
    endloop
  endfacet
  facet normal -0.998914 -0.0465931 0
    outer loop
      vertex 10.0459 4.05819 2
      vertex 10.0656 3.63584 1.6
      vertex 10.0656 3.63584 2
    endloop
  endfacet
  facet normal -0.985275 -0.170976 0
    outer loop
      vertex 10.0459 4.05819 1.6
      vertex 9.98645 4.40078 2
      vertex 9.98645 4.40078 1.6
    endloop
  endfacet
  facet normal -0.985275 -0.170976 0
    outer loop
      vertex 9.98645 4.40078 2
      vertex 10.0459 4.05819 1.6
      vertex 10.0459 4.05819 2
    endloop
  endfacet
  facet normal -0.944755 -0.327778 0
    outer loop
      vertex 9.98645 4.40078 1.6
      vertex 9.89206 4.67284 2
      vertex 9.89206 4.67284 1.6
    endloop
  endfacet
  facet normal -0.944755 -0.327778 0
    outer loop
      vertex 9.89206 4.67284 2
      vertex 9.98645 4.40078 1.6
      vertex 9.98645 4.40078 2
    endloop
  endfacet
  facet normal -0.860479 -0.509486 0
    outer loop
      vertex 9.89206 4.67284 1.6
      vertex 9.76727 4.8836 2
      vertex 9.76727 4.8836 1.6
    endloop
  endfacet
  facet normal -0.860479 -0.509486 0
    outer loop
      vertex 9.76727 4.8836 2
      vertex 9.89206 4.67284 1.6
      vertex 9.89206 4.67284 2
    endloop
  endfacet
  facet normal -0.707707 -0.706506 0
    outer loop
      vertex 9.76727 4.8836 1.6
      vertex 9.61429 5.03684 2
      vertex 9.61429 5.03684 1.6
    endloop
  endfacet
  facet normal -0.707707 -0.706506 0
    outer loop
      vertex 9.61429 5.03684 2
      vertex 9.76727 4.8836 1.6
      vertex 9.76727 4.8836 2
    endloop
  endfacet
  facet normal -0.485933 -0.873996 0
    outer loop
      vertex 9.43524 5.13639 1.6
      vertex 9.61429 5.03684 2
      vertex 9.43524 5.13639 2
    endloop
  endfacet
  facet normal -0.485933 -0.873996 -0
    outer loop
      vertex 9.61429 5.03684 2
      vertex 9.43524 5.13639 1.6
      vertex 9.61429 5.03684 1.6
    endloop
  endfacet
  facet normal -0.263228 -0.964734 0
    outer loop
      vertex 9.23535 5.19093 1.6
      vertex 9.43524 5.13639 2
      vertex 9.23535 5.19093 2
    endloop
  endfacet
  facet normal -0.263228 -0.964734 -0
    outer loop
      vertex 9.43524 5.13639 2
      vertex 9.23535 5.19093 1.6
      vertex 9.43524 5.13639 1.6
    endloop
  endfacet
  facet normal -0.083971 -0.996468 0
    outer loop
      vertex 9.01973 5.2091 1.6
      vertex 9.23535 5.19093 2
      vertex 9.01973 5.2091 2
    endloop
  endfacet
  facet normal -0.083971 -0.996468 -0
    outer loop
      vertex 9.23535 5.19093 2
      vertex 9.01973 5.2091 1.6
      vertex 9.23535 5.19093 1.6
    endloop
  endfacet
  facet normal 0.0793961 -0.996843 0
    outer loop
      vertex 8.7916 5.19093 1.6
      vertex 9.01973 5.2091 2
      vertex 8.7916 5.19093 2
    endloop
  endfacet
  facet normal 0.0793961 -0.996843 0
    outer loop
      vertex 9.01973 5.2091 2
      vertex 8.7916 5.19093 1.6
      vertex 9.01973 5.2091 1.6
    endloop
  endfacet
  facet normal 0.254818 -0.966989 0
    outer loop
      vertex 8.58463 5.13639 1.6
      vertex 8.7916 5.19093 2
      vertex 8.58463 5.13639 2
    endloop
  endfacet
  facet normal 0.254818 -0.966989 0
    outer loop
      vertex 8.7916 5.19093 2
      vertex 8.58463 5.13639 1.6
      vertex 8.7916 5.19093 1.6
    endloop
  endfacet
  facet normal 0.478748 -0.877953 0
    outer loop
      vertex 8.40207 5.03684 1.6
      vertex 8.58463 5.13639 2
      vertex 8.40207 5.03684 2
    endloop
  endfacet
  facet normal 0.478748 -0.877953 0
    outer loop
      vertex 8.58463 5.13639 2
      vertex 8.40207 5.03684 1.6
      vertex 8.58463 5.13639 1.6
    endloop
  endfacet
  facet normal 0.70331 -0.710883 0
    outer loop
      vertex 8.24718 4.8836 1.6
      vertex 8.40207 5.03684 2
      vertex 8.24718 4.8836 2
    endloop
  endfacet
  facet normal 0.70331 -0.710883 0
    outer loop
      vertex 8.40207 5.03684 2
      vertex 8.24718 4.8836 1.6
      vertex 8.40207 5.03684 1.6
    endloop
  endfacet
  facet normal 0.860049 -0.510211 0
    outer loop
      vertex 8.12215 4.67284 2
      vertex 8.24718 4.8836 1.6
      vertex 8.24718 4.8836 2
    endloop
  endfacet
  facet normal 0.860049 -0.510211 0
    outer loop
      vertex 8.24718 4.8836 1.6
      vertex 8.12215 4.67284 2
      vertex 8.12215 4.67284 1.6
    endloop
  endfacet
  facet normal 0.946189 -0.323616 0
    outer loop
      vertex 8.0291 4.40078 2
      vertex 8.12215 4.67284 1.6
      vertex 8.12215 4.67284 2
    endloop
  endfacet
  facet normal 0.946189 -0.323616 0
    outer loop
      vertex 8.12215 4.67284 1.6
      vertex 8.0291 4.40078 2
      vertex 8.0291 4.40078 1.6
    endloop
  endfacet
  facet normal 0.986083 -0.166252 0
    outer loop
      vertex 7.97134 4.05819 2
      vertex 8.0291 4.40078 1.6
      vertex 8.0291 4.40078 2
    endloop
  endfacet
  facet normal 0.986083 -0.166252 0
    outer loop
      vertex 8.0291 4.40078 1.6
      vertex 7.97134 4.05819 2
      vertex 7.97134 4.05819 1.6
    endloop
  endfacet
  facet normal 0.998963 -0.045531 0
    outer loop
      vertex 7.95209 3.63584 2
      vertex 7.97134 4.05819 1.6
      vertex 7.97134 4.05819 2
    endloop
  endfacet
  facet normal 0.998963 -0.045531 0
    outer loop
      vertex 7.97134 4.05819 1.6
      vertex 7.95209 3.63584 2
      vertex 7.95209 3.63584 1.6
    endloop
  endfacet
  facet normal 0.998845 0.0480578 0
    outer loop
      vertex 7.9716 3.23034 2
      vertex 7.95209 3.63584 1.6
      vertex 7.95209 3.63584 2
    endloop
  endfacet
  facet normal 0.998845 0.0480578 0
    outer loop
      vertex 7.95209 3.63584 1.6
      vertex 7.9716 3.23034 2
      vertex 7.9716 3.23034 1.6
    endloop
  endfacet
  facet normal 0.985089 0.172045 0
    outer loop
      vertex 8.0302 2.89481 2
      vertex 7.9716 3.23034 1.6
      vertex 7.9716 3.23034 2
    endloop
  endfacet
  facet normal 0.985089 0.172045 0
    outer loop
      vertex 7.9716 3.23034 1.6
      vertex 8.0302 2.89481 2
      vertex 8.0302 2.89481 1.6
    endloop
  endfacet
  facet normal 0.945838 0.32464 0
    outer loop
      vertex 8.12349 2.62301 2
      vertex 8.0302 2.89481 1.6
      vertex 8.0302 2.89481 2
    endloop
  endfacet
  facet normal 0.945838 0.32464 0
    outer loop
      vertex 8.0302 2.89481 1.6
      vertex 8.12349 2.62301 2
      vertex 8.12349 2.62301 1.6
    endloop
  endfacet
  facet normal 0.866068 0.499925 0
    outer loop
      vertex 8.24718 2.40873 2
      vertex 8.12349 2.62301 1.6
      vertex 8.12349 2.62301 2
    endloop
  endfacet
  facet normal 0.866068 0.499925 0
    outer loop
      vertex 8.12349 2.62301 1.6
      vertex 8.24718 2.40873 2
      vertex 8.24718 2.40873 1.6
    endloop
  endfacet
  facet normal 0.722296 0.691584 0
    outer loop
      vertex 8.39963 2.24951 2
      vertex 8.24718 2.40873 1.6
      vertex 8.24718 2.40873 2
    endloop
  endfacet
  facet normal 0.722296 0.691584 0
    outer loop
      vertex 8.24718 2.40873 1.6
      vertex 8.39963 2.24951 2
      vertex 8.39963 2.24951 1.6
    endloop
  endfacet
  facet normal 0.510511 0.859871 -0
    outer loop
      vertex 8.57918 2.14291 1.6
      vertex 8.39963 2.24951 2
      vertex 8.57918 2.14291 2
    endloop
  endfacet
  facet normal 0.510511 0.859871 0
    outer loop
      vertex 8.39963 2.24951 2
      vertex 8.57918 2.14291 1.6
      vertex 8.39963 2.24951 1.6
    endloop
  endfacet
  facet normal 0.285244 0.958455 -0
    outer loop
      vertex 8.78156 2.08268 1.6
      vertex 8.57918 2.14291 2
      vertex 8.78156 2.08268 2
    endloop
  endfacet
  facet normal 0.285244 0.958455 0
    outer loop
      vertex 8.57918 2.14291 2
      vertex 8.78156 2.08268 1.6
      vertex 8.57918 2.14291 1.6
    endloop
  endfacet
  facet normal 0.0904829 0.995898 -0
    outer loop
      vertex 9.00235 2.06262 1.6
      vertex 8.78156 2.08268 2
      vertex 9.00235 2.06262 2
    endloop
  endfacet
  facet normal 0.0904829 0.995898 0
    outer loop
      vertex 8.78156 2.08268 2
      vertex 9.00235 2.06262 1.6
      vertex 8.78156 2.08268 1.6
    endloop
  endfacet
  facet normal -0.0916201 0.995794 0
    outer loop
      vertex 9.22342 2.08296 1.6
      vertex 9.00235 2.06262 2
      vertex 9.22342 2.08296 2
    endloop
  endfacet
  facet normal -0.0916201 0.995794 0
    outer loop
      vertex 9.00235 2.06262 2
      vertex 9.22342 2.08296 1.6
      vertex 9.00235 2.06262 1.6
    endloop
  endfacet
  facet normal -0.382251 -0.924059 0
    outer loop
      vertex 8.79836 2.59423 1.6
      vertex 8.89276 2.55518 2
      vertex 8.79836 2.59423 2
    endloop
  endfacet
  facet normal -0.382251 -0.924059 -0
    outer loop
      vertex 8.89276 2.55518 2
      vertex 8.79836 2.59423 1.6
      vertex 8.89276 2.55518 1.6
    endloop
  endfacet
  facet normal -0.679331 -0.733832 0
    outer loop
      vertex 8.72188 2.66503 1.6
      vertex 8.79836 2.59423 2
      vertex 8.72188 2.66503 2
    endloop
  endfacet
  facet normal -0.679331 -0.733832 -0
    outer loop
      vertex 8.79836 2.59423 2
      vertex 8.72188 2.66503 1.6
      vertex 8.79836 2.59423 1.6
    endloop
  endfacet
  facet normal -0.873845 -0.486205 0
    outer loop
      vertex 8.72188 2.66503 1.6
      vertex 8.66165 2.77328 2
      vertex 8.66165 2.77328 1.6
    endloop
  endfacet
  facet normal -0.873845 -0.486205 0
    outer loop
      vertex 8.66165 2.77328 2
      vertex 8.72188 2.66503 1.6
      vertex 8.72188 2.66503 2
    endloop
  endfacet
  facet normal -0.956641 -0.29127 0
    outer loop
      vertex 8.66165 2.77328 1.6
      vertex 8.61664 2.92111 2
      vertex 8.61664 2.92111 1.6
    endloop
  endfacet
  facet normal -0.956641 -0.29127 0
    outer loop
      vertex 8.61664 2.92111 2
      vertex 8.66165 2.77328 1.6
      vertex 8.66165 2.77328 2
    endloop
  endfacet
  facet normal -0.986954 -0.161005 0
    outer loop
      vertex 8.61664 2.92111 1.6
      vertex 8.58571 3.11071 2
      vertex 8.58571 3.11071 1.6
    endloop
  endfacet
  facet normal -0.986954 -0.161005 0
    outer loop
      vertex 8.58571 3.11071 2
      vertex 8.61664 2.92111 1.6
      vertex 8.61664 2.92111 2
    endloop
  endfacet
  facet normal -0.997149 -0.0754586 0
    outer loop
      vertex 8.58571 3.11071 1.6
      vertex 8.56781 3.34725 2
      vertex 8.56781 3.34725 1.6
    endloop
  endfacet
  facet normal -0.997149 -0.0754586 0
    outer loop
      vertex 8.56781 3.34725 2
      vertex 8.58571 3.11071 1.6
      vertex 8.58571 3.11071 2
    endloop
  endfacet
  facet normal -0.999786 -0.0206824 0
    outer loop
      vertex 8.56781 3.34725 1.6
      vertex 8.56184 3.63584 2
      vertex 8.56184 3.63584 1.6
    endloop
  endfacet
  facet normal -0.999786 -0.0206824 0
    outer loop
      vertex 8.56184 3.63584 2
      vertex 8.56781 3.34725 1.6
      vertex 8.56781 3.34725 2
    endloop
  endfacet
  facet normal -0.99981 0.0195081 0
    outer loop
      vertex 8.56184 3.63584 1.6
      vertex 8.56754 3.92797 2
      vertex 8.56754 3.92797 1.6
    endloop
  endfacet
  facet normal -0.99981 0.0195081 0
    outer loop
      vertex 8.56754 3.92797 2
      vertex 8.56184 3.63584 1.6
      vertex 8.56184 3.63584 2
    endloop
  endfacet
  facet normal -0.997441 0.0714908 0
    outer loop
      vertex 8.56754 3.92797 1.6
      vertex 8.58463 4.16641 2
      vertex 8.58463 4.16641 1.6
    endloop
  endfacet
  facet normal -0.997441 0.0714908 0
    outer loop
      vertex 8.58463 4.16641 2
      vertex 8.56754 3.92797 1.6
      vertex 8.56754 3.92797 2
    endloop
  endfacet
  facet normal -0.987476 0.157768 0
    outer loop
      vertex 8.58463 4.16641 1.6
      vertex 8.61501 4.35656 2
      vertex 8.61501 4.35656 1.6
    endloop
  endfacet
  facet normal -0.987476 0.157768 0
    outer loop
      vertex 8.61501 4.35656 2
      vertex 8.58463 4.16641 1.6
      vertex 8.58463 4.16641 2
    endloop
  endfacet
  facet normal -0.955377 0.295389 0
    outer loop
      vertex 8.61501 4.35656 1.6
      vertex 8.66055 4.50385 2
      vertex 8.66055 4.50385 1.6
    endloop
  endfacet
  facet normal -0.955377 0.295389 0
    outer loop
      vertex 8.66055 4.50385 2
      vertex 8.61501 4.35656 1.6
      vertex 8.61501 4.35656 2
    endloop
  endfacet
  facet normal -0.86696 0.498377 0
    outer loop
      vertex 8.66055 4.50385 1.6
      vertex 8.72214 4.61099 2
      vertex 8.72214 4.61099 1.6
    endloop
  endfacet
  facet normal -0.86696 0.498377 0
    outer loop
      vertex 8.72214 4.61099 2
      vertex 8.66055 4.50385 1.6
      vertex 8.66055 4.50385 2
    endloop
  endfacet
  facet normal -0.664411 0.747367 0
    outer loop
      vertex 8.80052 4.68067 1.6
      vertex 8.72214 4.61099 2
      vertex 8.80052 4.68067 2
    endloop
  endfacet
  facet normal -0.664411 0.747367 0
    outer loop
      vertex 8.72214 4.61099 2
      vertex 8.80052 4.68067 1.6
      vertex 8.72214 4.61099 1.6
    endloop
  endfacet
  facet normal -0.366612 0.930374 0
    outer loop
      vertex 8.89764 4.71894 1.6
      vertex 8.80052 4.68067 2
      vertex 8.89764 4.71894 2
    endloop
  endfacet
  facet normal -0.366612 0.930374 0
    outer loop
      vertex 8.80052 4.68067 2
      vertex 8.89764 4.71894 1.6
      vertex 8.80052 4.68067 1.6
    endloop
  endfacet
  facet normal -0.107577 0.994197 0
    outer loop
      vertex 9.01538 4.73168 1.6
      vertex 8.89764 4.71894 2
      vertex 9.01538 4.73168 2
    endloop
  endfacet
  facet normal -0.107577 0.994197 0
    outer loop
      vertex 8.89764 4.71894 2
      vertex 9.01538 4.73168 1.6
      vertex 8.89764 4.71894 1.6
    endloop
  endfacet
  facet normal 0.112328 0.993671 -0
    outer loop
      vertex 9.12578 4.7192 1.6
      vertex 9.01538 4.73168 2
      vertex 9.12578 4.7192 2
    endloop
  endfacet
  facet normal 0.112328 0.993671 0
    outer loop
      vertex 9.01538 4.73168 2
      vertex 9.12578 4.7192 1.6
      vertex 9.01538 4.73168 1.6
    endloop
  endfacet
  facet normal 0.375172 0.926955 -0
    outer loop
      vertex 9.21826 4.68177 1.6
      vertex 9.12578 4.7192 2
      vertex 9.21826 4.68177 2
    endloop
  endfacet
  facet normal 0.375172 0.926955 0
    outer loop
      vertex 9.12578 4.7192 2
      vertex 9.21826 4.68177 1.6
      vertex 9.12578 4.7192 1.6
    endloop
  endfacet
  facet normal 0.671756 0.740772 -0
    outer loop
      vertex 9.29393 4.61315 1.6
      vertex 9.21826 4.68177 2
      vertex 9.29393 4.61315 2
    endloop
  endfacet
  facet normal 0.671756 0.740772 0
    outer loop
      vertex 9.21826 4.68177 2
      vertex 9.29393 4.61315 1.6
      vertex 9.21826 4.68177 1.6
    endloop
  endfacet
  facet normal 0.870627 0.491944 0
    outer loop
      vertex 9.35387 4.50707 2
      vertex 9.29393 4.61315 1.6
      vertex 9.29393 4.61315 2
    endloop
  endfacet
  facet normal 0.870627 0.491944 0
    outer loop
      vertex 9.29393 4.61315 1.6
      vertex 9.35387 4.50707 2
      vertex 9.35387 4.50707 1.6
    endloop
  endfacet
  facet normal 0.95583 0.293921 0
    outer loop
      vertex 9.39891 4.3606 2
      vertex 9.35387 4.50707 1.6
      vertex 9.35387 4.50707 2
    endloop
  endfacet
  facet normal 0.95583 0.293921 0
    outer loop
      vertex 9.35387 4.50707 1.6
      vertex 9.39891 4.3606 2
      vertex 9.39891 4.3606 1.6
    endloop
  endfacet
  facet normal 0.986991 0.160773 0
    outer loop
      vertex 9.42984 4.17072 2
      vertex 9.39891 4.3606 1.6
      vertex 9.39891 4.3606 2
    endloop
  endfacet
  facet normal 0.986991 0.160773 0
    outer loop
      vertex 9.39891 4.3606 1.6
      vertex 9.42984 4.17072 2
      vertex 9.42984 4.17072 1.6
    endloop
  endfacet
  facet normal 0.997218 0.0745374 0
    outer loop
      vertex 9.44774 3.93124 2
      vertex 9.42984 4.17072 1.6
      vertex 9.42984 4.17072 2
    endloop
  endfacet
  facet normal 0.997218 0.0745374 0
    outer loop
      vertex 9.42984 4.17072 1.6
      vertex 9.44774 3.93124 2
      vertex 9.44774 3.93124 1.6
    endloop
  endfacet
  facet normal 0.999795 0.0202396 0
    outer loop
      vertex 9.45372 3.63584 2
      vertex 9.44774 3.93124 1.6
      vertex 9.44774 3.93124 2
    endloop
  endfacet
  facet normal 0.999795 0.0202396 0
    outer loop
      vertex 9.44774 3.93124 1.6
      vertex 9.45372 3.63584 2
      vertex 9.45372 3.63584 1.6
    endloop
  endfacet
  facet normal 0.999766 -0.0216173 0
    outer loop
      vertex 9.44748 3.34725 2
      vertex 9.45372 3.63584 1.6
      vertex 9.45372 3.63584 2
    endloop
  endfacet
  facet normal 0.999766 -0.0216173 0
    outer loop
      vertex 9.45372 3.63584 1.6
      vertex 9.44748 3.34725 2
      vertex 9.44748 3.34725 1.6
    endloop
  endfacet
  facet normal 0.996883 -0.0788943 0
    outer loop
      vertex 9.42876 3.11071 2
      vertex 9.44748 3.34725 1.6
      vertex 9.44748 3.34725 2
    endloop
  endfacet
  facet normal 0.996883 -0.0788943 0
    outer loop
      vertex 9.44748 3.34725 1.6
      vertex 9.42876 3.11071 2
      vertex 9.42876 3.11071 1.6
    endloop
  endfacet
  facet normal 0.985806 -0.167889 0
    outer loop
      vertex 9.39647 2.92111 2
      vertex 9.42876 3.11071 1.6
      vertex 9.42876 3.11071 2
    endloop
  endfacet
  facet normal 0.985806 -0.167889 0
    outer loop
      vertex 9.42876 3.11071 1.6
      vertex 9.39647 2.92111 2
      vertex 9.39647 2.92111 1.6
    endloop
  endfacet
  facet normal 0.953143 -0.30252 0
    outer loop
      vertex 9.34955 2.77328 2
      vertex 9.39647 2.92111 1.6
      vertex 9.39647 2.92111 2
    endloop
  endfacet
  facet normal 0.953143 -0.30252 0
    outer loop
      vertex 9.39647 2.92111 1.6
      vertex 9.34955 2.77328 2
      vertex 9.34955 2.77328 1.6
    endloop
  endfacet
  facet normal 0.868337 -0.495975 0
    outer loop
      vertex 9.28772 2.66503 2
      vertex 9.34955 2.77328 1.6
      vertex 9.34955 2.77328 2
    endloop
  endfacet
  facet normal 0.868337 -0.495975 0
    outer loop
      vertex 9.34955 2.77328 1.6
      vertex 9.28772 2.66503 2
      vertex 9.28772 2.66503 1.6
    endloop
  endfacet
  facet normal 0.676659 -0.736297 0
    outer loop
      vertex 9.21068 2.59423 1.6
      vertex 9.28772 2.66503 2
      vertex 9.21068 2.59423 2
    endloop
  endfacet
  facet normal 0.676659 -0.736297 0
    outer loop
      vertex 9.28772 2.66503 2
      vertex 9.21068 2.59423 1.6
      vertex 9.28772 2.66503 1.6
    endloop
  endfacet
  facet normal 0.386019 -0.922491 0
    outer loop
      vertex 9.11736 2.55518 1.6
      vertex 9.21068 2.59423 2
      vertex 9.11736 2.55518 2
    endloop
  endfacet
  facet normal 0.386019 -0.922491 0
    outer loop
      vertex 9.21068 2.59423 2
      vertex 9.11736 2.55518 1.6
      vertex 9.21068 2.59423 1.6
    endloop
  endfacet
  facet normal 0.116763 -0.99316 0
    outer loop
      vertex 9.0067 2.54217 1.6
      vertex 9.11736 2.55518 2
      vertex 9.0067 2.54217 2
    endloop
  endfacet
  facet normal 0.116763 -0.99316 0
    outer loop
      vertex 9.11736 2.55518 2
      vertex 9.0067 2.54217 1.6
      vertex 9.11736 2.55518 1.6
    endloop
  endfacet
  facet normal -0.113446 -0.993544 0
    outer loop
      vertex 8.89276 2.55518 1.6
      vertex 9.0067 2.54217 2
      vertex 8.89276 2.55518 2
    endloop
  endfacet
  facet normal -0.113446 -0.993544 -0
    outer loop
      vertex 9.0067 2.54217 2
      vertex 8.89276 2.55518 1.6
      vertex 9.0067 2.54217 1.6
    endloop
  endfacet
  facet normal -0.287651 0.957735 0
    outer loop
      vertex 13.0463 2.14399 1.6
      vertex 12.8431 2.08296 2
      vertex 13.0463 2.14399 2
    endloop
  endfacet
  facet normal -0.287651 0.957735 0
    outer loop
      vertex 12.8431 2.08296 2
      vertex 13.0463 2.14399 1.6
      vertex 12.8431 2.08296 1.6
    endloop
  endfacet
  facet normal -0.509951 0.860204 0
    outer loop
      vertex 13.2275 2.25141 1.6
      vertex 13.0463 2.14399 2
      vertex 13.2275 2.25141 2
    endloop
  endfacet
  facet normal -0.509951 0.860204 0
    outer loop
      vertex 13.0463 2.14399 2
      vertex 13.2275 2.25141 1.6
      vertex 13.0463 2.14399 1.6
    endloop
  endfacet
  facet normal -0.716904 0.697171 0
    outer loop
      vertex 13.2275 2.25141 1.6
      vertex 13.3826 2.4109 2
      vertex 13.3826 2.4109 1.6
    endloop
  endfacet
  facet normal -0.716904 0.697171 0
    outer loop
      vertex 13.3826 2.4109 2
      vertex 13.2275 2.25141 1.6
      vertex 13.2275 2.25141 2
    endloop
  endfacet
  facet normal -0.860796 0.50895 0
    outer loop
      vertex 13.3826 2.4109 1.6
      vertex 13.5093 2.62519 2
      vertex 13.5093 2.62519 1.6
    endloop
  endfacet
  facet normal -0.860796 0.50895 0
    outer loop
      vertex 13.5093 2.62519 2
      vertex 13.3826 2.4109 1.6
      vertex 13.3826 2.4109 2
    endloop
  endfacet
  facet normal -0.943127 0.332432 0
    outer loop
      vertex 13.5093 2.62519 1.6
      vertex 13.6051 2.89698 2
      vertex 13.6051 2.89698 1.6
    endloop
  endfacet
  facet normal -0.943127 0.332432 0
    outer loop
      vertex 13.6051 2.89698 2
      vertex 13.5093 2.62519 1.6
      vertex 13.5093 2.62519 2
    endloop
  endfacet
  facet normal -0.984234 0.176874 0
    outer loop
      vertex 13.6051 2.89698 1.6
      vertex 13.6653 3.23197 2
      vertex 13.6653 3.23197 1.6
    endloop
  endfacet
  facet normal -0.984234 0.176874 0
    outer loop
      vertex 13.6653 3.23197 2
      vertex 13.6051 2.89698 1.6
      vertex 13.6051 2.89698 2
    endloop
  endfacet
  facet normal -0.998776 0.0494603 0
    outer loop
      vertex 13.6653 3.23197 1.6
      vertex 13.6853 3.63584 2
      vertex 13.6853 3.63584 1.6
    endloop
  endfacet
  facet normal -0.998776 0.0494603 0
    outer loop
      vertex 13.6853 3.63584 2
      vertex 13.6653 3.23197 1.6
      vertex 13.6653 3.23197 2
    endloop
  endfacet
  facet normal -0.998914 -0.0465931 0
    outer loop
      vertex 13.6853 3.63584 1.6
      vertex 13.6656 4.05819 2
      vertex 13.6656 4.05819 1.6
    endloop
  endfacet
  facet normal -0.998914 -0.0465931 0
    outer loop
      vertex 13.6656 4.05819 2
      vertex 13.6853 3.63584 1.6
      vertex 13.6853 3.63584 2
    endloop
  endfacet
  facet normal -0.985299 -0.170836 0
    outer loop
      vertex 13.6656 4.05819 1.6
      vertex 13.6062 4.40078 2
      vertex 13.6062 4.40078 1.6
    endloop
  endfacet
  facet normal -0.985299 -0.170836 0
    outer loop
      vertex 13.6062 4.40078 2
      vertex 13.6656 4.05819 1.6
      vertex 13.6656 4.05819 2
    endloop
  endfacet
  facet normal -0.944744 -0.327809 0
    outer loop
      vertex 13.6062 4.40078 1.6
      vertex 13.5118 4.67284 2
      vertex 13.5118 4.67284 1.6
    endloop
  endfacet
  facet normal -0.944744 -0.327809 0
    outer loop
      vertex 13.5118 4.67284 2
      vertex 13.6062 4.40078 1.6
      vertex 13.6062 4.40078 2
    endloop
  endfacet
  facet normal -0.860461 -0.509516 0
    outer loop
      vertex 13.5118 4.67284 1.6
      vertex 13.387 4.8836 2
      vertex 13.387 4.8836 1.6
    endloop
  endfacet
  facet normal -0.860461 -0.509516 0
    outer loop
      vertex 13.387 4.8836 2
      vertex 13.5118 4.67284 1.6
      vertex 13.5118 4.67284 2
    endloop
  endfacet
  facet normal -0.707661 -0.706552 0
    outer loop
      vertex 13.387 4.8836 1.6
      vertex 13.234 5.03684 2
      vertex 13.234 5.03684 1.6
    endloop
  endfacet
  facet normal -0.707661 -0.706552 0
    outer loop
      vertex 13.234 5.03684 2
      vertex 13.387 4.8836 1.6
      vertex 13.387 4.8836 2
    endloop
  endfacet
  facet normal -0.485829 -0.874054 0
    outer loop
      vertex 13.0549 5.13639 1.6
      vertex 13.234 5.03684 2
      vertex 13.0549 5.13639 2
    endloop
  endfacet
  facet normal -0.485829 -0.874054 -0
    outer loop
      vertex 13.234 5.03684 2
      vertex 13.0549 5.13639 1.6
      vertex 13.234 5.03684 1.6
    endloop
  endfacet
  facet normal -0.263338 -0.964704 0
    outer loop
      vertex 12.8551 5.19093 1.6
      vertex 13.0549 5.13639 2
      vertex 12.8551 5.19093 2
    endloop
  endfacet
  facet normal -0.263338 -0.964704 -0
    outer loop
      vertex 13.0549 5.13639 2
      vertex 12.8551 5.19093 1.6
      vertex 13.0549 5.13639 1.6
    endloop
  endfacet
  facet normal -0.0839401 -0.996471 0
    outer loop
      vertex 12.6394 5.2091 1.6
      vertex 12.8551 5.19093 2
      vertex 12.6394 5.2091 2
    endloop
  endfacet
  facet normal -0.0839401 -0.996471 -0
    outer loop
      vertex 12.8551 5.19093 2
      vertex 12.6394 5.2091 1.6
      vertex 12.8551 5.19093 1.6
    endloop
  endfacet
  facet normal 0.0794065 -0.996842 0
    outer loop
      vertex 12.4113 5.19093 1.6
      vertex 12.6394 5.2091 2
      vertex 12.4113 5.19093 2
    endloop
  endfacet
  facet normal 0.0794065 -0.996842 0
    outer loop
      vertex 12.6394 5.2091 2
      vertex 12.4113 5.19093 1.6
      vertex 12.6394 5.2091 1.6
    endloop
  endfacet
  facet normal 0.254783 -0.966998 0
    outer loop
      vertex 12.2043 5.13639 1.6
      vertex 12.4113 5.19093 2
      vertex 12.2043 5.13639 2
    endloop
  endfacet
  facet normal 0.254783 -0.966998 0
    outer loop
      vertex 12.4113 5.19093 2
      vertex 12.2043 5.13639 1.6
      vertex 12.4113 5.19093 1.6
    endloop
  endfacet
  facet normal 0.478869 -0.877886 0
    outer loop
      vertex 12.0218 5.03684 1.6
      vertex 12.2043 5.13639 2
      vertex 12.0218 5.03684 2
    endloop
  endfacet
  facet normal 0.478869 -0.877886 0
    outer loop
      vertex 12.2043 5.13639 2
      vertex 12.0218 5.03684 1.6
      vertex 12.2043 5.13639 1.6
    endloop
  endfacet
  facet normal 0.703287 -0.710906 0
    outer loop
      vertex 11.8669 4.8836 1.6
      vertex 12.0218 5.03684 2
      vertex 11.8669 4.8836 2
    endloop
  endfacet
  facet normal 0.703287 -0.710906 0
    outer loop
      vertex 12.0218 5.03684 2
      vertex 11.8669 4.8836 1.6
      vertex 12.0218 5.03684 1.6
    endloop
  endfacet
  facet normal 0.860103 -0.51012 0
    outer loop
      vertex 11.7419 4.67284 2
      vertex 11.8669 4.8836 1.6
      vertex 11.8669 4.8836 2
    endloop
  endfacet
  facet normal 0.860103 -0.51012 0
    outer loop
      vertex 11.8669 4.8836 1.6
      vertex 11.7419 4.67284 2
      vertex 11.7419 4.67284 1.6
    endloop
  endfacet
  facet normal 0.946135 -0.323771 0
    outer loop
      vertex 11.6488 4.40078 2
      vertex 11.7419 4.67284 1.6
      vertex 11.7419 4.67284 2
    endloop
  endfacet
  facet normal 0.946135 -0.323771 0
    outer loop
      vertex 11.7419 4.67284 1.6
      vertex 11.6488 4.40078 2
      vertex 11.6488 4.40078 1.6
    endloop
  endfacet
  facet normal 0.986064 -0.166364 0
    outer loop
      vertex 11.591 4.05819 2
      vertex 11.6488 4.40078 1.6
      vertex 11.6488 4.40078 2
    endloop
  endfacet
  facet normal 0.986064 -0.166364 0
    outer loop
      vertex 11.6488 4.40078 1.6
      vertex 11.591 4.05819 2
      vertex 11.591 4.05819 1.6
    endloop
  endfacet
  facet normal 0.998968 -0.045413 0
    outer loop
      vertex 11.5718 3.63584 2
      vertex 11.591 4.05819 1.6
      vertex 11.591 4.05819 2
    endloop
  endfacet
  facet normal 0.998968 -0.045413 0
    outer loop
      vertex 11.591 4.05819 1.6
      vertex 11.5718 3.63584 2
      vertex 11.5718 3.63584 1.6
    endloop
  endfacet
  facet normal 0.998846 0.0480333 0
    outer loop
      vertex 11.5913 3.23034 2
      vertex 11.5718 3.63584 1.6
      vertex 11.5718 3.63584 2
    endloop
  endfacet
  facet normal 0.998846 0.0480333 0
    outer loop
      vertex 11.5718 3.63584 1.6
      vertex 11.5913 3.23034 2
      vertex 11.5913 3.23034 1.6
    endloop
  endfacet
  facet normal 0.985089 0.172045 0
    outer loop
      vertex 11.6499 2.89481 2
      vertex 11.5913 3.23034 1.6
      vertex 11.5913 3.23034 2
    endloop
  endfacet
  facet normal 0.985089 0.172045 0
    outer loop
      vertex 11.5913 3.23034 1.6
      vertex 11.6499 2.89481 2
      vertex 11.6499 2.89481 1.6
    endloop
  endfacet
  facet normal 0.945827 0.324671 0
    outer loop
      vertex 11.7432 2.62301 2
      vertex 11.6499 2.89481 1.6
      vertex 11.6499 2.89481 2
    endloop
  endfacet
  facet normal 0.945827 0.324671 0
    outer loop
      vertex 11.6499 2.89481 1.6
      vertex 11.7432 2.62301 2
      vertex 11.7432 2.62301 1.6
    endloop
  endfacet
  facet normal 0.866051 0.499956 0
    outer loop
      vertex 11.8669 2.40873 2
      vertex 11.7432 2.62301 1.6
      vertex 11.7432 2.62301 2
    endloop
  endfacet
  facet normal 0.866051 0.499956 0
    outer loop
      vertex 11.7432 2.62301 1.6
      vertex 11.8669 2.40873 2
      vertex 11.8669 2.40873 1.6
    endloop
  endfacet
  facet normal 0.722409 0.691466 0
    outer loop
      vertex 12.0193 2.24951 2
      vertex 11.8669 2.40873 1.6
      vertex 11.8669 2.40873 2
    endloop
  endfacet
  facet normal 0.722409 0.691466 0
    outer loop
      vertex 11.8669 2.40873 1.6
      vertex 12.0193 2.24951 2
      vertex 12.0193 2.24951 1.6
    endloop
  endfacet
  facet normal 0.510406 0.859934 -0
    outer loop
      vertex 12.1989 2.14291 1.6
      vertex 12.0193 2.24951 2
      vertex 12.1989 2.14291 2
    endloop
  endfacet
  facet normal 0.510406 0.859934 0
    outer loop
      vertex 12.0193 2.24951 2
      vertex 12.1989 2.14291 1.6
      vertex 12.0193 2.24951 1.6
    endloop
  endfacet
  facet normal 0.285218 0.958463 -0
    outer loop
      vertex 12.4013 2.08268 1.6
      vertex 12.1989 2.14291 2
      vertex 12.4013 2.08268 2
    endloop
  endfacet
  facet normal 0.285218 0.958463 0
    outer loop
      vertex 12.1989 2.14291 2
      vertex 12.4013 2.08268 1.6
      vertex 12.1989 2.14291 1.6
    endloop
  endfacet
  facet normal 0.0904788 0.995898 -0
    outer loop
      vertex 12.6221 2.06262 1.6
      vertex 12.4013 2.08268 2
      vertex 12.6221 2.06262 2
    endloop
  endfacet
  facet normal 0.0904788 0.995898 0
    outer loop
      vertex 12.4013 2.08268 2
      vertex 12.6221 2.06262 1.6
      vertex 12.4013 2.08268 1.6
    endloop
  endfacet
  facet normal -0.0916489 0.995791 0
    outer loop
      vertex 12.8431 2.08296 1.6
      vertex 12.6221 2.06262 2
      vertex 12.8431 2.08296 2
    endloop
  endfacet
  facet normal -0.0916489 0.995791 0
    outer loop
      vertex 12.6221 2.06262 2
      vertex 12.8431 2.08296 1.6
      vertex 12.6221 2.06262 1.6
    endloop
  endfacet
  facet normal -0.382251 -0.924059 0
    outer loop
      vertex 12.4181 2.59423 1.6
      vertex 12.5125 2.55518 2
      vertex 12.4181 2.59423 2
    endloop
  endfacet
  facet normal -0.382251 -0.924059 -0
    outer loop
      vertex 12.5125 2.55518 2
      vertex 12.4181 2.59423 1.6
      vertex 12.5125 2.55518 1.6
    endloop
  endfacet
  facet normal -0.679236 -0.73392 0
    outer loop
      vertex 12.3416 2.66503 1.6
      vertex 12.4181 2.59423 2
      vertex 12.3416 2.66503 2
    endloop
  endfacet
  facet normal -0.679236 -0.73392 -0
    outer loop
      vertex 12.4181 2.59423 2
      vertex 12.3416 2.66503 1.6
      vertex 12.4181 2.59423 1.6
    endloop
  endfacet
  facet normal -0.873948 -0.48602 0
    outer loop
      vertex 12.3416 2.66503 1.6
      vertex 12.2814 2.77328 2
      vertex 12.2814 2.77328 1.6
    endloop
  endfacet
  facet normal -0.873948 -0.48602 0
    outer loop
      vertex 12.2814 2.77328 2
      vertex 12.3416 2.66503 1.6
      vertex 12.3416 2.66503 2
    endloop
  endfacet
  facet normal -0.956479 -0.291803 0
    outer loop
      vertex 12.2814 2.77328 1.6
      vertex 12.2363 2.92111 2
      vertex 12.2363 2.92111 1.6
    endloop
  endfacet
  facet normal -0.956479 -0.291803 0
    outer loop
      vertex 12.2363 2.92111 2
      vertex 12.2814 2.77328 1.6
      vertex 12.2814 2.77328 2
    endloop
  endfacet
  facet normal -0.986978 -0.160853 0
    outer loop
      vertex 12.2363 2.92111 1.6
      vertex 12.2054 3.11071 2
      vertex 12.2054 3.11071 1.6
    endloop
  endfacet
  facet normal -0.986978 -0.160853 0
    outer loop
      vertex 12.2054 3.11071 2
      vertex 12.2363 2.92111 1.6
      vertex 12.2363 2.92111 2
    endloop
  endfacet
  facet normal -0.997149 -0.0754586 0
    outer loop
      vertex 12.2054 3.11071 1.6
      vertex 12.1875 3.34725 2
      vertex 12.1875 3.34725 1.6
    endloop
  endfacet
  facet normal -0.997149 -0.0754586 0
    outer loop
      vertex 12.1875 3.34725 2
      vertex 12.2054 3.11071 1.6
      vertex 12.2054 3.11071 2
    endloop
  endfacet
  facet normal -0.999784 -0.0207862 0
    outer loop
      vertex 12.1875 3.34725 1.6
      vertex 12.1815 3.63584 2
      vertex 12.1815 3.63584 1.6
    endloop
  endfacet
  facet normal -0.999784 -0.0207862 0
    outer loop
      vertex 12.1815 3.63584 2
      vertex 12.1875 3.34725 1.6
      vertex 12.1875 3.34725 2
    endloop
  endfacet
  facet normal -0.99981 0.0195081 0
    outer loop
      vertex 12.1815 3.63584 1.6
      vertex 12.1872 3.92797 2
      vertex 12.1872 3.92797 1.6
    endloop
  endfacet
  facet normal -0.99981 0.0195081 0
    outer loop
      vertex 12.1872 3.92797 2
      vertex 12.1815 3.63584 1.6
      vertex 12.1815 3.63584 2
    endloop
  endfacet
  facet normal -0.997438 0.0715324 0
    outer loop
      vertex 12.1872 3.92797 1.6
      vertex 12.2043 4.16641 2
      vertex 12.2043 4.16641 1.6
    endloop
  endfacet
  facet normal -0.997438 0.0715324 0
    outer loop
      vertex 12.2043 4.16641 2
      vertex 12.1872 3.92797 1.6
      vertex 12.1872 3.92797 2
    endloop
  endfacet
  facet normal -0.98746 0.157869 0
    outer loop
      vertex 12.2043 4.16641 1.6
      vertex 12.2347 4.35656 2
      vertex 12.2347 4.35656 1.6
    endloop
  endfacet
  facet normal -0.98746 0.157869 0
    outer loop
      vertex 12.2347 4.35656 2
      vertex 12.2043 4.16641 1.6
      vertex 12.2043 4.16641 2
    endloop
  endfacet
  facet normal -0.955267 0.295744 0
    outer loop
      vertex 12.2347 4.35656 1.6
      vertex 12.2803 4.50385 2
      vertex 12.2803 4.50385 1.6
    endloop
  endfacet
  facet normal -0.955267 0.295744 0
    outer loop
      vertex 12.2803 4.50385 2
      vertex 12.2347 4.35656 1.6
      vertex 12.2347 4.35656 2
    endloop
  endfacet
  facet normal -0.867275 0.497829 0
    outer loop
      vertex 12.2803 4.50385 1.6
      vertex 12.3418 4.61099 2
      vertex 12.3418 4.61099 1.6
    endloop
  endfacet
  facet normal -0.867275 0.497829 0
    outer loop
      vertex 12.3418 4.61099 2
      vertex 12.2803 4.50385 1.6
      vertex 12.2803 4.50385 2
    endloop
  endfacet
  facet normal -0.664316 0.747451 0
    outer loop
      vertex 12.4202 4.68067 1.6
      vertex 12.3418 4.61099 2
      vertex 12.4202 4.68067 2
    endloop
  endfacet
  facet normal -0.664316 0.747451 0
    outer loop
      vertex 12.3418 4.61099 2
      vertex 12.4202 4.68067 1.6
      vertex 12.3418 4.61099 1.6
    endloop
  endfacet
  facet normal -0.366678 0.930348 0
    outer loop
      vertex 12.5173 4.71894 1.6
      vertex 12.4202 4.68067 2
      vertex 12.5173 4.71894 2
    endloop
  endfacet
  facet normal -0.366678 0.930348 0
    outer loop
      vertex 12.4202 4.68067 2
      vertex 12.5173 4.71894 1.6
      vertex 12.4202 4.68067 1.6
    endloop
  endfacet
  facet normal -0.107522 0.994203 0
    outer loop
      vertex 12.6351 4.73168 1.6
      vertex 12.5173 4.71894 2
      vertex 12.6351 4.73168 2
    endloop
  endfacet
  facet normal -0.107522 0.994203 0
    outer loop
      vertex 12.5173 4.71894 2
      vertex 12.6351 4.73168 1.6
      vertex 12.5173 4.71894 1.6
    endloop
  endfacet
  facet normal 0.112328 0.993671 -0
    outer loop
      vertex 12.7455 4.7192 1.6
      vertex 12.6351 4.73168 2
      vertex 12.7455 4.7192 2
    endloop
  endfacet
  facet normal 0.112328 0.993671 0
    outer loop
      vertex 12.6351 4.73168 2
      vertex 12.7455 4.7192 1.6
      vertex 12.6351 4.73168 1.6
    endloop
  endfacet
  facet normal 0.375103 0.926983 -0
    outer loop
      vertex 12.838 4.68177 1.6
      vertex 12.7455 4.7192 2
      vertex 12.838 4.68177 2
    endloop
  endfacet
  facet normal 0.375103 0.926983 0
    outer loop
      vertex 12.7455 4.7192 2
      vertex 12.838 4.68177 1.6
      vertex 12.7455 4.7192 1.6
    endloop
  endfacet
  facet normal 0.672097 0.740463 -0
    outer loop
      vertex 12.9136 4.61315 1.6
      vertex 12.838 4.68177 2
      vertex 12.9136 4.61315 2
    endloop
  endfacet
  facet normal 0.672097 0.740463 0
    outer loop
      vertex 12.838 4.68177 2
      vertex 12.9136 4.61315 1.6
      vertex 12.838 4.68177 1.6
    endloop
  endfacet
  facet normal 0.870416 0.492317 0
    outer loop
      vertex 12.9736 4.50707 2
      vertex 12.9136 4.61315 1.6
      vertex 12.9136 4.61315 2
    endloop
  endfacet
  facet normal 0.870416 0.492317 0
    outer loop
      vertex 12.9136 4.61315 1.6
      vertex 12.9736 4.50707 2
      vertex 12.9736 4.50707 1.6
    endloop
  endfacet
  facet normal 0.955903 0.293682 0
    outer loop
      vertex 13.0186 4.3606 2
      vertex 12.9736 4.50707 1.6
      vertex 12.9736 4.50707 2
    endloop
  endfacet
  facet normal 0.955903 0.293682 0
    outer loop
      vertex 12.9736 4.50707 1.6
      vertex 13.0186 4.3606 2
      vertex 13.0186 4.3606 1.6
    endloop
  endfacet
  facet normal 0.987016 0.160621 0
    outer loop
      vertex 13.0495 4.17072 2
      vertex 13.0186 4.3606 1.6
      vertex 13.0186 4.3606 2
    endloop
  endfacet
  facet normal 0.987016 0.160621 0
    outer loop
      vertex 13.0186 4.3606 1.6
      vertex 13.0495 4.17072 2
      vertex 13.0495 4.17072 1.6
    endloop
  endfacet
  facet normal 0.997218 0.0745374 0
    outer loop
      vertex 13.0674 3.93124 2
      vertex 13.0495 4.17072 1.6
      vertex 13.0495 4.17072 2
    endloop
  endfacet
  facet normal 0.997218 0.0745374 0
    outer loop
      vertex 13.0495 4.17072 1.6
      vertex 13.0674 3.93124 2
      vertex 13.0674 3.93124 1.6
    endloop
  endfacet
  facet normal 0.999794 0.0203073 0
    outer loop
      vertex 13.0734 3.63584 2
      vertex 13.0674 3.93124 1.6
      vertex 13.0674 3.93124 2
    endloop
  endfacet
  facet normal 0.999794 0.0203073 0
    outer loop
      vertex 13.0674 3.93124 1.6
      vertex 13.0734 3.63584 2
      vertex 13.0734 3.63584 1.6
    endloop
  endfacet
  facet normal 0.999769 -0.0214788 0
    outer loop
      vertex 13.0672 3.34725 2
      vertex 13.0734 3.63584 1.6
      vertex 13.0734 3.63584 2
    endloop
  endfacet
  facet normal 0.999769 -0.0214788 0
    outer loop
      vertex 13.0734 3.63584 1.6
      vertex 13.0672 3.34725 2
      vertex 13.0672 3.34725 1.6
    endloop
  endfacet
  facet normal 0.99689 -0.0788105 0
    outer loop
      vertex 13.0485 3.11071 2
      vertex 13.0672 3.34725 1.6
      vertex 13.0672 3.34725 2
    endloop
  endfacet
  facet normal 0.99689 -0.0788105 0
    outer loop
      vertex 13.0672 3.34725 1.6
      vertex 13.0485 3.11071 2
      vertex 13.0485 3.11071 1.6
    endloop
  endfacet
  facet normal 0.985797 -0.167939 0
    outer loop
      vertex 13.0162 2.92111 2
      vertex 13.0485 3.11071 1.6
      vertex 13.0485 3.11071 2
    endloop
  endfacet
  facet normal 0.985797 -0.167939 0
    outer loop
      vertex 13.0485 3.11071 1.6
      vertex 13.0162 2.92111 2
      vertex 13.0162 2.92111 1.6
    endloop
  endfacet
  facet normal 0.95318 -0.302402 0
    outer loop
      vertex 12.9693 2.77328 2
      vertex 13.0162 2.92111 1.6
      vertex 13.0162 2.92111 2
    endloop
  endfacet
  facet normal 0.95318 -0.302402 0
    outer loop
      vertex 13.0162 2.92111 1.6
      vertex 12.9693 2.77328 2
      vertex 12.9693 2.77328 1.6
    endloop
  endfacet
  facet normal 0.868095 -0.496398 0
    outer loop
      vertex 12.9074 2.66503 2
      vertex 12.9693 2.77328 1.6
      vertex 12.9693 2.77328 2
    endloop
  endfacet
  facet normal 0.868095 -0.496398 0
    outer loop
      vertex 12.9693 2.77328 1.6
      vertex 12.9074 2.66503 2
      vertex 12.9074 2.66503 1.6
    endloop
  endfacet
  facet normal 0.676849 -0.736122 0
    outer loop
      vertex 12.8304 2.59423 1.6
      vertex 12.9074 2.66503 2
      vertex 12.8304 2.59423 2
    endloop
  endfacet
  facet normal 0.676849 -0.736122 0
    outer loop
      vertex 12.9074 2.66503 2
      vertex 12.8304 2.59423 1.6
      vertex 12.9074 2.66503 1.6
    endloop
  endfacet
  facet normal 0.386089 -0.922461 0
    outer loop
      vertex 12.7371 2.55518 1.6
      vertex 12.8304 2.59423 2
      vertex 12.7371 2.55518 2
    endloop
  endfacet
  facet normal 0.386089 -0.922461 0
    outer loop
      vertex 12.8304 2.59423 2
      vertex 12.7371 2.55518 1.6
      vertex 12.8304 2.59423 1.6
    endloop
  endfacet
  facet normal 0.116722 -0.993165 0
    outer loop
      vertex 12.6264 2.54217 1.6
      vertex 12.7371 2.55518 2
      vertex 12.6264 2.54217 2
    endloop
  endfacet
  facet normal 0.116722 -0.993165 0
    outer loop
      vertex 12.7371 2.55518 2
      vertex 12.6264 2.54217 1.6
      vertex 12.7371 2.55518 1.6
    endloop
  endfacet
  facet normal -0.113485 -0.99354 0
    outer loop
      vertex 12.5125 2.55518 1.6
      vertex 12.6264 2.54217 2
      vertex 12.5125 2.55518 2
    endloop
  endfacet
  facet normal -0.113485 -0.99354 -0
    outer loop
      vertex 12.6264 2.54217 2
      vertex 12.5125 2.55518 1.6
      vertex 12.6264 2.54217 1.6
    endloop
  endfacet
  facet normal -0.218144 0.975917 0
    outer loop
      vertex 15.5393 2.12988 1.6
      vertex 15.3136 2.07943 2
      vertex 15.5393 2.12988 2
    endloop
  endfacet
  facet normal -0.218144 0.975917 0
    outer loop
      vertex 15.3136 2.07943 2
      vertex 15.5393 2.12988 1.6
      vertex 15.3136 2.07943 1.6
    endloop
  endfacet
  facet normal -0.3933 0.91941 0
    outer loop
      vertex 15.7276 2.21043 1.6
      vertex 15.5393 2.12988 2
      vertex 15.7276 2.21043 2
    endloop
  endfacet
  facet normal -0.3933 0.91941 0
    outer loop
      vertex 15.5393 2.12988 2
      vertex 15.7276 2.21043 1.6
      vertex 15.5393 2.12988 1.6
    endloop
  endfacet
  facet normal -0.575082 0.818095 0
    outer loop
      vertex 15.88 2.31756 1.6
      vertex 15.7276 2.21043 2
      vertex 15.88 2.31756 2
    endloop
  endfacet
  facet normal -0.575082 0.818095 0
    outer loop
      vertex 15.7276 2.21043 2
      vertex 15.88 2.31756 1.6
      vertex 15.7276 2.21043 1.6
    endloop
  endfacet
  facet normal -0.747384 0.664392 0
    outer loop
      vertex 15.88 2.31756 1.6
      vertex 15.9972 2.4494 2
      vertex 15.9972 2.4494 1.6
    endloop
  endfacet
  facet normal -0.747384 0.664392 0
    outer loop
      vertex 15.9972 2.4494 2
      vertex 15.88 2.31756 1.6
      vertex 15.88 2.31756 2
    endloop
  endfacet
  facet normal -0.88228 0.470724 0
    outer loop
      vertex 15.9972 2.4494 1.6
      vertex 16.0797 2.60403 2
      vertex 16.0797 2.60403 1.6
    endloop
  endfacet
  facet normal -0.88228 0.470724 0
    outer loop
      vertex 16.0797 2.60403 2
      vertex 15.9972 2.4494 1.6
      vertex 15.9972 2.4494 2
    endloop
  endfacet
  facet normal -0.962796 0.270228 0
    outer loop
      vertex 16.0797 2.60403 1.6
      vertex 16.1285 2.7779 2
      vertex 16.1285 2.7779 1.6
    endloop
  endfacet
  facet normal -0.962796 0.270228 0
    outer loop
      vertex 16.1285 2.7779 2
      vertex 16.0797 2.60403 1.6
      vertex 16.0797 2.60403 2
    endloop
  endfacet
  facet normal -0.996325 0.08565 0
    outer loop
      vertex 16.1285 2.7779 1.6
      vertex 16.1448 2.96751 2
      vertex 16.1448 2.96751 1.6
    endloop
  endfacet
  facet normal -0.996325 0.08565 0
    outer loop
      vertex 16.1448 2.96751 2
      vertex 16.1285 2.7779 1.6
      vertex 16.1285 2.7779 2
    endloop
  endfacet
  facet normal -0.996991 -0.0775165 0
    outer loop
      vertex 16.1448 2.96751 1.6
      vertex 16.1328 3.12185 2
      vertex 16.1328 3.12185 1.6
    endloop
  endfacet
  facet normal -0.996991 -0.0775165 0
    outer loop
      vertex 16.1328 3.12185 2
      vertex 16.1448 2.96751 1.6
      vertex 16.1448 2.96751 2
    endloop
  endfacet
  facet normal -0.967737 -0.251963 0
    outer loop
      vertex 16.1328 3.12185 1.6
      vertex 16.097 3.25935 2
      vertex 16.097 3.25935 1.6
    endloop
  endfacet
  facet normal -0.967737 -0.251963 0
    outer loop
      vertex 16.097 3.25935 2
      vertex 16.1328 3.12185 1.6
      vertex 16.1328 3.12185 2
    endloop
  endfacet
  facet normal -0.903431 -0.428734 0
    outer loop
      vertex 16.097 3.25935 1.6
      vertex 16.0401 3.37925 2
      vertex 16.0401 3.37925 1.6
    endloop
  endfacet
  facet normal -0.903431 -0.428734 0
    outer loop
      vertex 16.0401 3.37925 2
      vertex 16.097 3.25935 1.6
      vertex 16.097 3.25935 2
    endloop
  endfacet
  facet normal -0.802575 -0.596551 0
    outer loop
      vertex 16.0401 3.37925 1.6
      vertex 15.9647 3.48069 2
      vertex 15.9647 3.48069 1.6
    endloop
  endfacet
  facet normal -0.802575 -0.596551 0
    outer loop
      vertex 15.9647 3.48069 2
      vertex 16.0401 3.37925 1.6
      vertex 16.0401 3.37925 2
    endloop
  endfacet
  facet normal -0.670249 -0.742136 0
    outer loop
      vertex 15.8722 3.56423 1.6
      vertex 15.9647 3.48069 2
      vertex 15.8722 3.56423 2
    endloop
  endfacet
  facet normal -0.670249 -0.742136 -0
    outer loop
      vertex 15.9647 3.48069 2
      vertex 15.8722 3.56423 1.6
      vertex 15.9647 3.48069 1.6
    endloop
  endfacet
  facet normal -0.521431 -0.853294 0
    outer loop
      vertex 15.7639 3.63041 1.6
      vertex 15.8722 3.56423 2
      vertex 15.7639 3.63041 2
    endloop
  endfacet
  facet normal -0.521431 -0.853294 -0
    outer loop
      vertex 15.8722 3.56423 2
      vertex 15.7639 3.63041 1.6
      vertex 15.8722 3.56423 1.6
    endloop
  endfacet
  facet normal -0.373179 -0.927759 0
    outer loop
      vertex 15.6432 3.67896 1.6
      vertex 15.7639 3.63041 2
      vertex 15.6432 3.67896 2
    endloop
  endfacet
  facet normal -0.373179 -0.927759 -0
    outer loop
      vertex 15.7639 3.63041 2
      vertex 15.6432 3.67896 1.6
      vertex 15.7639 3.63041 1.6
    endloop
  endfacet
  facet normal -0.229574 -0.973291 0
    outer loop
      vertex 15.5133 3.7096 1.6
      vertex 15.6432 3.67896 2
      vertex 15.5133 3.7096 2
    endloop
  endfacet
  facet normal -0.229574 -0.973291 -0
    outer loop
      vertex 15.6432 3.67896 2
      vertex 15.5133 3.7096 1.6
      vertex 15.6432 3.67896 1.6
    endloop
  endfacet
  facet normal -1 0 0
    outer loop
      vertex 15.5133 3.7096 1.6
      vertex 15.5133 3.71832 2
      vertex 15.5133 3.71832 1.6
    endloop
  endfacet
  facet normal -1 -0 0
    outer loop
      vertex 15.5133 3.71832 2
      vertex 15.5133 3.7096 1.6
      vertex 15.5133 3.7096 2
    endloop
  endfacet
  facet normal -0.274598 0.961559 0
    outer loop
      vertex 15.6367 3.75356 1.6
      vertex 15.5133 3.71832 2
      vertex 15.6367 3.75356 2
    endloop
  endfacet
  facet normal -0.274598 0.961559 0
    outer loop
      vertex 15.5133 3.71832 2
      vertex 15.6367 3.75356 1.6
      vertex 15.5133 3.71832 1.6
    endloop
  endfacet
  facet normal -0.439085 0.898445 0
    outer loop
      vertex 15.7466 3.80727 1.6
      vertex 15.6367 3.75356 2
      vertex 15.7466 3.80727 2
    endloop
  endfacet
  facet normal -0.439085 0.898445 0
    outer loop
      vertex 15.6367 3.75356 2
      vertex 15.7466 3.80727 1.6
      vertex 15.6367 3.75356 1.6
    endloop
  endfacet
  facet normal -0.59239 0.805651 0
    outer loop
      vertex 15.8418 3.87727 1.6
      vertex 15.7466 3.80727 2
      vertex 15.8418 3.87727 2
    endloop
  endfacet
  facet normal -0.59239 0.805651 0
    outer loop
      vertex 15.7466 3.80727 2
      vertex 15.8418 3.87727 1.6
      vertex 15.7466 3.80727 1.6
    endloop
  endfacet
  facet normal -0.727092 0.68654 0
    outer loop
      vertex 15.8418 3.87727 1.6
      vertex 15.9212 3.96136 2
      vertex 15.9212 3.96136 1.6
    endloop
  endfacet
  facet normal -0.727092 0.68654 0
    outer loop
      vertex 15.9212 3.96136 2
      vertex 15.8418 3.87727 1.6
      vertex 15.8418 3.87727 2
    endloop
  endfacet
  facet normal -0.835585 0.549361 0
    outer loop
      vertex 15.9212 3.96136 1.6
      vertex 15.9845 4.05764 2
      vertex 15.9845 4.05764 1.6
    endloop
  endfacet
  facet normal -0.835585 0.549361 0
    outer loop
      vertex 15.9845 4.05764 2
      vertex 15.9212 3.96136 1.6
      vertex 15.9212 3.96136 2
    endloop
  endfacet
  facet normal -0.91722 0.39838 0
    outer loop
      vertex 15.9845 4.05764 1.6
      vertex 16.0308 4.16424 2
      vertex 16.0308 4.16424 1.6
    endloop
  endfacet
  facet normal -0.91722 0.39838 0
    outer loop
      vertex 16.0308 4.16424 2
      vertex 15.9845 4.05764 1.6
      vertex 15.9845 4.05764 2
    endloop
  endfacet
  facet normal -0.969972 0.243218 0
    outer loop
      vertex 16.0308 4.16424 1.6
      vertex 16.0593 4.2779 2
      vertex 16.0593 4.2779 1.6
    endloop
  endfacet
  facet normal -0.969972 0.243218 0
    outer loop
      vertex 16.0593 4.2779 2
      vertex 16.0308 4.16424 1.6
      vertex 16.0308 4.16424 2
    endloop
  endfacet
  facet normal -0.996744 0.0806358 0
    outer loop
      vertex 16.0593 4.2779 1.6
      vertex 16.0688 4.39533 2
      vertex 16.0688 4.39533 1.6
    endloop
  endfacet
  facet normal -0.996744 0.0806358 0
    outer loop
      vertex 16.0688 4.39533 2
      vertex 16.0593 4.2779 1.6
      vertex 16.0593 4.2779 2
    endloop
  endfacet
  facet normal -0.996142 -0.0877607 0
    outer loop
      vertex 16.0688 4.39533 1.6
      vertex 16.0536 4.56786 2
      vertex 16.0536 4.56786 1.6
    endloop
  endfacet
  facet normal -0.996142 -0.0877607 0
    outer loop
      vertex 16.0536 4.56786 2
      vertex 16.0688 4.39533 1.6
      vertex 16.0688 4.39533 2
    endloop
  endfacet
  facet normal -0.960639 -0.2778 0
    outer loop
      vertex 16.0536 4.56786 1.6
      vertex 16.0081 4.7252 2
      vertex 16.0081 4.7252 1.6
    endloop
  endfacet
  facet normal -0.960639 -0.2778 0
    outer loop
      vertex 16.0081 4.7252 2
      vertex 16.0536 4.56786 1.6
      vertex 16.0536 4.56786 2
    endloop
  endfacet
  facet normal -0.87469 -0.484682 0
    outer loop
      vertex 16.0081 4.7252 1.6
      vertex 15.931 4.86434 2
      vertex 15.931 4.86434 1.6
    endloop
  endfacet
  facet normal -0.87469 -0.484682 0
    outer loop
      vertex 15.931 4.86434 2
      vertex 16.0081 4.7252 1.6
      vertex 16.0081 4.7252 2
    endloop
  endfacet
  facet normal -0.732619 -0.680639 0
    outer loop
      vertex 15.931 4.86434 1.6
      vertex 15.8214 4.98231 2
      vertex 15.8214 4.98231 1.6
    endloop
  endfacet
  facet normal -0.732619 -0.680639 0
    outer loop
      vertex 15.8214 4.98231 2
      vertex 15.931 4.86434 1.6
      vertex 15.931 4.86434 2
    endloop
  endfacet
  facet normal -0.555599 -0.83145 0
    outer loop
      vertex 15.6785 5.0778 1.6
      vertex 15.8214 4.98231 2
      vertex 15.6785 5.0778 2
    endloop
  endfacet
  facet normal -0.555599 -0.83145 -0
    outer loop
      vertex 15.8214 4.98231 2
      vertex 15.6785 5.0778 1.6
      vertex 15.8214 4.98231 1.6
    endloop
  endfacet
  facet normal -0.374908 -0.927062 0
    outer loop
      vertex 15.5014 5.14942 1.6
      vertex 15.6785 5.0778 2
      vertex 15.5014 5.14942 2
    endloop
  endfacet
  facet normal -0.374908 -0.927062 -0
    outer loop
      vertex 15.6785 5.0778 2
      vertex 15.5014 5.14942 1.6
      vertex 15.6785 5.0778 1.6
    endloop
  endfacet
  facet normal -0.206206 -0.978509 0
    outer loop
      vertex 15.289 5.19418 1.6
      vertex 15.5014 5.14942 2
      vertex 15.289 5.19418 2
    endloop
  endfacet
  facet normal -0.206206 -0.978509 -0
    outer loop
      vertex 15.5014 5.14942 2
      vertex 15.289 5.19418 1.6
      vertex 15.5014 5.14942 1.6
    endloop
  endfacet
  facet normal -0.0598843 -0.998205 0
    outer loop
      vertex 15.0403 5.2091 1.6
      vertex 15.289 5.19418 2
      vertex 15.0403 5.2091 2
    endloop
  endfacet
  facet normal -0.0598843 -0.998205 -0
    outer loop
      vertex 15.289 5.19418 2
      vertex 15.0403 5.2091 1.6
      vertex 15.289 5.19418 1.6
    endloop
  endfacet
  facet normal 0.0611127 -0.998131 0
    outer loop
      vertex 14.8056 5.19473 1.6
      vertex 15.0403 5.2091 2
      vertex 14.8056 5.19473 2
    endloop
  endfacet
  facet normal 0.0611127 -0.998131 0
    outer loop
      vertex 15.0403 5.2091 2
      vertex 14.8056 5.19473 1.6
      vertex 15.0403 5.2091 1.6
    endloop
  endfacet
  facet normal 0.206121 -0.978526 0
    outer loop
      vertex 14.6008 5.15159 1.6
      vertex 14.8056 5.19473 2
      vertex 14.6008 5.15159 2
    endloop
  endfacet
  facet normal 0.206121 -0.978526 0
    outer loop
      vertex 14.8056 5.19473 2
      vertex 14.6008 5.15159 1.6
      vertex 14.8056 5.19473 1.6
    endloop
  endfacet
  facet normal 0.371115 -0.928587 0
    outer loop
      vertex 14.4264 5.08189 1.6
      vertex 14.6008 5.15159 2
      vertex 14.4264 5.08189 2
    endloop
  endfacet
  facet normal 0.371115 -0.928587 0
    outer loop
      vertex 14.6008 5.15159 2
      vertex 14.4264 5.08189 1.6
      vertex 14.6008 5.15159 1.6
    endloop
  endfacet
  facet normal 0.548486 -0.83616 0
    outer loop
      vertex 14.2829 4.98776 1.6
      vertex 14.4264 5.08189 2
      vertex 14.2829 4.98776 2
    endloop
  endfacet
  facet normal 0.548486 -0.83616 0
    outer loop
      vertex 14.4264 5.08189 2
      vertex 14.2829 4.98776 1.6
      vertex 14.4264 5.08189 1.6
    endloop
  endfacet
  facet normal 0.721087 -0.692844 0
    outer loop
      vertex 14.1703 4.87057 2
      vertex 14.2829 4.98776 1.6
      vertex 14.2829 4.98776 2
    endloop
  endfacet
  facet normal 0.721087 -0.692844 0
    outer loop
      vertex 14.2829 4.98776 1.6
      vertex 14.1703 4.87057 2
      vertex 14.1703 4.87057 1.6
    endloop
  endfacet
  facet normal 0.862205 -0.506559 0
    outer loop
      vertex 14.0887 4.73168 2
      vertex 14.1703 4.87057 1.6
      vertex 14.1703 4.87057 2
    endloop
  endfacet
  facet normal 0.862205 -0.506559 0
    outer loop
      vertex 14.1703 4.87057 1.6
      vertex 14.0887 4.73168 2
      vertex 14.0887 4.73168 1.6
    endloop
  endfacet
  facet normal 0.954011 -0.299772 0
    outer loop
      vertex 14.0391 4.57383 2
      vertex 14.0887 4.73168 1.6
      vertex 14.0887 4.73168 2
    endloop
  endfacet
  facet normal 0.954011 -0.299772 0
    outer loop
      vertex 14.0887 4.73168 1.6
      vertex 14.0391 4.57383 2
      vertex 14.0391 4.57383 1.6
    endloop
  endfacet
  facet normal 0.995488 -0.09489 0
    outer loop
      vertex 14.0225 4.39968 2
      vertex 14.0391 4.57383 1.6
      vertex 14.0391 4.57383 2
    endloop
  endfacet
  facet normal 0.995488 -0.09489 0
    outer loop
      vertex 14.0391 4.57383 1.6
      vertex 14.0225 4.39968 2
      vertex 14.0225 4.39968 1.6
    endloop
  endfacet
  facet normal 0.996833 0.0795256 0
    outer loop
      vertex 14.032 4.2806 2
      vertex 14.0225 4.39968 1.6
      vertex 14.0225 4.39968 2
    endloop
  endfacet
  facet normal 0.996833 0.0795256 0
    outer loop
      vertex 14.0225 4.39968 1.6
      vertex 14.032 4.2806 2
      vertex 14.032 4.2806 1.6
    endloop
  endfacet
  facet normal 0.970237 0.242156 0
    outer loop
      vertex 14.0605 4.16641 2
      vertex 14.032 4.2806 1.6
      vertex 14.032 4.2806 2
    endloop
  endfacet
  facet normal 0.970237 0.242156 0
    outer loop
      vertex 14.032 4.2806 1.6
      vertex 14.0605 4.16641 2
      vertex 14.0605 4.16641 1.6
    endloop
  endfacet
  facet normal 0.916906 0.399103 0
    outer loop
      vertex 14.1069 4.05981 2
      vertex 14.0605 4.16641 1.6
      vertex 14.0605 4.16641 2
    endloop
  endfacet
  facet normal 0.916906 0.399103 0
    outer loop
      vertex 14.0605 4.16641 1.6
      vertex 14.1069 4.05981 2
      vertex 14.1069 4.05981 1.6
    endloop
  endfacet
  facet normal 0.836088 0.548596 0
    outer loop
      vertex 14.1701 3.96349 2
      vertex 14.1069 4.05981 1.6
      vertex 14.1069 4.05981 2
    endloop
  endfacet
  facet normal 0.836088 0.548596 0
    outer loop
      vertex 14.1069 4.05981 1.6
      vertex 14.1701 3.96349 2
      vertex 14.1701 3.96349 1.6
    endloop
  endfacet
  facet normal 0.730102 0.683338 0
    outer loop
      vertex 14.2493 3.87887 2
      vertex 14.1701 3.96349 1.6
      vertex 14.1701 3.96349 2
    endloop
  endfacet
  facet normal 0.730102 0.683338 0
    outer loop
      vertex 14.1701 3.96349 1.6
      vertex 14.2493 3.87887 2
      vertex 14.2493 3.87887 1.6
    endloop
  endfacet
  facet normal 0.604313 0.796747 -0
    outer loop
      vertex 14.3437 3.80727 1.6
      vertex 14.2493 3.87887 2
      vertex 14.3437 3.80727 2
    endloop
  endfacet
  facet normal 0.604313 0.796747 0
    outer loop
      vertex 14.2493 3.87887 2
      vertex 14.3437 3.80727 1.6
      vertex 14.2493 3.87887 1.6
    endloop
  endfacet
  facet normal 0.457802 0.889054 -0
    outer loop
      vertex 14.4522 3.7514 1.6
      vertex 14.3437 3.80727 2
      vertex 14.4522 3.7514 2
    endloop
  endfacet
  facet normal 0.457802 0.889054 0
    outer loop
      vertex 14.3437 3.80727 2
      vertex 14.4522 3.7514 1.6
      vertex 14.3437 3.80727 1.6
    endloop
  endfacet
  facet normal 0.294412 0.955679 -0
    outer loop
      vertex 14.5737 3.71397 1.6
      vertex 14.4522 3.7514 2
      vertex 14.5737 3.71397 2
    endloop
  endfacet
  facet normal 0.294412 0.955679 0
    outer loop
      vertex 14.4522 3.7514 2
      vertex 14.5737 3.71397 1.6
      vertex 14.4522 3.7514 1.6
    endloop
  endfacet
  facet normal 1 -0 0
    outer loop
      vertex 14.5737 3.70529 2
      vertex 14.5737 3.71397 1.6
      vertex 14.5737 3.71397 2
    endloop
  endfacet
  facet normal 1 0 0
    outer loop
      vertex 14.5737 3.71397 1.6
      vertex 14.5737 3.70529 2
      vertex 14.5737 3.70529 1.6
    endloop
  endfacet
  facet normal 0.235184 -0.971951 0
    outer loop
      vertex 14.456 3.67681 1.6
      vertex 14.5737 3.70529 2
      vertex 14.456 3.67681 2
    endloop
  endfacet
  facet normal 0.235184 -0.971951 0
    outer loop
      vertex 14.5737 3.70529 2
      vertex 14.456 3.67681 1.6
      vertex 14.5737 3.70529 1.6
    endloop
  endfacet
  facet normal 0.375574 -0.926793 0
    outer loop
      vertex 14.3415 3.63041 1.6
      vertex 14.456 3.67681 2
      vertex 14.3415 3.63041 2
    endloop
  endfacet
  facet normal 0.375574 -0.926793 0
    outer loop
      vertex 14.456 3.67681 2
      vertex 14.3415 3.63041 1.6
      vertex 14.456 3.67681 1.6
    endloop
  endfacet
  facet normal 0.520507 -0.853857 0
    outer loop
      vertex 14.2352 3.56561 1.6
      vertex 14.3415 3.63041 2
      vertex 14.2352 3.56561 2
    endloop
  endfacet
  facet normal 0.520507 -0.853857 0
    outer loop
      vertex 14.3415 3.63041 2
      vertex 14.2352 3.56561 1.6
      vertex 14.3415 3.63041 1.6
    endloop
  endfacet
  facet normal 0.667907 -0.744244 0
    outer loop
      vertex 14.1418 3.48179 1.6
      vertex 14.2352 3.56561 2
      vertex 14.1418 3.48179 2
    endloop
  endfacet
  facet normal 0.667907 -0.744244 0
    outer loop
      vertex 14.2352 3.56561 2
      vertex 14.1418 3.48179 1.6
      vertex 14.2352 3.56561 1.6
    endloop
  endfacet
  facet normal 0.794728 -0.606965 0
    outer loop
      vertex 14.0637 3.37953 2
      vertex 14.1418 3.48179 1.6
      vertex 14.1418 3.48179 2
    endloop
  endfacet
  facet normal 0.794728 -0.606965 0
    outer loop
      vertex 14.1418 3.48179 1.6
      vertex 14.0637 3.37953 2
      vertex 14.0637 3.37953 1.6
    endloop
  endfacet
  facet normal 0.892608 -0.450834 0
    outer loop
      vertex 14.003 3.25935 2
      vertex 14.0637 3.37953 1.6
      vertex 14.0637 3.37953 2
    endloop
  endfacet
  facet normal 0.892608 -0.450834 0
    outer loop
      vertex 14.0637 3.37953 1.6
      vertex 14.003 3.25935 2
      vertex 14.003 3.25935 1.6
    endloop
  endfacet
  facet normal 0.962425 -0.271546 0
    outer loop
      vertex 13.9639 3.12077 2
      vertex 14.003 3.25935 1.6
      vertex 14.003 3.25935 2
    endloop
  endfacet
  facet normal 0.962425 -0.271546 0
    outer loop
      vertex 14.003 3.25935 1.6
      vertex 13.9639 3.12077 2
      vertex 13.9639 3.12077 1.6
    endloop
  endfacet
  facet normal 0.996616 -0.0822029 0
    outer loop
      vertex 13.9509 2.96316 2
      vertex 13.9639 3.12077 1.6
      vertex 13.9639 3.12077 2
    endloop
  endfacet
  facet normal 0.996616 -0.0822029 0
    outer loop
      vertex 13.9639 3.12077 1.6
      vertex 13.9509 2.96316 2
      vertex 13.9509 2.96316 1.6
    endloop
  endfacet
  facet normal 0.996251 0.0865151 0
    outer loop
      vertex 13.9672 2.77546 2
      vertex 13.9509 2.96316 1.6
      vertex 13.9509 2.96316 2
    endloop
  endfacet
  facet normal 0.996251 0.0865151 0
    outer loop
      vertex 13.9509 2.96316 1.6
      vertex 13.9672 2.77546 2
      vertex 13.9672 2.77546 1.6
    endloop
  endfacet
  facet normal 0.962249 0.272171 0
    outer loop
      vertex 14.016 2.60293 2
      vertex 13.9672 2.77546 1.6
      vertex 13.9672 2.77546 2
    endloop
  endfacet
  facet normal 0.962249 0.272171 0
    outer loop
      vertex 13.9672 2.77546 1.6
      vertex 14.016 2.60293 2
      vertex 14.016 2.60293 1.6
    endloop
  endfacet
  facet normal 0.88076 0.473564 0
    outer loop
      vertex 14.0987 2.44912 2
      vertex 14.016 2.60293 1.6
      vertex 14.016 2.60293 2
    endloop
  endfacet
  facet normal 0.88076 0.473564 0
    outer loop
      vertex 14.016 2.60293 1.6
      vertex 14.0987 2.44912 2
      vertex 14.0987 2.44912 1.6
    endloop
  endfacet
  facet normal 0.74443 0.667701 0
    outer loop
      vertex 14.2167 2.31756 2
      vertex 14.0987 2.44912 1.6
      vertex 14.0987 2.44912 2
    endloop
  endfacet
  facet normal 0.74443 0.667701 0
    outer loop
      vertex 14.0987 2.44912 1.6
      vertex 14.2167 2.31756 2
      vertex 14.2167 2.31756 1.6
    endloop
  endfacet
  facet normal 0.572064 0.820209 -0
    outer loop
      vertex 14.3703 2.21043 1.6
      vertex 14.2167 2.31756 2
      vertex 14.3703 2.21043 2
    endloop
  endfacet
  facet normal 0.572064 0.820209 0
    outer loop
      vertex 14.2167 2.31756 2
      vertex 14.3703 2.21043 1.6
      vertex 14.2167 2.31756 1.6
    endloop
  endfacet
  facet normal 0.391542 0.92016 -0
    outer loop
      vertex 14.5596 2.12988 1.6
      vertex 14.3703 2.21043 2
      vertex 14.5596 2.12988 2
    endloop
  endfacet
  facet normal 0.391542 0.92016 0
    outer loop
      vertex 14.3703 2.21043 2
      vertex 14.5596 2.12988 1.6
      vertex 14.3703 2.21043 1.6
    endloop
  endfacet
  facet normal 0.21796 0.975958 -0
    outer loop
      vertex 14.7855 2.07943 1.6
      vertex 14.5596 2.12988 2
      vertex 14.7855 2.07943 2
    endloop
  endfacet
  facet normal 0.21796 0.975958 0
    outer loop
      vertex 14.5596 2.12988 2
      vertex 14.7855 2.07943 1.6
      vertex 14.5596 2.12988 1.6
    endloop
  endfacet
  facet normal 0.0636897 0.99797 -0
    outer loop
      vertex 15.0489 2.06262 1.6
      vertex 14.7855 2.07943 2
      vertex 15.0489 2.06262 2
    endloop
  endfacet
  facet normal 0.0636897 0.99797 0
    outer loop
      vertex 14.7855 2.07943 2
      vertex 15.0489 2.06262 1.6
      vertex 14.7855 2.07943 1.6
    endloop
  endfacet
  facet normal -0.0633782 0.99799 0
    outer loop
      vertex 15.3136 2.07943 1.6
      vertex 15.0489 2.06262 2
      vertex 15.3136 2.07943 2
    endloop
  endfacet
  facet normal -0.0633782 0.99799 0
    outer loop
      vertex 15.0489 2.06262 2
      vertex 15.3136 2.07943 1.6
      vertex 15.0489 2.06262 1.6
    endloop
  endfacet
  facet normal -0.310934 -0.950431 0
    outer loop
      vertex 14.8428 3.96349 1.6
      vertex 14.9323 3.93421 2
      vertex 14.8428 3.96349 2
    endloop
  endfacet
  facet normal -0.310934 -0.950431 -0
    outer loop
      vertex 14.9323 3.93421 2
      vertex 14.8428 3.96349 1.6
      vertex 14.9323 3.93421 1.6
    endloop
  endfacet
  facet normal -0.541454 -0.84073 0
    outer loop
      vertex 14.7733 4.00825 1.6
      vertex 14.8428 3.96349 2
      vertex 14.7733 4.00825 2
    endloop
  endfacet
  facet normal -0.541454 -0.84073 -0
    outer loop
      vertex 14.8428 3.96349 2
      vertex 14.7733 4.00825 1.6
      vertex 14.8428 3.96349 1.6
    endloop
  endfacet
  facet normal -0.732989 -0.680241 0
    outer loop
      vertex 14.7733 4.00825 1.6
      vertex 14.7212 4.06439 2
      vertex 14.7212 4.06439 1.6
    endloop
  endfacet
  facet normal -0.732989 -0.680241 0
    outer loop
      vertex 14.7212 4.06439 2
      vertex 14.7733 4.00825 1.6
      vertex 14.7733 4.00825 2
    endloop
  endfacet
  facet normal -0.874314 -0.485361 0
    outer loop
      vertex 14.7212 4.06439 1.6
      vertex 14.6846 4.13032 2
      vertex 14.6846 4.13032 1.6
    endloop
  endfacet
  facet normal -0.874314 -0.485361 0
    outer loop
      vertex 14.6846 4.13032 2
      vertex 14.7212 4.06439 1.6
      vertex 14.7212 4.06439 2
    endloop
  endfacet
  facet normal -0.954972 -0.296695 0
    outer loop
      vertex 14.6846 4.13032 1.6
      vertex 14.6616 4.20435 2
      vertex 14.6616 4.20435 1.6
    endloop
  endfacet
  facet normal -0.954972 -0.296695 0
    outer loop
      vertex 14.6616 4.20435 2
      vertex 14.6846 4.13032 1.6
      vertex 14.6846 4.13032 2
    endloop
  endfacet
  facet normal -0.988194 -0.153208 0
    outer loop
      vertex 14.6616 4.20435 1.6
      vertex 14.6494 4.28304 2
      vertex 14.6494 4.28304 1.6
    endloop
  endfacet
  facet normal -0.988194 -0.153208 0
    outer loop
      vertex 14.6494 4.28304 2
      vertex 14.6616 4.20435 1.6
      vertex 14.6616 4.20435 2
    endloop
  endfacet
  facet normal -0.998681 -0.0513429 0
    outer loop
      vertex 14.6494 4.28304 1.6
      vertex 14.6453 4.36279 2
      vertex 14.6453 4.36279 1.6
    endloop
  endfacet
  facet normal -0.998681 -0.0513429 0
    outer loop
      vertex 14.6453 4.36279 2
      vertex 14.6494 4.28304 1.6
      vertex 14.6494 4.28304 2
    endloop
  endfacet
  facet normal -0.99844 0.0558424 0
    outer loop
      vertex 14.6453 4.36279 1.6
      vertex 14.6502 4.4504 2
      vertex 14.6502 4.4504 1.6
    endloop
  endfacet
  facet normal -0.99844 0.0558424 0
    outer loop
      vertex 14.6502 4.4504 2
      vertex 14.6453 4.36279 1.6
      vertex 14.6453 4.36279 2
    endloop
  endfacet
  facet normal -0.983967 0.178348 0
    outer loop
      vertex 14.6502 4.4504 1.6
      vertex 14.6648 4.53095 2
      vertex 14.6648 4.53095 1.6
    endloop
  endfacet
  facet normal -0.983967 0.178348 0
    outer loop
      vertex 14.6648 4.53095 2
      vertex 14.6502 4.4504 1.6
      vertex 14.6502 4.4504 2
    endloop
  endfacet
  facet normal -0.939571 0.342354 0
    outer loop
      vertex 14.6648 4.53095 1.6
      vertex 14.6909 4.60258 2
      vertex 14.6909 4.60258 1.6
    endloop
  endfacet
  facet normal -0.939571 0.342354 0
    outer loop
      vertex 14.6909 4.60258 2
      vertex 14.6648 4.53095 1.6
      vertex 14.6648 4.53095 2
    endloop
  endfacet
  facet normal -0.841556 0.540169 0
    outer loop
      vertex 14.6909 4.60258 1.6
      vertex 14.7299 4.66334 2
      vertex 14.7299 4.66334 1.6
    endloop
  endfacet
  facet normal -0.841556 0.540169 0
    outer loop
      vertex 14.7299 4.66334 2
      vertex 14.6909 4.60258 1.6
      vertex 14.6909 4.60258 2
    endloop
  endfacet
  facet normal -0.680155 0.733068 0
    outer loop
      vertex 14.7831 4.7127 1.6
      vertex 14.7299 4.66334 2
      vertex 14.7831 4.7127 2
    endloop
  endfacet
  facet normal -0.680155 0.733068 0
    outer loop
      vertex 14.7299 4.66334 2
      vertex 14.7831 4.7127 1.6
      vertex 14.7299 4.66334 1.6
    endloop
  endfacet
  facet normal -0.479948 0.877297 0
    outer loop
      vertex 14.8515 4.75012 1.6
      vertex 14.7831 4.7127 2
      vertex 14.8515 4.75012 2
    endloop
  endfacet
  facet normal -0.479948 0.877297 0
    outer loop
      vertex 14.7831 4.7127 2
      vertex 14.8515 4.75012 1.6
      vertex 14.7831 4.7127 1.6
    endloop
  endfacet
  facet normal -0.267445 0.963573 0
    outer loop
      vertex 14.9366 4.77374 1.6
      vertex 14.8515 4.75012 2
      vertex 14.9366 4.77374 2
    endloop
  endfacet
  facet normal -0.267445 0.963573 0
    outer loop
      vertex 14.8515 4.75012 2
      vertex 14.9366 4.77374 1.6
      vertex 14.8515 4.75012 1.6
    endloop
  endfacet
  facet normal -0.0756744 0.997133 0
    outer loop
      vertex 15.0403 4.78161 1.6
      vertex 14.9366 4.77374 2
      vertex 15.0403 4.78161 2
    endloop
  endfacet
  facet normal -0.0756744 0.997133 0
    outer loop
      vertex 14.9366 4.77374 2
      vertex 15.0403 4.78161 1.6
      vertex 14.9366 4.77374 1.6
    endloop
  endfacet
  facet normal 0.0732851 0.997311 -0
    outer loop
      vertex 15.1474 4.77374 1.6
      vertex 15.0403 4.78161 2
      vertex 15.1474 4.77374 2
    endloop
  endfacet
  facet normal 0.0732851 0.997311 0
    outer loop
      vertex 15.0403 4.78161 2
      vertex 15.1474 4.77374 1.6
      vertex 15.0403 4.78161 1.6
    endloop
  endfacet
  facet normal 0.261729 0.965141 -0
    outer loop
      vertex 15.2345 4.75012 1.6
      vertex 15.1474 4.77374 2
      vertex 15.2345 4.75012 2
    endloop
  endfacet
  facet normal 0.261729 0.965141 0
    outer loop
      vertex 15.1474 4.77374 2
      vertex 15.2345 4.75012 1.6
      vertex 15.1474 4.77374 1.6
    endloop
  endfacet
  facet normal 0.476193 0.879341 -0
    outer loop
      vertex 15.3036 4.7127 1.6
      vertex 15.2345 4.75012 2
      vertex 15.3036 4.7127 2
    endloop
  endfacet
  facet normal 0.476193 0.879341 0
    outer loop
      vertex 15.2345 4.75012 2
      vertex 15.3036 4.7127 1.6
      vertex 15.2345 4.75012 1.6
    endloop
  endfacet
  facet normal 0.678097 0.734972 -0
    outer loop
      vertex 15.3571 4.66334 1.6
      vertex 15.3036 4.7127 2
      vertex 15.3571 4.66334 2
    endloop
  endfacet
  facet normal 0.678097 0.734972 0
    outer loop
      vertex 15.3036 4.7127 2
      vertex 15.3571 4.66334 1.6
      vertex 15.3036 4.7127 1.6
    endloop
  endfacet
  facet normal 0.841556 0.540169 0
    outer loop
      vertex 15.3961 4.60258 2
      vertex 15.3571 4.66334 1.6
      vertex 15.3571 4.66334 2
    endloop
  endfacet
  facet normal 0.841556 0.540169 0
    outer loop
      vertex 15.3571 4.66334 1.6
      vertex 15.3961 4.60258 2
      vertex 15.3961 4.60258 1.6
    endloop
  endfacet
  facet normal 0.939993 0.341195 0
    outer loop
      vertex 15.4221 4.53095 2
      vertex 15.3961 4.60258 1.6
      vertex 15.3961 4.60258 2
    endloop
  endfacet
  facet normal 0.939993 0.341195 0
    outer loop
      vertex 15.3961 4.60258 1.6
      vertex 15.4221 4.53095 2
      vertex 15.4221 4.53095 1.6
    endloop
  endfacet
  facet normal 0.983752 0.17953 0
    outer loop
      vertex 15.4368 4.4504 2
      vertex 15.4221 4.53095 1.6
      vertex 15.4221 4.53095 2
    endloop
  endfacet
  facet normal 0.983752 0.17953 0
    outer loop
      vertex 15.4221 4.53095 1.6
      vertex 15.4368 4.4504 2
      vertex 15.4368 4.4504 1.6
    endloop
  endfacet
  facet normal 0.99844 0.0558424 0
    outer loop
      vertex 15.4417 4.36279 2
      vertex 15.4368 4.4504 1.6
      vertex 15.4368 4.4504 2
    endloop
  endfacet
  facet normal 0.99844 0.0558424 0
    outer loop
      vertex 15.4368 4.4504 1.6
      vertex 15.4417 4.36279 2
      vertex 15.4417 4.36279 1.6
    endloop
  endfacet
  facet normal 0.999109 -0.0422105 0
    outer loop
      vertex 15.4384 4.28468 2
      vertex 15.4417 4.36279 1.6
      vertex 15.4417 4.36279 2
    endloop
  endfacet
  facet normal 0.999109 -0.0422105 0
    outer loop
      vertex 15.4417 4.36279 1.6
      vertex 15.4384 4.28468 2
      vertex 15.4384 4.28468 1.6
    endloop
  endfacet
  facet normal 0.992383 -0.123191 0
    outer loop
      vertex 15.4287 4.20654 2
      vertex 15.4384 4.28468 1.6
      vertex 15.4384 4.28468 2
    endloop
  endfacet
  facet normal 0.992383 -0.123191 0
    outer loop
      vertex 15.4384 4.28468 1.6
      vertex 15.4287 4.20654 2
      vertex 15.4287 4.20654 1.6
    endloop
  endfacet
  facet normal 0.965328 -0.26104 0
    outer loop
      vertex 15.4086 4.13221 2
      vertex 15.4287 4.20654 1.6
      vertex 15.4287 4.20654 2
    endloop
  endfacet
  facet normal 0.965328 -0.26104 0
    outer loop
      vertex 15.4287 4.20654 1.6
      vertex 15.4086 4.13221 2
      vertex 15.4086 4.13221 1.6
    endloop
  endfacet
  facet normal 0.889929 -0.4561 0
    outer loop
      vertex 15.3744 4.06548 2
      vertex 15.4086 4.13221 1.6
      vertex 15.4086 4.13221 2
    endloop
  endfacet
  facet normal 0.889929 -0.4561 0
    outer loop
      vertex 15.4086 4.13221 1.6
      vertex 15.3744 4.06548 2
      vertex 15.3744 4.06548 1.6
    endloop
  endfacet
  facet normal 0.746961 -0.664868 0
    outer loop
      vertex 15.3237 4.00852 2
      vertex 15.3744 4.06548 1.6
      vertex 15.3744 4.06548 2
    endloop
  endfacet
  facet normal 0.746961 -0.664868 0
    outer loop
      vertex 15.3744 4.06548 1.6
      vertex 15.3237 4.00852 2
      vertex 15.3237 4.00852 1.6
    endloop
  endfacet
  facet normal 0.542657 -0.839955 0
    outer loop
      vertex 15.254 3.96349 1.6
      vertex 15.3237 4.00852 2
      vertex 15.254 3.96349 2
    endloop
  endfacet
  facet normal 0.542657 -0.839955 0
    outer loop
      vertex 15.3237 4.00852 2
      vertex 15.254 3.96349 1.6
      vertex 15.3237 4.00852 1.6
    endloop
  endfacet
  facet normal 0.303272 -0.952904 0
    outer loop
      vertex 15.162 3.93421 1.6
      vertex 15.254 3.96349 2
      vertex 15.162 3.93421 2
    endloop
  endfacet
  facet normal 0.303272 -0.952904 0
    outer loop
      vertex 15.254 3.96349 2
      vertex 15.162 3.93421 1.6
      vertex 15.254 3.96349 1.6
    endloop
  endfacet
  facet normal 0.0827645 -0.996569 0
    outer loop
      vertex 15.0446 3.92446 1.6
      vertex 15.162 3.93421 2
      vertex 15.0446 3.92446 2
    endloop
  endfacet
  facet normal 0.0827645 -0.996569 0
    outer loop
      vertex 15.162 3.93421 2
      vertex 15.0446 3.92446 1.6
      vertex 15.162 3.93421 1.6
    endloop
  endfacet
  facet normal -0.0864956 -0.996252 0
    outer loop
      vertex 14.9323 3.93421 1.6
      vertex 15.0446 3.92446 2
      vertex 14.9323 3.93421 2
    endloop
  endfacet
  facet normal -0.0864956 -0.996252 -0
    outer loop
      vertex 15.0446 3.92446 2
      vertex 14.9323 3.93421 1.6
      vertex 15.0446 3.92446 1.6
    endloop
  endfacet
  facet normal -0.260446 -0.965488 0
    outer loop
      vertex 14.8254 2.52914 1.6
      vertex 14.9279 2.50149 2
      vertex 14.8254 2.52914 2
    endloop
  endfacet
  facet normal -0.260446 -0.965488 -0
    outer loop
      vertex 14.9279 2.50149 2
      vertex 14.8254 2.52914 1.6
      vertex 14.9279 2.50149 1.6
    endloop
  endfacet
  facet normal -0.478306 -0.878193 0
    outer loop
      vertex 14.7432 2.57391 1.6
      vertex 14.8254 2.52914 2
      vertex 14.7432 2.57391 2
    endloop
  endfacet
  facet normal -0.478306 -0.878193 -0
    outer loop
      vertex 14.8254 2.52914 2
      vertex 14.7432 2.57391 1.6
      vertex 14.8254 2.52914 1.6
    endloop
  endfacet
  facet normal -0.685139 -0.728413 0
    outer loop
      vertex 14.6789 2.63439 1.6
      vertex 14.7432 2.57391 2
      vertex 14.6789 2.63439 2
    endloop
  endfacet
  facet normal -0.685139 -0.728413 -0
    outer loop
      vertex 14.7432 2.57391 2
      vertex 14.6789 2.63439 1.6
      vertex 14.7432 2.57391 1.6
    endloop
  endfacet
  facet normal -0.846793 -0.531922 0
    outer loop
      vertex 14.6789 2.63439 1.6
      vertex 14.6317 2.70953 2
      vertex 14.6317 2.70953 1.6
    endloop
  endfacet
  facet normal -0.846793 -0.531922 0
    outer loop
      vertex 14.6317 2.70953 2
      vertex 14.6789 2.63439 1.6
      vertex 14.6789 2.63439 2
    endloop
  endfacet
  facet normal -0.944339 -0.328975 0
    outer loop
      vertex 14.6317 2.70953 1.6
      vertex 14.6008 2.79823 2
      vertex 14.6008 2.79823 1.6
    endloop
  endfacet
  facet normal -0.944339 -0.328975 0
    outer loop
      vertex 14.6008 2.79823 2
      vertex 14.6317 2.70953 1.6
      vertex 14.6317 2.70953 2
    endloop
  endfacet
  facet normal -0.985796 -0.16795 0
    outer loop
      vertex 14.6008 2.79823 1.6
      vertex 14.5837 2.8986 2
      vertex 14.5837 2.8986 1.6
    endloop
  endfacet
  facet normal -0.985796 -0.16795 0
    outer loop
      vertex 14.5837 2.8986 2
      vertex 14.6008 2.79823 1.6
      vertex 14.6008 2.79823 2
    endloop
  endfacet
  facet normal -0.998663 -0.0516925 0
    outer loop
      vertex 14.5837 2.8986 1.6
      vertex 14.578 3.00872 2
      vertex 14.578 3.00872 1.6
    endloop
  endfacet
  facet normal -0.998663 -0.0516925 0
    outer loop
      vertex 14.578 3.00872 2
      vertex 14.5837 2.8986 1.6
      vertex 14.5837 2.8986 2
    endloop
  endfacet
  facet normal -0.998213 0.0597544 0
    outer loop
      vertex 14.578 3.00872 1.6
      vertex 14.5837 3.10394 2
      vertex 14.5837 3.10394 1.6
    endloop
  endfacet
  facet normal -0.998213 0.0597544 0
    outer loop
      vertex 14.5837 3.10394 2
      vertex 14.578 3.00872 1.6
      vertex 14.578 3.00872 2
    endloop
  endfacet
  facet normal -0.982549 0.186002 0
    outer loop
      vertex 14.5837 3.10394 1.6
      vertex 14.6008 3.19427 2
      vertex 14.6008 3.19427 1.6
    endloop
  endfacet
  facet normal -0.982549 0.186002 0
    outer loop
      vertex 14.6008 3.19427 2
      vertex 14.5837 3.10394 1.6
      vertex 14.5837 3.10394 2
    endloop
  endfacet
  facet normal -0.938622 0.344948 0
    outer loop
      vertex 14.6008 3.19427 1.6
      vertex 14.6312 3.27699 2
      vertex 14.6312 3.27699 1.6
    endloop
  endfacet
  facet normal -0.938622 0.344948 0
    outer loop
      vertex 14.6312 3.27699 2
      vertex 14.6008 3.19427 1.6
      vertex 14.6008 3.19427 2
    endloop
  endfacet
  facet normal -0.846188 0.532885 0
    outer loop
      vertex 14.6312 3.27699 1.6
      vertex 14.6768 3.3494 2
      vertex 14.6768 3.3494 1.6
    endloop
  endfacet
  facet normal -0.846188 0.532885 0
    outer loop
      vertex 14.6768 3.3494 2
      vertex 14.6312 3.27699 1.6
      vertex 14.6312 3.27699 2
    endloop
  endfacet
  facet normal -0.69961 0.714525 0
    outer loop
      vertex 14.7386 3.40991 1.6
      vertex 14.6768 3.3494 2
      vertex 14.7386 3.40991 2
    endloop
  endfacet
  facet normal -0.69961 0.714525 0
    outer loop
      vertex 14.6768 3.3494 2
      vertex 14.7386 3.40991 1.6
      vertex 14.6768 3.3494 1.6
    endloop
  endfacet
  facet normal -0.509695 0.860355 0
    outer loop
      vertex 14.8178 3.45683 1.6
      vertex 14.7386 3.40991 2
      vertex 14.8178 3.45683 2
    endloop
  endfacet
  facet normal -0.509695 0.860355 0
    outer loop
      vertex 14.7386 3.40991 2
      vertex 14.8178 3.45683 1.6
      vertex 14.7386 3.40991 1.6
    endloop
  endfacet
  facet normal -0.292421 0.95629 0
    outer loop
      vertex 14.9163 3.48695 1.6
      vertex 14.8178 3.45683 2
      vertex 14.9163 3.48695 2
    endloop
  endfacet
  facet normal -0.292421 0.95629 0
    outer loop
      vertex 14.8178 3.45683 2
      vertex 14.9163 3.48695 1.6
      vertex 14.8178 3.45683 1.6
    endloop
  endfacet
  facet normal -0.0836523 0.996495 0
    outer loop
      vertex 15.0359 3.49699 1.6
      vertex 14.9163 3.48695 2
      vertex 15.0359 3.49699 2
    endloop
  endfacet
  facet normal -0.0836523 0.996495 0
    outer loop
      vertex 14.9163 3.48695 2
      vertex 15.0359 3.49699 1.6
      vertex 14.9163 3.48695 1.6
    endloop
  endfacet
  facet normal 0.0765333 0.997067 -0
    outer loop
      vertex 15.1667 3.48695 1.6
      vertex 15.0359 3.49699 2
      vertex 15.1667 3.48695 2
    endloop
  endfacet
  facet normal 0.0765333 0.997067 0
    outer loop
      vertex 15.0359 3.49699 2
      vertex 15.1667 3.48695 1.6
      vertex 15.0359 3.49699 1.6
    endloop
  endfacet
  facet normal 0.274048 0.961716 -0
    outer loop
      vertex 15.2724 3.45683 1.6
      vertex 15.1667 3.48695 2
      vertex 15.2724 3.45683 2
    endloop
  endfacet
  facet normal 0.274048 0.961716 0
    outer loop
      vertex 15.1667 3.48695 2
      vertex 15.2724 3.45683 1.6
      vertex 15.1667 3.48695 1.6
    endloop
  endfacet
  facet normal 0.488619 0.872497 -0
    outer loop
      vertex 15.3557 3.41018 1.6
      vertex 15.2724 3.45683 2
      vertex 15.3557 3.41018 2
    endloop
  endfacet
  facet normal 0.488619 0.872497 0
    outer loop
      vertex 15.2724 3.45683 2
      vertex 15.3557 3.41018 1.6
      vertex 15.2724 3.45683 1.6
    endloop
  endfacet
  facet normal 0.68663 0.727007 -0
    outer loop
      vertex 15.4189 3.35049 1.6
      vertex 15.3557 3.41018 2
      vertex 15.4189 3.35049 2
    endloop
  endfacet
  facet normal 0.68663 0.727007 0
    outer loop
      vertex 15.3557 3.41018 2
      vertex 15.4189 3.35049 1.6
      vertex 15.3557 3.41018 1.6
    endloop
  endfacet
  facet normal 0.845793 0.533511 0
    outer loop
      vertex 15.4639 3.27915 2
      vertex 15.4189 3.35049 1.6
      vertex 15.4189 3.35049 2
    endloop
  endfacet
  facet normal 0.845793 0.533511 0
    outer loop
      vertex 15.4189 3.35049 1.6
      vertex 15.4639 3.27915 2
      vertex 15.4639 3.27915 1.6
    endloop
  endfacet
  facet normal 0.943067 0.332603 0
    outer loop
      vertex 15.4927 3.19749 2
      vertex 15.4639 3.27915 1.6
      vertex 15.4639 3.27915 2
    endloop
  endfacet
  facet normal 0.943067 0.332603 0
    outer loop
      vertex 15.4639 3.27915 1.6
      vertex 15.4927 3.19749 2
      vertex 15.4927 3.19749 1.6
    endloop
  endfacet
  facet normal 0.985166 0.171605 0
    outer loop
      vertex 15.5081 3.10908 2
      vertex 15.4927 3.19749 1.6
      vertex 15.4927 3.19749 2
    endloop
  endfacet
  facet normal 0.985166 0.171605 0
    outer loop
      vertex 15.4927 3.19749 1.6
      vertex 15.5081 3.10908 2
      vertex 15.5081 3.10908 1.6
    endloop
  endfacet
  facet normal 0.998395 0.056628 0
    outer loop
      vertex 15.5133 3.0174 2
      vertex 15.5081 3.10908 1.6
      vertex 15.5081 3.10908 2
    endloop
  endfacet
  facet normal 0.998395 0.056628 0
    outer loop
      vertex 15.5081 3.10908 1.6
      vertex 15.5133 3.0174 2
      vertex 15.5133 3.0174 1.6
    endloop
  endfacet
  facet normal 0.998925 -0.0463662 0
    outer loop
      vertex 15.5081 2.90537 2
      vertex 15.5133 3.0174 1.6
      vertex 15.5133 3.0174 2
    endloop
  endfacet
  facet normal 0.998925 -0.0463662 0
    outer loop
      vertex 15.5133 3.0174 1.6
      vertex 15.5081 2.90537 2
      vertex 15.5081 2.90537 1.6
    endloop
  endfacet
  facet normal 0.988735 -0.149676 0
    outer loop
      vertex 15.4927 2.80364 2
      vertex 15.5081 2.90537 1.6
      vertex 15.5081 2.90537 2
    endloop
  endfacet
  facet normal 0.988735 -0.149676 0
    outer loop
      vertex 15.5081 2.90537 1.6
      vertex 15.4927 2.80364 2
      vertex 15.4927 2.80364 1.6
    endloop
  endfacet
  facet normal 0.95311 -0.302625 0
    outer loop
      vertex 15.4642 2.71388 2
      vertex 15.4927 2.80364 1.6
      vertex 15.4927 2.80364 2
    endloop
  endfacet
  facet normal 0.95311 -0.302625 0
    outer loop
      vertex 15.4927 2.80364 1.6
      vertex 15.4642 2.71388 2
      vertex 15.4642 2.71388 1.6
    endloop
  endfacet
  facet normal 0.865069 -0.501654 0
    outer loop
      vertex 15.42 2.63766 2
      vertex 15.4642 2.71388 1.6
      vertex 15.4642 2.71388 2
    endloop
  endfacet
  facet normal 0.865069 -0.501654 0
    outer loop
      vertex 15.4642 2.71388 1.6
      vertex 15.42 2.63766 2
      vertex 15.42 2.63766 1.6
    endloop
  endfacet
  facet normal 0.708773 -0.705436 0
    outer loop
      vertex 15.3587 2.57607 2
      vertex 15.42 2.63766 1.6
      vertex 15.42 2.63766 2
    endloop
  endfacet
  facet normal 0.708773 -0.705436 0
    outer loop
      vertex 15.42 2.63766 1.6
      vertex 15.3587 2.57607 2
      vertex 15.3587 2.57607 1.6
    endloop
  endfacet
  facet normal 0.498022 -0.867164 0
    outer loop
      vertex 15.2789 2.53024 1.6
      vertex 15.3587 2.57607 2
      vertex 15.2789 2.53024 2
    endloop
  endfacet
  facet normal 0.498022 -0.867164 0
    outer loop
      vertex 15.3587 2.57607 2
      vertex 15.2789 2.53024 1.6
      vertex 15.3587 2.57607 1.6
    endloop
  endfacet
  facet normal 0.271646 -0.962397 0
    outer loop
      vertex 15.178 2.50176 1.6
      vertex 15.2789 2.53024 2
      vertex 15.178 2.50176 2
    endloop
  endfacet
  facet normal 0.271646 -0.962397 0
    outer loop
      vertex 15.2789 2.53024 2
      vertex 15.178 2.50176 1.6
      vertex 15.2789 2.53024 1.6
    endloop
  endfacet
  facet normal 0.0758832 -0.997117 0
    outer loop
      vertex 15.0533 2.49227 1.6
      vertex 15.178 2.50176 2
      vertex 15.0533 2.49227 2
    endloop
  endfacet
  facet normal 0.0758832 -0.997117 0
    outer loop
      vertex 15.178 2.50176 2
      vertex 15.0533 2.49227 1.6
      vertex 15.178 2.50176 1.6
    endloop
  endfacet
  facet normal -0.0733268 -0.997308 0
    outer loop
      vertex 14.9279 2.50149 1.6
      vertex 15.0533 2.49227 2
      vertex 14.9279 2.50149 2
    endloop
  endfacet
  facet normal -0.0733268 -0.997308 -0
    outer loop
      vertex 15.0533 2.49227 2
      vertex 14.9279 2.50149 1.6
      vertex 15.0533 2.49227 1.6
    endloop
  endfacet
  facet normal 0 -1 0
    outer loop
      vertex 10.4918 2.76786 1.6
      vertex 11.1189 2.76786 2
      vertex 10.4918 2.76786 2
    endloop
  endfacet
  facet normal 0 -1 -0
    outer loop
      vertex 11.1189 2.76786 2
      vertex 10.4918 2.76786 1.6
      vertex 11.1189 2.76786 1.6
    endloop
  endfacet
  facet normal 1 -0 0
    outer loop
      vertex 10.4918 2.10601 2
      vertex 10.4918 2.76786 1.6
      vertex 10.4918 2.76786 2
    endloop
  endfacet
  facet normal 1 0 0
    outer loop
      vertex 10.4918 2.76786 1.6
      vertex 10.4918 2.10601 2
      vertex 10.4918 2.10601 1.6
    endloop
  endfacet
  facet normal 0 1 -0
    outer loop
      vertex 11.1189 2.10601 1.6
      vertex 10.4918 2.10601 2
      vertex 11.1189 2.10601 2
    endloop
  endfacet
  facet normal 0 1 0
    outer loop
      vertex 10.4918 2.10601 2
      vertex 11.1189 2.10601 1.6
      vertex 10.4918 2.10601 1.6
    endloop
  endfacet
  facet normal -1 0 0
    outer loop
      vertex 11.1189 2.10601 1.6
      vertex 11.1189 2.76786 2
      vertex 11.1189 2.76786 1.6
    endloop
  endfacet
  facet normal -1 -0 0
    outer loop
      vertex 11.1189 2.76786 2
      vertex 11.1189 2.10601 1.6
      vertex 11.1189 2.10601 2
    endloop
  endfacet
endsolid OpenSCAD_Model
